NDWI,elevation,classvalue,split,.geo
0.1265292,18,1,train,"{""geodesic"":false,""type"":""Point"",""coordinates"":[-13.171413106109867,15.644834409404558]}"
0.10979389,19,1,train,"{""geodesic"":false,""type"":""Point"",""coordinates"":[-13.311550290432512,15.799524301329939]}"
0.24610995,14,1,train,"{""geodesic"":false,""type"":""Point"",""coordinates"":[-13.160094333529962,15.585006611482198]}"
0.15278612,17,1,test,"{""geodesic"":false,""type"":""Point"",""coordinates"":[-13.294033142392182,15.689031521383239]}"
0.107040316,14,1,train,"{""geodesic"":false,""type"":""Point"",""coordinates"":[-13.273551553914256,15.585006611482198]}"
0.20380184,17,1,train,"{""geodesic"":false,""type"":""Point"",""coordinates"":[-13.015645235843541,15.514668524735638]}"
0.20381857,22,1,test,"{""geodesic"":false,""type"":""Point"",""coordinates"":[-13.01645371959925,15.520058416440357]}"
0.17794341,17,1,train,"{""geodesic"":false,""type"":""Point"",""coordinates"":[-13.222347582719443,15.577999752266065]}"
0.18391696,15,1,train,"{""geodesic"":false,""type"":""Point"",""coordinates"":[-13.231510398617463,15.590127008601678]}"
0.09882403,17,1,train,"{""geodesic"":false,""type"":""Point"",""coordinates"":[-13.191086210832085,15.656422676569699]}"
0.19859408,15,1,train,"{""geodesic"":false,""type"":""Point"",""coordinates"":[-13.190547221661612,15.525178813559837]}"
0.2726815,16,1,train,"{""geodesic"":false,""type"":""Point"",""coordinates"":[-13.174916535717934,15.502002279229554]}"
0.17590837,15,1,train,"{""geodesic"":false,""type"":""Point"",""coordinates"":[-13.203213467167698,15.656153181984465]}"
0.11844217,20,1,train,"{""geodesic"":false,""type"":""Point"",""coordinates"":[-13.02615552466774,15.519249932684648]}"
0.19753286,13,1,train,"{""geodesic"":false,""type"":""Point"",""coordinates"":[-13.208603358872415,15.58285065480031]}"
0.16926968,17,1,train,"{""geodesic"":false,""type"":""Point"",""coordinates"":[-13.335535308518503,15.70843513152022]}"
0.24145402,16,1,train,"{""geodesic"":false,""type"":""Point"",""coordinates"":[-13.01968765462208,15.427082784533987]}"
0.07295097,14,1,train,"{""geodesic"":false,""type"":""Point"",""coordinates"":[-13.086791806345808,15.447564373011911]}"
0.2030869,17,1,test,"{""geodesic"":false,""type"":""Point"",""coordinates"":[-13.075473033765903,15.44433043798908]}"
0.13646144,17,1,train,"{""geodesic"":false,""type"":""Point"",""coordinates"":[-13.140960217978215,15.50227177381479]}"
0.21203734,16,1,train,"{""geodesic"":false,""type"":""Point"",""coordinates"":[-13.319635127989589,15.675826286706682]}"
0.2652801,14,1,train,"{""geodesic"":false,""type"":""Point"",""coordinates"":[-13.185426824542132,15.538384048236395]}"
0.20003757,15,1,train,"{""geodesic"":false,""type"":""Point"",""coordinates"":[-13.167640181916566,15.49957682796243]}"
0.2976206,16,1,train,"{""geodesic"":false,""type"":""Point"",""coordinates"":[-13.3565558861669,15.732689644191447]}"
0.25465408,16,1,train,"{""geodesic"":false,""type"":""Point"",""coordinates"":[-13.272204080988077,15.671783867928143]}"
0.11407941,16,1,train,"{""geodesic"":false,""type"":""Point"",""coordinates"":[-13.342003178564164,15.704931701912153]}"
0.17491204,14,1,train,"{""geodesic"":false,""type"":""Point"",""coordinates"":[-13.201865994241519,15.547277369549178]}"
0.06926024,17,1,train,"{""geodesic"":false,""type"":""Point"",""coordinates"":[-13.1536264634843,15.479903723240213]}"
0.21224742,17,1,test,"{""geodesic"":false,""type"":""Point"",""coordinates"":[-13.137187293784914,15.566950474271396]}"
0.17372584,16,1,train,"{""geodesic"":false,""type"":""Point"",""coordinates"":[-13.18488783537166,15.64537339857503]}"
0.2508851,14,1,train,"{""geodesic"":false,""type"":""Point"",""coordinates"":[-13.152817979728592,15.516824481417526]}"
0.051979274,18,1,train,"{""geodesic"":false,""type"":""Point"",""coordinates"":[-13.278671951033738,15.608452640397717]}"
0.18684548,18,1,test,"{""geodesic"":false,""type"":""Point"",""coordinates"":[-13.102152997704252,15.43597610584677]}"
0.032663696,13,1,train,"{""geodesic"":false,""type"":""Point"",""coordinates"":[-13.11589722155128,15.447025383841439]}"
0.27393445,19,1,train,"{""geodesic"":false,""type"":""Point"",""coordinates"":[-13.028041986764391,15.510087116786629]}"
0.046378214,17,1,train,"{""geodesic"":false,""type"":""Point"",""coordinates"":[-13.37218657211058,15.760178091885505]}"
0.25942022,13,1,test,"{""geodesic"":false,""type"":""Point"",""coordinates"":[-13.149045055535291,15.57126238763517]}"
0.25151128,18,1,train,"{""geodesic"":false,""type"":""Point"",""coordinates"":[-13.27274307015855,15.681755167581871]}"
0.09965316,14,1,test,"{""geodesic"":false,""type"":""Point"",""coordinates"":[-13.176533503229349,15.512782062638989]}"
0.12329465,18,1,train,"{""geodesic"":false,""type"":""Point"",""coordinates"":[-13.175994514058877,15.651032784864983]}"
0.03174972,14,1,train,"{""geodesic"":false,""type"":""Point"",""coordinates"":[-13.235283322810766,15.619501918392388]}"
0.0898786,20,1,train,"{""geodesic"":false,""type"":""Point"",""coordinates"":[-13.148236571779583,15.549972315401536]}"
0.105317734,16,1,train,"{""geodesic"":false,""type"":""Point"",""coordinates"":[-13.367066174991098,15.726760763316259]}"
0.04326927,22,1,train,"{""geodesic"":false,""type"":""Point"",""coordinates"":[-13.215071228918076,15.660734589933474]}"
0.17230427,17,1,train,"{""geodesic"":false,""type"":""Point"",""coordinates"":[-13.233935849884586,15.638366539358897]}"
0.17706856,13,1,train,"{""geodesic"":false,""type"":""Point"",""coordinates"":[-13.266275200112888,15.706279174838333]}"
0.22929011,16,1,test,"{""geodesic"":false,""type"":""Point"",""coordinates"":[-13.356286391581664,15.803027730938005]}"
0.061024398,7,1,train,"{""geodesic"":false,""type"":""Point"",""coordinates"":[-13.234744333640293,15.720292893270598]}"
0.23887827,16,1,test,"{""geodesic"":false,""type"":""Point"",""coordinates"":[-13.294033142392182,15.666932965393897]}"
0.022674136,21,1,train,"{""geodesic"":false,""type"":""Point"",""coordinates"":[-13.247141084561143,15.701428272304089]}"
0.16286854,21,1,train,"{""geodesic"":false,""type"":""Point"",""coordinates"":[-13.044750651049014,15.451876286375684]}"
0.3174273,20,1,train,"{""geodesic"":false,""type"":""Point"",""coordinates"":[-13.352782961973599,15.732420149606211]}"
0.09047776,23,1,train,"{""geodesic"":false,""type"":""Point"",""coordinates"":[-13.04636761856043,15.483137658263043]}"
0.16634434,16,1,train,"{""geodesic"":false,""type"":""Point"",""coordinates"":[-13.239595236174539,15.62650877760852]}"
0.16736516,15,1,test,"{""geodesic"":false,""type"":""Point"",""coordinates"":[-13.260615813822936,15.572070871390876]}"
0.1280699,19,1,train,"{""geodesic"":false,""type"":""Point"",""coordinates"":[-13.242290182026897,15.69738585352555]}"
0.1506096,13,1,train,"{""geodesic"":false,""type"":""Point"",""coordinates"":[-13.216418701844255,15.568297947197575]}"
0.2282951,15,1,train,"{""geodesic"":false,""type"":""Point"",""coordinates"":[-13.361676283286382,15.765567983590222]}"
0.2435279,13,1,test,"{""geodesic"":false,""type"":""Point"",""coordinates"":[-13.171413106109867,15.55293675583913]}"
0.14692783,17,1,train,"{""geodesic"":false,""type"":""Point"",""coordinates"":[-13.273012564743786,15.778234229096308]}"
0.14165004,14,1,train,"{""geodesic"":false,""type"":""Point"",""coordinates"":[-13.17976743825218,15.511165095127573]}"
0.08840361,20,1,train,"{""geodesic"":false,""type"":""Point"",""coordinates"":[-13.245254622464492,15.699272315622201]}"
0.18726125,18,1,train,"{""geodesic"":false,""type"":""Point"",""coordinates"":[-13.028580975934863,15.522483867707479]}"
0.1295242,15,1,train,"{""geodesic"":false,""type"":""Point"",""coordinates"":[-13.242290182026897,15.732420149606211]}"
0.13482398,13,1,train,"{""geodesic"":false,""type"":""Point"",""coordinates"":[-13.313975741699636,15.688762026798003]}"
0.2282148,12,1,train,"{""geodesic"":false,""type"":""Point"",""coordinates"":[-13.128563467057367,15.553475745009603]}"
0.16977821,16,1,test,"{""geodesic"":false,""type"":""Point"",""coordinates"":[-13.1927031783435,15.64079199062602]}"
0.2620583,15,1,train,"{""geodesic"":false,""type"":""Point"",""coordinates"":[-13.17195209528034,15.579886214362716]}"
0.13836794,16,1,train,"{""geodesic"":false,""type"":""Point"",""coordinates"":[-13.31828765506341,15.720292893270598]}"
0.16617411,10,1,train,"{""geodesic"":false,""type"":""Point"",""coordinates"":[-13.084905344249158,15.493108957916771]}"
0.13428333,15,1,train,"{""geodesic"":false,""type"":""Point"",""coordinates"":[-13.297267077415013,15.669897405831492]}"
0.29387087,18,1,test,"{""geodesic"":false,""type"":""Point"",""coordinates"":[-13.341194694808456,15.753710221839844]}"
0.21121037,8,1,test,"{""geodesic"":false,""type"":""Point"",""coordinates"":[-13.089756246783402,15.559404625884792]}"
0.064402744,21,1,train,"{""geodesic"":false,""type"":""Point"",""coordinates"":[-13.322330073841947,15.765837478175458]}"
0.047711886,18,1,train,"{""geodesic"":false,""type"":""Point"",""coordinates"":[-13.281636391471332,15.72083188244107]}"
0.023692822,18,1,train,"{""geodesic"":false,""type"":""Point"",""coordinates"":[-13.103769965215667,15.448103362182383]}"
0.18246044,14,1,train,"{""geodesic"":false,""type"":""Point"",""coordinates"":[-13.158746860603783,15.514129535565168]}"
0.043600637,7,1,train,"{""geodesic"":false,""type"":""Point"",""coordinates"":[-13.286487294005578,15.80545318220513]}"
0.19624983,14,1,train,"{""geodesic"":false,""type"":""Point"",""coordinates"":[-13.080054441714912,15.514129535565168]}"
0.22386253,15,1,train,"{""geodesic"":false,""type"":""Point"",""coordinates"":[-13.170065633183688,15.504427730496676]}"
0.16858162,15,1,train,"{""geodesic"":false,""type"":""Point"",""coordinates"":[-13.3279894601319,15.674748308365738]}"
0.25610656,18,1,train,"{""geodesic"":false,""type"":""Point"",""coordinates"":[-13.275438016010908,15.682294156752342]}"
0.11040155,15,1,train,"{""geodesic"":false,""type"":""Point"",""coordinates"":[-13.32987592222855,15.66612448163819]}"
0.19580823,12,1,train,"{""geodesic"":false,""type"":""Point"",""coordinates"":[-13.190277727076378,15.55374523959484]}"
0.25081834,15,1,train,"{""geodesic"":false,""type"":""Point"",""coordinates"":[-13.154165452654773,15.565872495930451]}"
0.12133871,16,1,test,"{""geodesic"":false,""type"":""Point"",""coordinates"":[-13.202404983411991,15.600906792011113]}"
0.18081005,19,1,train,"{""geodesic"":false,""type"":""Point"",""coordinates"":[-13.02480805174156,15.52437032980413]}"
0.14222023,8,1,train,"{""geodesic"":false,""type"":""Point"",""coordinates"":[-13.233396860714114,15.624891810097104]}"
0.21928738,18,1,train,"{""geodesic"":false,""type"":""Point"",""coordinates"":[-13.373803539621996,15.740774481748522]}"
0.23335856,17,1,train,"{""geodesic"":false,""type"":""Point"",""coordinates"":[-13.362754261627325,15.764490005249279]}"
0.1099931,16,1,test,"{""geodesic"":false,""type"":""Point"",""coordinates"":[-13.114819243210338,15.447833867597147]}"
0.1375737,15,1,train,"{""geodesic"":false,""type"":""Point"",""coordinates"":[-13.239056247004067,15.589857514016444]}"
0.30771872,16,1,train,"{""geodesic"":false,""type"":""Point"",""coordinates"":[-13.146889098853404,15.524639824389366]}"
0.19172335,15,1,test,"{""geodesic"":false,""type"":""Point"",""coordinates"":[-13.166831698160857,15.55105029374248]}"
0.10480964,25,1,train,"{""geodesic"":false,""type"":""Point"",""coordinates"":[-13.236630795736945,15.667741449149606]}"
0.10957794,14,1,train,"{""geodesic"":false,""type"":""Point"",""coordinates"":[-13.114280254039866,15.594708416550688]}"
0.14267346,12,1,train,"{""geodesic"":false,""type"":""Point"",""coordinates"":[-13.295919604488834,15.607374662056774]}"
0.2137977,8,1,train,"{""geodesic"":false,""type"":""Point"",""coordinates"":[-13.047445596901373,15.477747766558327]}"
0.20394047,18,1,test,"{""geodesic"":false,""type"":""Point"",""coordinates"":[-13.070891625816893,15.433820149164882]}"
0.13031898,18,1,train,"{""geodesic"":false,""type"":""Point"",""coordinates"":[-13.337960759785627,15.808687117227958]}"
0.06581847,16,1,train,"{""geodesic"":false,""type"":""Point"",""coordinates"":[-13.129910939983546,15.45672718890993]}"
0.2038527,14,1,train,"{""geodesic"":false,""type"":""Point"",""coordinates"":[-13.225312023157038,15.580964192703659]}"
0.16864955,15,1,test,"{""geodesic"":false,""type"":""Point"",""coordinates"":[-13.233127366128878,15.589318524845972]}"
0.14886916,20,1,test,"{""geodesic"":false,""type"":""Point"",""coordinates"":[-13.205369423849586,15.672322857098616]}"
0.15255058,19,1,train,"{""geodesic"":false,""type"":""Point"",""coordinates"":[-13.247680073731615,15.563447044663329]}"
0.021627408,14,1,test,"{""geodesic"":false,""type"":""Point"",""coordinates"":[-13.321791084671474,15.668549932905313]}"
0.14104947,15,1,train,"{""geodesic"":false,""type"":""Point"",""coordinates"":[-13.057147401969864,15.476400293632148]}"
0.24990079,15,1,train,"{""geodesic"":false,""type"":""Point"",""coordinates"":[-13.156321409336659,15.562369066322386]}"
0.108616374,20,1,train,"{""geodesic"":false,""type"":""Point"",""coordinates"":[-13.18946924332067,15.669627911246257]}"
0.11942427,8,1,train,"{""geodesic"":false,""type"":""Point"",""coordinates"":[-13.237978268663124,15.675017802950974]}"
0.17206371,15,1,train,"{""geodesic"":false,""type"":""Point"",""coordinates"":[-13.333648846421852,15.708165636934984]}"
0.2112746,15,1,test,"{""geodesic"":false,""type"":""Point"",""coordinates"":[-13.080593430885383,15.513590546394695]}"
0.09117195,15,1,train,"{""geodesic"":false,""type"":""Point"",""coordinates"":[-13.36113729411591,15.83590607033678]}"
0.18248446,14,1,train,"{""geodesic"":false,""type"":""Point"",""coordinates"":[-13.250375019583974,15.598750835329227]}"
0.15346764,16,1,train,"{""geodesic"":false,""type"":""Point"",""coordinates"":[-13.003787474093164,15.51601599766182]}"
0.17665039,15,1,train,"{""geodesic"":false,""type"":""Point"",""coordinates"":[-13.03343187846911,15.424118344096392]}"
0.04085034,15,1,train,"{""geodesic"":false,""type"":""Point"",""coordinates"":[-13.302117979949257,15.664777008712012]}"
0.038849562,18,1,train,"{""geodesic"":false,""type"":""Point"",""coordinates"":[-13.20833386428718,15.681216178411399]}"
0.0419728,7,1,train,"{""geodesic"":false,""type"":""Point"",""coordinates"":[-13.266544694698124,15.78389361538626]}"
0.029876623,19,1,train,"{""geodesic"":false,""type"":""Point"",""coordinates"":[-13.254956427532983,15.564794517589508]}"
0.17898977,7,1,train,"{""geodesic"":false,""type"":""Point"",""coordinates"":[-13.250375019583974,15.73376762253239]}"
0.08383798,13,1,train,"{""geodesic"":false,""type"":""Point"",""coordinates"":[-13.20968133721336,15.547277369549178]}"
0.20001389,16,1,train,"{""geodesic"":false,""type"":""Point"",""coordinates"":[-13.141499207148687,15.496881882110072]}"
0.24484031,16,1,test,"{""geodesic"":false,""type"":""Point"",""coordinates"":[-13.292955164051238,15.664777008712012]}"
0.2492855,15,1,test,"{""geodesic"":false,""type"":""Point"",""coordinates"":[-13.157399387677602,15.564794517589508]}"
0.06079921,17,1,train,"{""geodesic"":false,""type"":""Point"",""coordinates"":[-13.187582781224018,15.51520751390611]}"
0.07188021,14,1,train,"{""geodesic"":false,""type"":""Point"",""coordinates"":[-13.3279894601319,15.823239824830695]}"
0.26494753,16,1,test,"{""geodesic"":false,""type"":""Point"",""coordinates"":[-13.16332826855279,15.490683506649647]}"
0.090891816,16,1,train,"{""geodesic"":false,""type"":""Point"",""coordinates"":[-13.204830434679113,15.665854987052954]}"
0.1771943,13,1,train,"{""geodesic"":false,""type"":""Point"",""coordinates"":[-13.075473033765903,15.524100835218894]}"
0.2758386,15,1,test,"{""geodesic"":false,""type"":""Point"",""coordinates"":[-13.101344513948545,15.435437116676297]}"
0.14752203,22,1,test,"{""geodesic"":false,""type"":""Point"",""coordinates"":[-13.348471048609825,15.762334048567391]}"
0.22097579,19,1,train,"{""geodesic"":false,""type"":""Point"",""coordinates"":[-13.383235850105251,15.779581702022487]}"
0.13089052,18,1,test,"{""geodesic"":false,""type"":""Point"",""coordinates"":[-13.336613286859448,15.801141268841354]}"
0.082733855,16,1,train,"{""geodesic"":false,""type"":""Point"",""coordinates"":[-13.289721229028409,15.646990366086445]}"
0.17775252,13,1,train,"{""geodesic"":false,""type"":""Point"",""coordinates"":[-13.264388738016237,15.705740185667862]}"
0.18620762,19,1,train,"{""geodesic"":false,""type"":""Point"",""coordinates"":[-13.28109740230086,15.676634770462389]}"
0.31575832,13,1,train,"{""geodesic"":false,""type"":""Point"",""coordinates"":[-13.364640723723976,15.732150655020975]}"
0.05434317,20,1,test,"{""geodesic"":false,""type"":""Point"",""coordinates"":[-13.275438016010908,15.691187478065125]}"
0.18405938,16,1,train,"{""geodesic"":false,""type"":""Point"",""coordinates"":[-13.155782420166187,15.598211846158755]}"
0.15714432,19,1,train,"{""geodesic"":false,""type"":""Point"",""coordinates"":[-13.073586571669251,15.498498849621487]}"
0.06329971,15,1,train,"{""geodesic"":false,""type"":""Point"",""coordinates"":[-13.364101734553504,15.71301653946923]}"
0.061882723,22,1,train,"{""geodesic"":false,""type"":""Point"",""coordinates"":[-13.20833386428718,15.794134409625222]}"
0.22787228,8,1,train,"{""geodesic"":false,""type"":""Point"",""coordinates"":[-13.055799929043685,15.476669788217384]}"
0.22144309,15,1,test,"{""geodesic"":false,""type"":""Point"",""coordinates"":[-13.155782420166187,15.498229355036251]}"
0.0839364,22,1,train,"{""geodesic"":false,""type"":""Point"",""coordinates"":[-13.21480173433284,15.657500654910644]}"
0.046481274,16,1,train,"{""geodesic"":false,""type"":""Point"",""coordinates"":[-13.21022032638383,15.545390907452527]}"
0.21972631,16,1,train,"{""geodesic"":false,""type"":""Point"",""coordinates"":[-13.16332826855279,15.524100835218894]}"
0.2236996,13,1,train,"{""geodesic"":false,""type"":""Point"",""coordinates"":[-13.186774297468311,15.538653542821631]}"
0.06141741,16,1,test,"{""geodesic"":false,""type"":""Point"",""coordinates"":[-13.259537835481993,15.784971593727203]}"
0.1036259,16,1,train,"{""geodesic"":false,""type"":""Point"",""coordinates"":[-13.091373214294817,15.48987502289394]}"
0.26380926,12,1,train,"{""geodesic"":false,""type"":""Point"",""coordinates"":[-13.190547221661612,15.53272466194644]}"
0.022753237,18,1,test,"{""geodesic"":false,""type"":""Point"",""coordinates"":[-13.279480434789445,15.807609138887015]}"
0.079435185,16,1,train,"{""geodesic"":false,""type"":""Point"",""coordinates"":[-13.191894694587793,15.664777008712012]}"
0.034083325,18,1,test,"{""geodesic"":false,""type"":""Point"",""coordinates"":[-13.273551553914256,15.604679716204416]}"
0.057974048,15,1,train,"{""geodesic"":false,""type"":""Point"",""coordinates"":[-13.276785488937087,15.656153181984465]}"
0.25164115,13,1,train,"{""geodesic"":false,""type"":""Point"",""coordinates"":[-13.162250290211848,15.57638278475465]}"
0.13913949,18,1,test,"{""geodesic"":false,""type"":""Point"",""coordinates"":[-13.342811662319871,15.777695239925835]}"
0.029175729,20,1,train,"{""geodesic"":false,""type"":""Point"",""coordinates"":[-13.375420507133411,15.72918621458338]}"
0.13271765,16,1,test,"{""geodesic"":false,""type"":""Point"",""coordinates"":[-13.322599568427183,15.699811304792673]}"
0.2003465,16,1,train,"{""geodesic"":false,""type"":""Point"",""coordinates"":[-13.273551553914256,15.649146322768331]}"
0.19080058,16,1,train,"{""geodesic"":false,""type"":""Point"",""coordinates"":[-13.230701914861756,15.574226828072764]}"
0.050823145,18,1,train,"{""geodesic"":false,""type"":""Point"",""coordinates"":[-13.333918341007088,15.80275823635277]}"
0.08182063,8,1,train,"{""geodesic"":false,""type"":""Point"",""coordinates"":[-13.085713828004865,15.491761484990592]}"
0.14929143,15,1,train,"{""geodesic"":false,""type"":""Point"",""coordinates"":[-13.20509992926435,15.600367802840642]}"
0.08864163,8,1,train,"{""geodesic"":false,""type"":""Point"",""coordinates"":[-13.059572853236986,15.479903723240213]}"
0.15033926,16,1,train,"{""geodesic"":false,""type"":""Point"",""coordinates"":[-13.166831698160857,15.497420871280545]}"
0.05872307,19,1,test,"{""geodesic"":false,""type"":""Point"",""coordinates"":[-13.201865994241519,15.666663470808663]}"
0.12388865,19,1,train,"{""geodesic"":false,""type"":""Point"",""coordinates"":[-13.37218657211058,15.764220510664043]}"
0.2295348,15,1,train,"{""geodesic"":false,""type"":""Point"",""coordinates"":[-13.122904080767412,15.550511304572009]}"
0.078043394,20,1,train,"{""geodesic"":false,""type"":""Point"",""coordinates"":[-13.342542167734637,15.80141076342659]}"
0.18523356,15,1,train,"{""geodesic"":false,""type"":""Point"",""coordinates"":[-13.213993250577133,15.579886214362716]}"
0.112624615,19,1,train,"{""geodesic"":false,""type"":""Point"",""coordinates"":[-13.251722492510153,15.58743206274932]}"
0.24334408,17,1,train,"{""geodesic"":false,""type"":""Point"",""coordinates"":[-13.342811662319871,15.762873037737863]}"
0.21030426,14,1,train,"{""geodesic"":false,""type"":""Point"",""coordinates"":[-13.231779893202699,15.601445781181585]}"
0.08365109,20,1,train,"{""geodesic"":false,""type"":""Point"",""coordinates"":[-13.078706968788733,15.509817622201394]}"
0.15367863,13,1,train,"{""geodesic"":false,""type"":""Point"",""coordinates"":[-13.249566535828265,15.595786394891633]}"
0.2613631,18,1,test,"{""geodesic"":false,""type"":""Point"",""coordinates"":[-13.053104983191327,15.447025383841439]}"
0.11907298,8,1,test,"{""geodesic"":false,""type"":""Point"",""coordinates"":[-13.21668819642949,15.675826286706682]}"
0.18438615,20,1,train,"{""geodesic"":false,""type"":""Point"",""coordinates"":[-13.084635849663922,15.512782062638989]}"
0.09153993,16,1,train,"{""geodesic"":false,""type"":""Point"",""coordinates"":[-13.095954622243827,15.555092712521018]}"
0.08083935,17,1,train,"{""geodesic"":false,""type"":""Point"",""coordinates"":[-13.039360759344298,15.52895173775314]}"
0.16541745,15,1,train,"{""geodesic"":false,""type"":""Point"",""coordinates"":[-13.267353178453831,15.654266719887813]}"
0.20346121,20,1,train,"{""geodesic"":false,""type"":""Point"",""coordinates"":[-13.336074297688976,15.670975384172436]}"
0.040873732,13,1,train,"{""geodesic"":false,""type"":""Point"",""coordinates"":[-13.224503539401331,15.569375925538518]}"
0.065687925,8,1,train,"{""geodesic"":false,""type"":""Point"",""coordinates"":[-13.101075019363309,15.517093976002762]}"
0.19066624,19,1,test,"{""geodesic"":false,""type"":""Point"",""coordinates"":[-13.361406788701146,15.77473079948824]}"
0.1756133,8,1,train,"{""geodesic"":false,""type"":""Point"",""coordinates"":[-13.009985849553589,15.48798856079729]}"
0.10393117,19,1,train,"{""geodesic"":false,""type"":""Point"",""coordinates"":[-13.306429893313032,15.691187478065125]}"
0.18753907,15,1,train,"{""geodesic"":false,""type"":""Point"",""coordinates"":[-13.081401914641091,15.479095239484506]}"
0.048147134,15,1,train,"{""geodesic"":false,""type"":""Point"",""coordinates"":[-13.258190362555814,15.599559319084934]}"
0.11310933,19,1,train,"{""geodesic"":false,""type"":""Point"",""coordinates"":[-13.318018160478173,15.79305643128428]}"
0.051599212,20,1,train,"{""geodesic"":false,""type"":""Point"",""coordinates"":[-13.320713106330532,15.728916719998145]}"
0.13711895,18,1,train,"{""geodesic"":false,""type"":""Point"",""coordinates"":[-13.274899026840435,15.778234229096308]}"
0.20109582,16,1,train,"{""geodesic"":false,""type"":""Point"",""coordinates"":[-13.201327005071047,15.582042171044604]}"
0.08637542,17,1,train,"{""geodesic"":false,""type"":""Point"",""coordinates"":[-13.175455524888404,15.563177550078093]}"
0.096113,19,1,train,"{""geodesic"":false,""type"":""Point"",""coordinates"":[-13.178150470740764,15.595516900306396]}"
0.21236157,14,1,test,"{""geodesic"":false,""type"":""Point"",""coordinates"":[-13.200249026730104,15.541078994088753]}"
0.19116876,13,1,train,"{""geodesic"":false,""type"":""Point"",""coordinates"":[-13.271126102647134,15.662082062859653]}"
0.26352984,15,1,train,"{""geodesic"":false,""type"":""Point"",""coordinates"":[-13.100536030192837,15.433820149164882]}"
0.12125555,15,1,train,"{""geodesic"":false,""type"":""Point"",""coordinates"":[-13.185157329956896,15.513051557224225]}"
0.24166436,20,1,train,"{""geodesic"":false,""type"":""Point"",""coordinates"":[-13.36437122913874,15.724874301219607]}"
0.13238096,14,1,train,"{""geodesic"":false,""type"":""Point"",""coordinates"":[-13.369222131672986,15.79817682840376]}"
0.17048186,17,1,test,"{""geodesic"":false,""type"":""Point"",""coordinates"":[-13.200249026730104,15.574765817243236]}"
0.024276493,19,1,train,"{""geodesic"":false,""type"":""Point"",""coordinates"":[-13.047715091486609,15.538653542821631]}"
0.13741167,8,1,train,"{""geodesic"":false,""type"":""Point"",""coordinates"":[-13.180575922007886,15.623544337170925]}"
0.18278988,12,1,test,"{""geodesic"":false,""type"":""Point"",""coordinates"":[-13.225581517742274,15.592821954454038]}"
0.07893049,17,1,test,"{""geodesic"":false,""type"":""Point"",""coordinates"":[-13.109968340676092,15.442982965062901]}"
0.23505655,14,1,test,"{""geodesic"":false,""type"":""Point"",""coordinates"":[-13.160633322700432,15.520327911025593]}"
0.066984095,15,1,train,"{""geodesic"":false,""type"":""Point"",""coordinates"":[-13.330684405984258,15.719753904100125]}"
0.15110308,13,1,test,"{""geodesic"":false,""type"":""Point"",""coordinates"":[-13.191625200002557,15.591743976113094]}"
0.21073113,13,1,train,"{""geodesic"":false,""type"":""Point"",""coordinates"":[-13.20887285345765,15.565064012174744]}"
0.12772048,19,1,train,"{""geodesic"":false,""type"":""Point"",""coordinates"":[-13.328797943887608,15.789822496261449]}"
0.22603664,15,1,train,"{""geodesic"":false,""type"":""Point"",""coordinates"":[-13.169796138598452,15.504966719667149]}"
0.15734263,16,1,train,"{""geodesic"":false,""type"":""Point"",""coordinates"":[-13.347123575683646,15.82216184648975]}"
0.19411346,14,1,train,"{""geodesic"":false,""type"":""Point"",""coordinates"":[-13.323138557597654,15.680138200070456]}"
0.21762273,13,1,train,"{""geodesic"":false,""type"":""Point"",""coordinates"":[-13.187582781224018,15.549972315401536]}"
0.25487646,15,1,train,"{""geodesic"":false,""type"":""Point"",""coordinates"":[-13.197015091707273,15.542965456185405]}"
0.24107178,18,1,train,"{""geodesic"":false,""type"":""Point"",""coordinates"":[-13.356825380752136,15.715711485321588]}"
0.103970796,15,1,train,"{""geodesic"":false,""type"":""Point"",""coordinates"":[-13.28433133732369,15.787666539579561]}"
0.17272235,17,1,train,"{""geodesic"":false,""type"":""Point"",""coordinates"":[-13.17114361152463,15.593630438209745]}"
0.17013407,18,1,train,"{""geodesic"":false,""type"":""Point"",""coordinates"":[-13.172221589865575,15.589049030260735]}"
0.31854042,17,1,train,"{""geodesic"":false,""type"":""Point"",""coordinates"":[-13.358981337434024,15.746433868038476]}"
0.20308235,15,1,train,"{""geodesic"":false,""type"":""Point"",""coordinates"":[-13.161172311870905,15.599020329914461]}"
0.050772518,19,1,train,"{""geodesic"":false,""type"":""Point"",""coordinates"":[-13.10296148145996,15.43328115999441]}"
0.18437883,13,1,test,"{""geodesic"":false,""type"":""Point"",""coordinates"":[-13.26492772718671,15.586354084408377]}"
0.37942654,16,1,test,"{""geodesic"":false,""type"":""Point"",""coordinates"":[-13.022382600474439,15.47101040192743]}"
0.118915625,23,1,train,"{""geodesic"":false,""type"":""Point"",""coordinates"":[-13.216957691014727,15.66289054661536]}"
0.2519168,15,1,train,"{""geodesic"":false,""type"":""Point"",""coordinates"":[-13.156590903921895,15.583659138556019]}"
0.16585518,16,1,test,"{""geodesic"":false,""type"":""Point"",""coordinates"":[-13.171413106109867,15.634863109750832]}"
0.0539636,15,1,train,"{""geodesic"":false,""type"":""Point"",""coordinates"":[-13.111046319017035,15.44891184593809]}"
0.2381752,16,1,train,"{""geodesic"":false,""type"":""Point"",""coordinates"":[-13.339577727297042,15.766106972760694]}"
0.046322238,15,1,train,"{""geodesic"":false,""type"":""Point"",""coordinates"":[-13.296458593659304,15.67528729753621]}"
0.15468994,16,1,train,"{""geodesic"":false,""type"":""Point"",""coordinates"":[-13.137187293784914,15.585006611482198]}"
0.06829968,16,1,train,"{""geodesic"":false,""type"":""Point"",""coordinates"":[-13.122634586182176,15.561291087981441]}"
0.20888385,16,1,train,"{""geodesic"":false,""type"":""Point"",""coordinates"":[-13.1536264634843,15.520327911025593]}"
0.122355506,14,1,train,"{""geodesic"":false,""type"":""Point"",""coordinates"":[-13.29807556117072,15.651032784864983]}"
0.2341398,15,1,test,"{""geodesic"":false,""type"":""Point"",""coordinates"":[-13.333379351836617,15.764759499834515]}"
0.0579281,17,1,test,"{""geodesic"":false,""type"":""Point"",""coordinates"":[-13.284870326494163,15.564525023004272]}"
0.02435261,17,1,test,"{""geodesic"":false,""type"":""Point"",""coordinates"":[-13.084905344249158,15.439210040869598]}"
0.20853262,8,1,test,"{""geodesic"":false,""type"":""Point"",""coordinates"":[-13.08733079551628,15.554553723350546]}"
0.09272182,7,1,test,"{""geodesic"":false,""type"":""Point"",""coordinates"":[-13.277054983522323,15.751823759743193]}"
0.1446859,16,1,train,"{""geodesic"":false,""type"":""Point"",""coordinates"":[-13.097841084340478,15.53353314570215]}"
0.16383836,15,1,test,"{""geodesic"":false,""type"":""Point"",""coordinates"":[-13.226659496083217,15.572609860561348]}"
0.22758833,17,1,train,"{""geodesic"":false,""type"":""Point"",""coordinates"":[-13.350627005291711,15.721101377026304]}"
0.033175424,16,1,train,"{""geodesic"":false,""type"":""Point"",""coordinates"":[-13.248488557487322,15.61545949961385]}"
0.26066002,19,1,train,"{""geodesic"":false,""type"":""Point"",""coordinates"":[-13.107812383994204,15.445947405500496]}"
0.11219682,8,1,test,"{""geodesic"":false,""type"":""Point"",""coordinates"":[-13.146080615097697,15.605488199960122]}"
0.22757007,15,1,train,"{""geodesic"":false,""type"":""Point"",""coordinates"":[-13.183001373275008,15.568028452612339]}"
0.06272076,13,1,train,"{""geodesic"":false,""type"":""Point"",""coordinates"":[-13.087600290101516,15.493647947087242]}"
0.16828063,13,1,train,"{""geodesic"":false,""type"":""Point"",""coordinates"":[-13.21480173433284,15.57126238763517]}"
0.039627198,15,1,train,"{""geodesic"":false,""type"":""Point"",""coordinates"":[-13.2746295322552,15.662621052030124]}"
0.10954193,16,1,train,"{""geodesic"":false,""type"":""Point"",""coordinates"":[-13.296997582829777,15.694421413087955]}"
0.20556071,18,1,train,"{""geodesic"":false,""type"":""Point"",""coordinates"":[-13.17195209528034,15.551319788327715]}"
0.09713304,18,1,train,"{""geodesic"":false,""type"":""Point"",""coordinates"":[-13.33445733017756,15.736462568384749]}"
0.17028572,15,1,train,"{""geodesic"":false,""type"":""Point"",""coordinates"":[-13.36760516416157,15.749667803061307]}"
0.22620153,13,1,train,"{""geodesic"":false,""type"":""Point"",""coordinates"":[-13.160633322700432,15.495264914598657]}"
0.024004774,18,1,test,"{""geodesic"":false,""type"":""Point"",""coordinates"":[-13.30589090414256,15.677982243388568]}"
0.42818254,15,1,test,"{""geodesic"":false,""type"":""Point"",""coordinates"":[-13.297536572000247,15.659117622422059]}"
0.12796505,15,1,train,"{""geodesic"":false,""type"":""Point"",""coordinates"":[-13.267892167624304,15.792517442113807]}"
0.20154195,15,1,train,"{""geodesic"":false,""type"":""Point"",""coordinates"":[-13.165484225234678,15.535689102384035]}"
0.020185385,19,1,train,"{""geodesic"":false,""type"":""Point"",""coordinates"":[-13.363023756212561,15.714903001565881]}"
0.21424624,19,1,train,"{""geodesic"":false,""type"":""Point"",""coordinates"":[-13.081671409226328,15.532994156531677]}"
0.10005271,7,1,test,"{""geodesic"":false,""type"":""Point"",""coordinates"":[-13.24471563329402,15.72918621458338]}"
0.20834461,15,1,train,"{""geodesic"":false,""type"":""Point"",""coordinates"":[-13.176264008644113,15.554553723350546]}"
0.09931627,20,1,test,"{""geodesic"":false,""type"":""Point"",""coordinates"":[-13.28379234815322,15.823778814001166]}"
0.076840214,19,1,train,"{""geodesic"":false,""type"":""Point"",""coordinates"":[-13.31424523628487,15.68310264050805]}"
0.13162228,17,1,test,"{""geodesic"":false,""type"":""Point"",""coordinates"":[-13.089486752198166,15.429238741215872]}"
0.09783723,15,1,train,"{""geodesic"":false,""type"":""Point"",""coordinates"":[-13.23501382822553,15.673131340854322]}"
0.036840487,19,1,train,"{""geodesic"":false,""type"":""Point"",""coordinates"":[-13.246871589975907,15.709513109861163]}"
0.036482096,17,1,train,"{""geodesic"":false,""type"":""Point"",""coordinates"":[-13.318557149648644,15.694690907673191]}"
0.29837388,18,1,train,"{""geodesic"":false,""type"":""Point"",""coordinates"":[-13.346315091927938,15.72541329039008]}"
0.07017905,16,1,train,"{""geodesic"":false,""type"":""Point"",""coordinates"":[-13.26358025426053,15.794673398795695]}"
0.11993146,15,1,test,"{""geodesic"":false,""type"":""Point"",""coordinates"":[-13.180845416593122,15.593360943624509]}"
0.24583721,16,1,train,"{""geodesic"":false,""type"":""Point"",""coordinates"":[-13.152548485143358,15.520866900196063]}"
0.25328547,14,1,train,"{""geodesic"":false,""type"":""Point"",""coordinates"":[-13.145002636756754,15.51601599766182]}"
0.040877488,18,1,train,"{""geodesic"":false,""type"":""Point"",""coordinates"":[-13.312897763358691,15.651032784864983]}"
0.113239415,15,1,train,"{""geodesic"":false,""type"":""Point"",""coordinates"":[-13.011602817065004,15.484754625774459]}"
0.16121332,15,1,train,"{""geodesic"":false,""type"":""Point"",""coordinates"":[-13.368413647917277,15.715172496151116]}"
0.24564783,15,1,train,"{""geodesic"":false,""type"":""Point"",""coordinates"":[-13.16278927938232,15.556709680032434]}"
0.16257171,15,1,train,"{""geodesic"":false,""type"":""Point"",""coordinates"":[-13.337152276029919,15.750206792231777]}"
0.24134997,17,1,test,"{""geodesic"":false,""type"":""Point"",""coordinates"":[-13.34038621105275,15.766106972760694]}"
0.032139316,19,1,train,"{""geodesic"":false,""type"":""Point"",""coordinates"":[-13.242559676612133,15.702506250645031]}"
0.06008866,15,1,train,"{""geodesic"":false,""type"":""Point"",""coordinates"":[-13.319096138819116,15.681485672996635]}"
0.11069988,14,1,train,"{""geodesic"":false,""type"":""Point"",""coordinates"":[-13.201596499656283,15.624083326341397]}"
0.027197076,15,1,train,"{""geodesic"":false,""type"":""Point"",""coordinates"":[-13.224503539401331,15.630820690972293]}"
0.2501405,17,1,train,"{""geodesic"":false,""type"":""Point"",""coordinates"":[-13.077628990447788,15.43786256794342]}"
0.0930694,19,1,train,"{""geodesic"":false,""type"":""Point"",""coordinates"":[-13.178150470740764,15.648876828183095]}"
0.09354326,15,1,train,"{""geodesic"":false,""type"":""Point"",""coordinates"":[-13.126138015790243,15.554823217935782]}"
0.23544961,13,1,train,"{""geodesic"":false,""type"":""Point"",""coordinates"":[-13.201327005071047,15.557248669202904]}"
0.10172899,18,1,train,"{""geodesic"":false,""type"":""Point"",""coordinates"":[-13.288643250687464,15.567758958027103]}"
0.27746361,12,1,test,"{""geodesic"":false,""type"":""Point"",""coordinates"":[-13.153895958069537,15.52895173775314]}"
0.020913577,13,1,train,"{""geodesic"":false,""type"":""Point"",""coordinates"":[-13.323677546768126,15.682833145922814]}"
0.14277989,16,1,train,"{""geodesic"":false,""type"":""Point"",""coordinates"":[-13.206716896775765,15.544312929111584]}"
0.22851118,17,1,train,"{""geodesic"":false,""type"":""Point"",""coordinates"":[-13.079784947129676,15.436245600432004]}"
0.25616217,16,1,train,"{""geodesic"":false,""type"":""Point"",""coordinates"":[-13.148506066364819,15.562638560907622]}"
0.21802013,16,1,test,"{""geodesic"":false,""type"":""Point"",""coordinates"":[-13.292685669466003,15.65453621447305]}"
0.029344372,19,1,train,"{""geodesic"":false,""type"":""Point"",""coordinates"":[-13.204291445508641,15.784702099141967]}"
0.14301732,8,1,train,"{""geodesic"":false,""type"":""Point"",""coordinates"":[-13.2174966801852,15.611686575420547]}"
0.24967736,17,1,test,"{""geodesic"":false,""type"":""Point"",""coordinates"":[-13.136378810029205,15.532994156531677]}"
0.16939637,13,1,train,"{""geodesic"":false,""type"":""Point"",""coordinates"":[-13.324755525109069,15.674748308365738]}"
0.27630505,16,1,train,"{""geodesic"":false,""type"":""Point"",""coordinates"":[-13.029658954275806,15.498498849621487]}"
0.03271355,16,1,train,"{""geodesic"":false,""type"":""Point"",""coordinates"":[-13.344698124416523,15.736193073799512]}"
0.09682624,8,1,test,"{""geodesic"":false,""type"":""Point"",""coordinates"":[-13.064423755771232,15.480981701581157]}"
0.13278028,17,1,train,"{""geodesic"":false,""type"":""Point"",""coordinates"":[-13.211567799310009,15.688762026798003]}"
0.22601679,16,1,train,"{""geodesic"":false,""type"":""Point"",""coordinates"":[-13.380271409667657,15.80141076342659]}"
0.09530205,14,1,test,"{""geodesic"":false,""type"":""Point"",""coordinates"":[-13.32152159008624,15.686875564701351]}"
0.05184053,13,1,train,"{""geodesic"":false,""type"":""Point"",""coordinates"":[-13.338230254370862,15.740235492578051]}"
0.09800729,14,1,train,"{""geodesic"":false,""type"":""Point"",""coordinates"":[-13.172221589865575,15.644564914819322]}"
0.20308316,15,1,train,"{""geodesic"":false,""type"":""Point"",""coordinates"":[-13.325025019694305,15.676095781291917]}"
0.14107186,19,1,train,"{""geodesic"":false,""type"":""Point"",""coordinates"":[-13.312628268773455,15.813538019762204]}"
0.19230856,13,1,train,"{""geodesic"":false,""type"":""Point"",""coordinates"":[-13.334996319348033,15.746972857208947]}"
0.17647216,11,1,train,"{""geodesic"":false,""type"":""Point"",""coordinates"":[-13.185426824542132,15.55293675583913]}"
0.18231839,15,1,train,"{""geodesic"":false,""type"":""Point"",""coordinates"":[-13.369222131672986,15.754788200180787]}"
0.0769635,20,1,train,"{""geodesic"":false,""type"":""Point"",""coordinates"":[-13.267353178453831,15.700889283133616]}"
0.02492606,14,1,train,"{""geodesic"":false,""type"":""Point"",""coordinates"":[-13.249297041243029,15.596325384062103]}"
0.12192227,15,1,train,"{""geodesic"":false,""type"":""Point"",""coordinates"":[-13.160094333529962,15.529221232338376]}"
0.091233894,18,1,train,"{""geodesic"":false,""type"":""Point"",""coordinates"":[-13.14257718548963,15.49957682796243]}"
0.09927149,14,1,train,"{""geodesic"":false,""type"":""Point"",""coordinates"":[-13.012141806235476,15.484754625774459]}"
0.2176743,15,1,train,"{""geodesic"":false,""type"":""Point"",""coordinates"":[-13.363023756212561,15.762334048567391]}"
0.18002193,15,1,train,"{""geodesic"":false,""type"":""Point"",""coordinates"":[-13.194859135025387,15.64860733359786]}"
0.035680592,18,1,test,"{""geodesic"":false,""type"":""Point"",""coordinates"":[-13.32017411716006,15.68822303762753]}"
0.06291033,12,1,train,"{""geodesic"":false,""type"":""Point"",""coordinates"":[-13.209411842628123,15.61222556459102]}"
0.1215905,18,1,test,"{""geodesic"":false,""type"":""Point"",""coordinates"":[-13.081671409226328,15.41576401195408]}"
0.111279376,8,1,test,"{""geodesic"":false,""type"":""Point"",""coordinates"":[-13.166562203575621,15.61680697254003]}"
0.25290552,15,1,test,"{""geodesic"":false,""type"":""Point"",""coordinates"":[-13.153356968899065,15.576652279339886]}"
0.28371894,13,1,train,"{""geodesic"":false,""type"":""Point"",""coordinates"":[-13.177880976155528,15.580964192703659]}"
0.14802614,17,1,train,"{""geodesic"":false,""type"":""Point"",""coordinates"":[-13.302926463704965,15.611417080835311]}"
0.12362506,16,1,test,"{""geodesic"":false,""type"":""Point"",""coordinates"":[-13.237439279492651,15.647798849842152]}"
0.190509,17,1,train,"{""geodesic"":false,""type"":""Point"",""coordinates"":[-13.230971409446992,15.573957333487527]}"
0.12904927,16,1,test,"{""geodesic"":false,""type"":""Point"",""coordinates"":[-13.359250832019258,15.720023398685361]}"
0.22554159,13,1,train,"{""geodesic"":false,""type"":""Point"",""coordinates"":[-13.184618340786423,15.569375925538518]}"
0.17636383,16,1,train,"{""geodesic"":false,""type"":""Point"",""coordinates"":[-13.292416174880767,15.626778272193755]}"
0.1613839,16,1,train,"{""geodesic"":false,""type"":""Point"",""coordinates"":[-13.13341436959161,15.57638278475465]}"
0.2237047,14,1,train,"{""geodesic"":false,""type"":""Point"",""coordinates"":[-13.21480173433284,15.561560582566678]}"
0.2242936,16,1,train,"{""geodesic"":false,""type"":""Point"",""coordinates"":[-13.178958954496471,15.549433326231064]}"
0.19585265,15,1,test,"{""geodesic"":false,""type"":""Point"",""coordinates"":[-13.19593711336633,15.64267845272267]}"
0.04593119,19,1,train,"{""geodesic"":false,""type"":""Point"",""coordinates"":[-13.039899748514769,15.409565636493655]}"
0.028169246,18,1,train,"{""geodesic"":false,""type"":""Point"",""coordinates"":[-13.272473575573313,15.574496322658]}"
0.1666592,14,1,test,"{""geodesic"":false,""type"":""Point"",""coordinates"":[-13.186235308297839,15.555092712521018]}"
0.29823482,19,1,train,"{""geodesic"":false,""type"":""Point"",""coordinates"":[-13.034509856810052,15.502810762985261]}"
0.070623495,16,1,test,"{""geodesic"":false,""type"":""Point"",""coordinates"":[-13.289182239857936,15.64672087150121]}"
0.22116964,15,1,train,"{""geodesic"":false,""type"":""Point"",""coordinates"":[-13.123443069937885,15.548085853304885]}"
0.26861268,17,1,train,"{""geodesic"":false,""type"":""Point"",""coordinates"":[-13.051757510265148,15.443252459648138]}"
0.21923178,14,1,test,"{""geodesic"":false,""type"":""Point"",""coordinates"":[-13.096224116829063,15.567489463441866]}"
0.12066937,20,1,train,"{""geodesic"":false,""type"":""Point"",""coordinates"":[-13.28837375610223,15.603062748693]}"
0.23274118,18,1,train,"{""geodesic"":false,""type"":""Point"",""coordinates"":[-13.151201012217179,15.543504445355875]}"
0.098989196,8,1,train,"{""geodesic"":false,""type"":""Point"",""coordinates"":[-13.233127366128878,15.67393982461003]}"
0.09310065,17,1,test,"{""geodesic"":false,""type"":""Point"",""coordinates"":[-13.078706968788733,15.441635492136722]}"
0.11564224,16,1,train,"{""geodesic"":false,""type"":""Point"",""coordinates"":[-13.119400651159348,15.556709680032434]}"
0.062040318,21,1,test,"{""geodesic"":false,""type"":""Point"",""coordinates"":[-13.025886030082505,15.514399030150404]}"
0.06243278,19,1,train,"{""geodesic"":false,""type"":""Point"",""coordinates"":[-13.215879712673784,15.613034048346726]}"
0.24232243,16,1,train,"{""geodesic"":false,""type"":""Point"",""coordinates"":[-13.14203819631916,15.567758958027103]}"
0.21345913,14,1,train,"{""geodesic"":false,""type"":""Point"",""coordinates"":[-13.20833386428718,15.55374523959484]}"
0.15935956,8,1,train,"{""geodesic"":false,""type"":""Point"",""coordinates"":[-13.097841084340478,15.528682243167903]}"
0.08608919,21,1,train,"{""geodesic"":false,""type"":""Point"",""coordinates"":[-13.299153539511662,15.803027730938005]}"
0.08035805,18,1,train,"{""geodesic"":false,""type"":""Point"",""coordinates"":[-13.058225380310807,15.545929896622999]}"
0.229632,12,1,train,"{""geodesic"":false,""type"":""Point"",""coordinates"":[-13.087600290101516,15.564525023004272]}"
0.23582658,15,1,train,"{""geodesic"":false,""type"":""Point"",""coordinates"":[-13.347932059439353,15.764490005249279]}"
0.120734066,17,1,train,"{""geodesic"":false,""type"":""Point"",""coordinates"":[-13.116705705306988,15.543773939941111]}"
0.18564758,14,1,train,"{""geodesic"":false,""type"":""Point"",""coordinates"":[-13.21803566935567,15.591474481527857]}"
0.07207592,15,1,train,"{""geodesic"":false,""type"":""Point"",""coordinates"":[-13.269509135135719,15.571801376805642]}"
0.110012844,17,1,train,"{""geodesic"":false,""type"":""Point"",""coordinates"":[-13.343350651490343,15.752901738084136]}"
0.10000905,16,1,test,"{""geodesic"":false,""type"":""Point"",""coordinates"":[-13.067657690794062,15.546199391208235]}"
0.035136454,15,1,train,"{""geodesic"":false,""type"":""Point"",""coordinates"":[-13.144733142171518,15.500115817132903]}"
0.24158424,12,1,train,"{""geodesic"":false,""type"":""Point"",""coordinates"":[-13.195667618781094,15.538923037406866]}"
0.110781394,18,1,train,"{""geodesic"":false,""type"":""Point"",""coordinates"":[-13.359520326604494,15.838870510774374]}"
0.1994692,16,1,train,"{""geodesic"":false,""type"":""Point"",""coordinates"":[-13.201596499656283,15.68364162967852]}"
0.24572136,16,1,train,"{""geodesic"":false,""type"":""Point"",""coordinates"":[-13.161441806456141,15.559135131299556]}"
0.2965831,15,1,test,"{""geodesic"":false,""type"":""Point"",""coordinates"":[-13.346315091927938,15.711938561128287]}"
0.14962345,15,1,train,"{""geodesic"":false,""type"":""Point"",""coordinates"":[-13.330145416813787,15.701158777718852]}"
0.09768738,18,1,test,"{""geodesic"":false,""type"":""Point"",""coordinates"":[-13.19135570541732,15.671244878757673]}"
0.09121777,16,1,test,"{""geodesic"":false,""type"":""Point"",""coordinates"":[-13.231510398617463,15.649146322768331]}"
0.12531799,22,1,train,"{""geodesic"":false,""type"":""Point"",""coordinates"":[-13.144194153001045,15.539192531992102]}"
0.2097566,14,1,train,"{""geodesic"":false,""type"":""Point"",""coordinates"":[-13.163867257723263,15.496342892939602]}"
0.08507871,18,1,train,"{""geodesic"":false,""type"":""Point"",""coordinates"":[-13.257112384214869,15.626239283023283]}"
0.27468657,15,1,train,"{""geodesic"":false,""type"":""Point"",""coordinates"":[-13.34685408109841,15.725682784975314]}"
0.07467867,20,1,train,"{""geodesic"":false,""type"":""Point"",""coordinates"":[-13.349549026950768,15.803836214693714]}"
0.14896142,17,1,train,"{""geodesic"":false,""type"":""Point"",""coordinates"":[-13.312628268773455,15.81246004142126]}"
0.090950795,20,1,test,"{""geodesic"":false,""type"":""Point"",""coordinates"":[-13.061189820748401,15.558596142129083]}"
0.15848193,15,1,train,"{""geodesic"":false,""type"":""Point"",""coordinates"":[-13.326102998035248,15.702506250645031]}"
0.13839053,14,1,train,"{""geodesic"":false,""type"":""Point"",""coordinates"":[-13.284870326494163,15.652649752376398]}"
0.09222991,17,1,train,"{""geodesic"":false,""type"":""Point"",""coordinates"":[-13.045289640219487,15.41118260400507]}"
0.13911584,12,1,train,"{""geodesic"":false,""type"":""Point"",""coordinates"":[-13.308316355409682,15.65318874154687]}"
0.044538174,18,1,train,"{""geodesic"":false,""type"":""Point"",""coordinates"":[-13.317748665892937,15.808417622642724]}"
0.13441397,17,1,train,"{""geodesic"":false,""type"":""Point"",""coordinates"":[-13.27921094020421,15.658578633251587]}"
0.038614053,20,1,train,"{""geodesic"":false,""type"":""Point"",""coordinates"":[-13.349549026950768,15.734845600873333]}"
0.11391831,8,1,train,"{""geodesic"":false,""type"":""Point"",""coordinates"":[-13.23690029032218,15.630551196387058]}"
0.1897034,12,1,test,"{""geodesic"":false,""type"":""Point"",""coordinates"":[-13.191086210832085,15.55374523959484]}"
0.2521709,18,1,train,"{""geodesic"":false,""type"":""Point"",""coordinates"":[-13.340655705637985,15.753440727254608]}"
0.20059457,15,1,train,"{""geodesic"":false,""type"":""Point"",""coordinates"":[-13.225042528571803,15.577460763095594]}"
0.24773817,18,1,test,"{""geodesic"":false,""type"":""Point"",""coordinates"":[-13.079245957959204,15.43974903004007]}"
0.20167397,17,1,train,"{""geodesic"":false,""type"":""Point"",""coordinates"":[-13.060920326163165,15.444599932574317]}"
0.17833787,10,1,train,"{""geodesic"":false,""type"":""Point"",""coordinates"":[-13.014028268332128,15.484485131189222]}"
0.09932296,7,1,train,"{""geodesic"":false,""type"":""Point"",""coordinates"":[-13.295650109903598,15.821083868148808]}"
0.094000846,15,1,train,"{""geodesic"":false,""type"":""Point"",""coordinates"":[-13.299423034096899,15.655614192813992]}"
0.123655416,8,1,train,"{""geodesic"":false,""type"":""Point"",""coordinates"":[-13.226390001497982,15.67393982461003]}"
0.03190976,15,1,test,"{""geodesic"":false,""type"":""Point"",""coordinates"":[-13.305082420386851,15.649685311938804]}"
0.17510001,13,1,test,"{""geodesic"":false,""type"":""Point"",""coordinates"":[-13.180575922007886,15.507122676349034]}"
0.19821014,12,1,train,"{""geodesic"":false,""type"":""Point"",""coordinates"":[-13.184618340786423,15.53218567277597]}"
0.03237518,15,1,train,"{""geodesic"":false,""type"":""Point"",""coordinates"":[-13.35008801612124,15.829168705705884]}"
0.19201201,12,1,train,"{""geodesic"":false,""type"":""Point"",""coordinates"":[-13.267622673039067,15.580425203533188]}"
0.15177092,13,1,train,"{""geodesic"":false,""type"":""Point"",""coordinates"":[-13.195667618781094,15.54188747784446]}"
0.23577112,15,1,train,"{""geodesic"":false,""type"":""Point"",""coordinates"":[-13.366527185820628,15.794942893380929]}"
0.22354315,14,1,train,"{""geodesic"":false,""type"":""Point"",""coordinates"":[-13.195398124195858,15.563177550078093]}"
0.25203013,13,1,train,"{""geodesic"":false,""type"":""Point"",""coordinates"":[-13.173299568206518,15.545390907452527]}"
0.21000111,13,1,train,"{""geodesic"":false,""type"":""Point"",""coordinates"":[-13.159285849774253,15.541078994088753]}"
0.20870481,14,1,train,"{""geodesic"":false,""type"":""Point"",""coordinates"":[-13.19917104838916,15.545660402037763]}"
0.16999897,18,1,train,"{""geodesic"":false,""type"":""Point"",""coordinates"":[-13.35978982118973,15.818119427711213]}"
0.33874947,15,1,train,"{""geodesic"":false,""type"":""Point"",""coordinates"":[-13.360328810360203,15.74616437345324]}"
0.022078497,17,1,train,"{""geodesic"":false,""type"":""Point"",""coordinates"":[-13.124251553693592,15.570723398464697]}"
0.087726764,19,1,train,"{""geodesic"":false,""type"":""Point"",""coordinates"":[-13.32987592222855,15.699272315622201]}"
0.07350699,16,1,train,"{""geodesic"":false,""type"":""Point"",""coordinates"":[-13.299962023267371,15.793325925869516]}"
0.07416208,17,1,train,"{""geodesic"":false,""type"":""Point"",""coordinates"":[-13.113741264869393,15.570992893049933]}"
0.22524378,16,1,test,"{""geodesic"":false,""type"":""Point"",""coordinates"":[-13.16332826855279,15.594169427380217]}"
0.08920066,13,1,test,"{""geodesic"":false,""type"":""Point"",""coordinates"":[-13.244985127879255,15.602254264937292]}"
0.18843475,18,1,train,"{""geodesic"":false,""type"":""Point"",""coordinates"":[-13.086791806345808,15.543773939941111]}"
0.20965844,15,1,train,"{""geodesic"":false,""type"":""Point"",""coordinates"":[-13.20887285345765,15.572609860561348]}"
0.16652858,17,1,train,"{""geodesic"":false,""type"":""Point"",""coordinates"":[-13.28433133732369,15.688492532212766]}"
0.13133681,20,1,train,"{""geodesic"":false,""type"":""Point"",""coordinates"":[-13.114280254039866,15.556440185447197]}"
0.09179705,18,1,train,"{""geodesic"":false,""type"":""Point"",""coordinates"":[-13.352513467388363,15.70843513152022]}"
0.2236455,14,1,train,"{""geodesic"":false,""type"":""Point"",""coordinates"":[-13.361676283286382,15.764490005249279]}"
0.1985166,15,1,train,"{""geodesic"":false,""type"":""Point"",""coordinates"":[-13.317479171307701,15.672592351683852]}"
0.1579418,8,1,train,"{""geodesic"":false,""type"":""Point"",""coordinates"":[-13.196745597122037,15.625430799267576]}"
0.069800325,7,1,test,"{""geodesic"":false,""type"":""Point"",""coordinates"":[-13.231779893202699,15.715441990736352]}"
0.16178772,14,1,train,"{""geodesic"":false,""type"":""Point"",""coordinates"":[-13.269239640550483,15.583120149385547]}"
0.23513879,15,1,train,"{""geodesic"":false,""type"":""Point"",""coordinates"":[-13.334996319348033,15.770418886124467]}"
0.20104964,18,1,train,"{""geodesic"":false,""type"":""Point"",""coordinates"":[-13.34362014607558,15.75074578140225]}"
0.08897591,14,1,train,"{""geodesic"":false,""type"":""Point"",""coordinates"":[-13.343350651490343,15.711130077372578]}"
0.18579397,18,1,train,"{""geodesic"":false,""type"":""Point"",""coordinates"":[-13.187582781224018,15.517093976002762]}"
0.057941858,16,1,train,"{""geodesic"":false,""type"":""Point"",""coordinates"":[-13.243637654953076,15.71166906654305]}"
0.106346354,16,1,train,"{""geodesic"":false,""type"":""Point"",""coordinates"":[-13.28244487522704,15.571531882220405]}"
0.19111131,15,1,train,"{""geodesic"":false,""type"":""Point"",""coordinates"":[-13.361945777871618,15.771766359050646]}"
0.12986653,18,1,train,"{""geodesic"":false,""type"":""Point"",""coordinates"":[-13.078976463373968,15.447564373011911]}"
0.25084865,17,1,train,"{""geodesic"":false,""type"":""Point"",""coordinates"":[-13.150123033876234,15.576113290169415]}"
0.25454602,13,1,test,"{""geodesic"":false,""type"":""Point"",""coordinates"":[-13.188660759564963,15.549972315401536]}"
0.24672306,16,1,train,"{""geodesic"":false,""type"":""Point"",""coordinates"":[-13.226120506912746,15.62004090756286]}"
0.16908306,21,1,test,"{""geodesic"":false,""type"":""Point"",""coordinates"":[-13.207525380531472,15.640253001455548]}"
0.23422647,17,1,test,"{""geodesic"":false,""type"":""Point"",""coordinates"":[-13.147967077194348,15.511165095127573]}"
0.14081301,8,1,test,"{""geodesic"":false,""type"":""Point"",""coordinates"":[-13.18030642742265,15.623813831756161]}"
0.13220167,17,1,train,"{""geodesic"":false,""type"":""Point"",""coordinates"":[-13.253069965436332,15.700350293963144]}"
0.18687382,17,1,train,"{""geodesic"":false,""type"":""Point"",""coordinates"":[-13.067657690794062,15.493378452502007]}"
0.2871986,12,1,train,"{""geodesic"":false,""type"":""Point"",""coordinates"":[-13.175455524888404,15.57907773060701]}"
0.255402,18,1,train,"{""geodesic"":false,""type"":""Point"",""coordinates"":[-13.093529170976705,15.438401557113892]}"
0.24142969,15,1,train,"{""geodesic"":false,""type"":""Point"",""coordinates"":[-13.345237113586995,15.765567983590222]}"
0.21337053,8,1,train,"{""geodesic"":false,""type"":""Point"",""coordinates"":[-13.054452456117506,15.47882574489927]}"
0.17847109,16,1,train,"{""geodesic"":false,""type"":""Point"",""coordinates"":[-13.299962023267371,15.645103903989794]}"
0.16163963,15,1,train,"{""geodesic"":false,""type"":""Point"",""coordinates"":[-13.235283322810766,15.594169427380217]}"
0.20021185,16,1,test,"{""geodesic"":false,""type"":""Point"",""coordinates"":[-13.36437122913874,15.807609138887015]}"
0.06885649,17,1,train,"{""geodesic"":false,""type"":""Point"",""coordinates"":[-13.277054983522323,15.803566720108478]}"
0.025963813,8,1,test,"{""geodesic"":false,""type"":""Point"",""coordinates"":[-13.175455524888404,15.620849391318567]}"
0.16050263,14,1,test,"{""geodesic"":false,""type"":""Point"",""coordinates"":[-13.320713106330532,15.644564914819322]}"
0.122382,12,1,train,"{""geodesic"":false,""type"":""Point"",""coordinates"":[-13.221808593548973,15.57045390387946]}"
0.16117094,18,1,test,"{""geodesic"":false,""type"":""Point"",""coordinates"":[-13.070622131231657,15.541617983259226]}"
0.19086298,18,1,train,"{""geodesic"":false,""type"":""Point"",""coordinates"":[-13.14069072339298,15.544851918282054]}"
0.02462502,20,1,test,"{""geodesic"":false,""type"":""Point"",""coordinates"":[-13.13745678837015,15.59066599777215]}"
0.19630781,15,1,train,"{""geodesic"":false,""type"":""Point"",""coordinates"":[-13.28837375610223,15.662621052030124]}"
0.24091747,21,1,train,"{""geodesic"":false,""type"":""Point"",""coordinates"":[-13.049332058998024,15.492839463331535]}"
0.038146377,17,1,test,"{""geodesic"":false,""type"":""Point"",""coordinates"":[-13.31047231209157,15.660465095348238]}"
0.03668043,16,1,train,"{""geodesic"":false,""type"":""Point"",""coordinates"":[-13.220730615208028,15.594977911135924]}"
0.20602703,13,1,train,"{""geodesic"":false,""type"":""Point"",""coordinates"":[-13.187313286638783,15.553206250424367]}"
0.11122896,17,1,train,"{""geodesic"":false,""type"":""Point"",""coordinates"":[-13.359250832019258,15.817580438540741]}"
0.0628008,16,1,train,"{""geodesic"":false,""type"":""Point"",""coordinates"":[-13.201865994241519,15.590127008601678]}"
0.14039929,10,1,train,"{""geodesic"":false,""type"":""Point"",""coordinates"":[-13.196476102536801,15.624622315511868]}"
0.2252476,16,1,test,"{""geodesic"":false,""type"":""Point"",""coordinates"":[-13.350357510706475,15.72729975248673]}"
0.046277624,14,1,train,"{""geodesic"":false,""type"":""Point"",""coordinates"":[-13.278402456448502,15.800063290500411]}"
0.04830725,15,1,train,"{""geodesic"":false,""type"":""Point"",""coordinates"":[-13.186504802883075,15.577191268510358]}"
0.029181913,17,1,train,"{""geodesic"":false,""type"":""Point"",""coordinates"":[-13.242020687441661,15.605488199960122]}"
0.059616443,20,1,test,"{""geodesic"":false,""type"":""Point"",""coordinates"":[-13.061189820748401,15.447564373011911]}"
0.14978106,17,1,train,"{""geodesic"":false,""type"":""Point"",""coordinates"":[-13.195398124195858,15.611956070005784]}"
0.24530517,20,1,train,"{""geodesic"":false,""type"":""Point"",""coordinates"":[-13.028311481349627,15.427082784533987]}"
0.30229983,15,1,train,"{""geodesic"":false,""type"":""Point"",""coordinates"":[-13.146350109682933,15.520058416440357]}"
0.16714141,21,1,train,"{""geodesic"":false,""type"":""Point"",""coordinates"":[-13.155782420166187,15.555901196276725]}"
0.19563644,16,1,train,"{""geodesic"":false,""type"":""Point"",""coordinates"":[-13.380540904252891,15.788744517920506]}"
0.092421204,21,1,train,"{""geodesic"":false,""type"":""Point"",""coordinates"":[-13.232318882373171,15.654805709058284]}"
0.05530132,16,1,train,"{""geodesic"":false,""type"":""Point"",""coordinates"":[-13.123982059108357,15.4534932538871]}"
0.09938409,7,1,test,"{""geodesic"":false,""type"":""Point"",""coordinates"":[-13.274360037669965,15.75128477057272]}"
0.13345128,16,1,train,"{""geodesic"":false,""type"":""Point"",""coordinates"":[-13.04636761856043,15.448642351352854]}"
0.09373411,15,1,train,"{""geodesic"":false,""type"":""Point"",""coordinates"":[-13.370300110013929,15.744816900527061]}"
0.18155316,16,1,train,"{""geodesic"":false,""type"":""Point"",""coordinates"":[-13.023191084230145,15.525448308145073]}"
0.24452491,14,1,train,"{""geodesic"":false,""type"":""Point"",""coordinates"":[-13.163867257723263,15.534072134872622]}"
0.16925472,18,1,train,"{""geodesic"":false,""type"":""Point"",""coordinates"":[-13.119670145744582,15.555631701691489]}"
0.045337815,20,1,train,"{""geodesic"":false,""type"":""Point"",""coordinates"":[-13.26492772718671,15.751554265157957]}"
0.16878359,17,1,train,"{""geodesic"":false,""type"":""Point"",""coordinates"":[-13.24741057914638,15.559135131299556]}"
0.2498221,18,1,test,"{""geodesic"":false,""type"":""Point"",""coordinates"":[-13.35143548904742,15.729725203753853]}"
0.08653284,19,1,test,"{""geodesic"":false,""type"":""Point"",""coordinates"":[-13.25576491128869,15.577191268510358]}"
0.18936054,15,1,train,"{""geodesic"":false,""type"":""Point"",""coordinates"":[-13.154704441825244,15.511165095127573]}"
0.06282323,15,1,train,"{""geodesic"":false,""type"":""Point"",""coordinates"":[-13.199710037559631,15.538114553651159]}"
0.13774338,18,1,train,"{""geodesic"":false,""type"":""Point"",""coordinates"":[-13.342811662319871,15.74670336262371]}"
0.069660254,8,1,train,"{""geodesic"":false,""type"":""Point"",""coordinates"":[-13.253608954606804,15.6707058895872]}"
0.28168592,17,1,train,"{""geodesic"":false,""type"":""Point"",""coordinates"":[-13.09514613848812,15.439210040869598]}"
0.2159506,8,1,train,"{""geodesic"":false,""type"":""Point"",""coordinates"":[-13.057147401969864,15.47882574489927]}"
0.077464364,19,1,test,"{""geodesic"":false,""type"":""Point"",""coordinates"":[-13.060381336992695,15.538114553651159]}"
0.20170932,18,1,train,"{""geodesic"":false,""type"":""Point"",""coordinates"":[-13.094607149317648,15.429777730386345]}"
0.06525276,18,1,train,"{""geodesic"":false,""type"":""Point"",""coordinates"":[-13.282175380641805,15.652649752376398]}"
0.15102385,18,1,train,"{""geodesic"":false,""type"":""Point"",""coordinates"":[-13.20833386428718,15.677712748803332]}"
0.20331609,15,1,train,"{""geodesic"":false,""type"":""Point"",""coordinates"":[-13.147428088023876,15.500115817132903]}"
0.122602455,8,1,train,"{""geodesic"":false,""type"":""Point"",""coordinates"":[-13.076012022936373,15.489336033723468]}"
0.28496045,15,1,test,"{""geodesic"":false,""type"":""Point"",""coordinates"":[-13.156860398507131,15.537845059065923]}"
0.08529392,18,1,train,"{""geodesic"":false,""type"":""Point"",""coordinates"":[-13.169526644013215,15.649415817353567]}"
0.27222764,10,1,train,"{""geodesic"":false,""type"":""Point"",""coordinates"":[-13.186504802883075,15.528682243167903]}"
0.17469223,14,1,train,"{""geodesic"":false,""type"":""Point"",""coordinates"":[-13.274360037669965,15.580694698118425]}"
0.12956457,20,1,train,"{""geodesic"":false,""type"":""Point"",""coordinates"":[-13.353052456558835,15.827551738194469]}"
0.26172996,15,1,train,"{""geodesic"":false,""type"":""Point"",""coordinates"":[-13.064154261185996,15.496073398354365]}"
0.21967424,18,1,train,"{""geodesic"":false,""type"":""Point"",""coordinates"":[-13.366257691235392,15.744547405941825]}"
0.2038946,16,1,train,"{""geodesic"":false,""type"":""Point"",""coordinates"":[-13.250105524998737,15.564794517589508]}"
0.1417336,19,1,train,"{""geodesic"":false,""type"":""Point"",""coordinates"":[-13.357094875337372,15.835097586581073]}"
0.2696029,16,1,train,"{""geodesic"":false,""type"":""Point"",""coordinates"":[-13.101344513948545,15.434898127505825]}"
0.21338354,16,1,train,"{""geodesic"":false,""type"":""Point"",""coordinates"":[-13.25522592211822,15.609800113323896]}"
0.24306433,15,1,train,"{""geodesic"":false,""type"":""Point"",""coordinates"":[-13.311550290432512,15.675826286706682]}"
0.20787868,15,1,train,"{""geodesic"":false,""type"":""Point"",""coordinates"":[-13.177611481570292,15.51655498683229]}"
0.09221647,15,1,train,"{""geodesic"":false,""type"":""Point"",""coordinates"":[-13.329336933058078,15.667741449149606]}"
0.23525085,18,1,train,"{""geodesic"":false,""type"":""Point"",""coordinates"":[-13.140960217978215,15.583389643970783]}"
0.19911724,16,1,train,"{""geodesic"":false,""type"":""Point"",""coordinates"":[-13.344967619001759,15.726221774145786]}"
0.24484098,15,1,train,"{""geodesic"":false,""type"":""Point"",""coordinates"":[-13.157399387677602,15.54134848867399]}"
0.057555597,17,1,train,"{""geodesic"":false,""type"":""Point"",""coordinates"":[-13.193781156684443,15.665046503297248]}"
0.13886379,16,1,train,"{""geodesic"":false,""type"":""Point"",""coordinates"":[-13.233396860714114,15.62839523970517]}"
0.35219845,20,1,test,"{""geodesic"":false,""type"":""Point"",""coordinates"":[-13.056877907384628,15.481251196166394]}"
0.18406807,16,1,test,"{""geodesic"":false,""type"":""Point"",""coordinates"":[-13.135031337103026,15.538114553651159]}"
0.15180299,18,1,train,"{""geodesic"":false,""type"":""Point"",""coordinates"":[-13.197015091707273,15.671514373342907]}"
0.025640037,16,1,train,"{""geodesic"":false,""type"":""Point"",""coordinates"":[-13.253069965436332,15.78712755040909]}"
0.338775,20,1,train,"{""geodesic"":false,""type"":""Point"",""coordinates"":[-13.35197447821789,15.731342171265268]}"
0.10486614,19,1,train,"{""geodesic"":false,""type"":""Point"",""coordinates"":[-13.318018160478173,15.713825023224937]}"
0.020341316,15,1,train,"{""geodesic"":false,""type"":""Point"",""coordinates"":[-13.325564008864777,15.694960402258427]}"
0.18598217,15,1,train,"{""geodesic"":false,""type"":""Point"",""coordinates"":[-13.319904622574825,15.680946683826162]}"
0.21641803,20,1,test,"{""geodesic"":false,""type"":""Point"",""coordinates"":[-13.021574116718732,15.427082784533987]}"
0.050385993,16,1,test,"{""geodesic"":false,""type"":""Point"",""coordinates"":[-13.190008232491142,15.589857514016444]}"
0.14047045,16,1,test,"{""geodesic"":false,""type"":""Point"",""coordinates"":[-13.327180976376193,15.802219247182299]}"
0.19290625,15,1,test,"{""geodesic"":false,""type"":""Point"",""coordinates"":[-13.375420507133411,15.786049572068146]}"
0.0850309,20,1,test,"{""geodesic"":false,""type"":""Point"",""coordinates"":[-13.02292158964491,15.433011665409175]}"
0.048778202,18,1,train,"{""geodesic"":false,""type"":""Point"",""coordinates"":[-13.045559134804723,15.506583687178564]}"
0.195905,18,1,train,"{""geodesic"":false,""type"":""Point"",""coordinates"":[-13.081671409226328,15.4144165390279]}"
0.14037071,17,1,train,"{""geodesic"":false,""type"":""Point"",""coordinates"":[-13.324755525109069,15.767454445686873]}"
0.050183125,17,1,test,"{""geodesic"":false,""type"":""Point"",""coordinates"":[-13.194320145854915,15.660465095348238]}"
0.20170105,17,1,test,"{""geodesic"":false,""type"":""Point"",""coordinates"":[-13.35197447821789,15.823509319415932]}"
0.0472673,18,1,train,"{""geodesic"":false,""type"":""Point"",""coordinates"":[-13.077898485033025,15.434898127505825]}"
0.1901673,13,1,train,"{""geodesic"":false,""type"":""Point"",""coordinates"":[-13.270587113476662,15.585006611482198]}"
0.04397413,21,1,train,"{""geodesic"":false,""type"":""Point"",""coordinates"":[-13.38188837717907,15.777964734511071]}"
0.23522589,17,1,train,"{""geodesic"":false,""type"":""Point"",""coordinates"":[-13.361406788701146,15.78389361538626]}"
0.16076763,15,1,train,"{""geodesic"":false,""type"":""Point"",""coordinates"":[-13.219922131452321,15.584467622311726]}"
0.14669213,12,1,train,"{""geodesic"":false,""type"":""Point"",""coordinates"":[-13.378115452985769,15.8059921713756]}"
0.022582632,18,1,train,"{""geodesic"":false,""type"":""Point"",""coordinates"":[-13.330684405984258,15.727030257901495]}"
0.12713462,19,1,train,"{""geodesic"":false,""type"":""Point"",""coordinates"":[-13.083018882152507,15.448103362182383]}"
0.112775564,7,1,train,"{""geodesic"":false,""type"":""Point"",""coordinates"":[-13.299692528682135,15.838331521603903]}"
0.1945544,20,1,train,"{""geodesic"":false,""type"":""Point"",""coordinates"":[-13.240673214515482,15.651571774035455]}"
0.09841822,17,1,train,"{""geodesic"":false,""type"":""Point"",""coordinates"":[-13.197823575462982,15.657231160325408]}"
0.029762553,21,1,train,"{""geodesic"":false,""type"":""Point"",""coordinates"":[-13.357094875337372,15.815963471029328]}"
0.12954412,15,1,train,"{""geodesic"":false,""type"":""Point"",""coordinates"":[-13.301578990778786,15.694421413087955]}"
0.085247844,16,1,train,"{""geodesic"":false,""type"":""Point"",""coordinates"":[-13.193781156684443,15.568297947197575]}"
0.19360012,10,1,train,"{""geodesic"":false,""type"":""Point"",""coordinates"":[-13.221808593548973,15.576652279339886]}"
0.23072076,15,1,train,"{""geodesic"":false,""type"":""Point"",""coordinates"":[-13.317479171307701,15.676365275877153]}"
0.035689805,18,1,train,"{""geodesic"":false,""type"":""Point"",""coordinates"":[-13.220730615208028,15.559404625884792]}"
0.13223296,17,1,test,"{""geodesic"":false,""type"":""Point"",""coordinates"":[-13.29026021819888,15.652110763205926]}"
0.036297943,20,1,train,"{""geodesic"":false,""type"":""Point"",""coordinates"":[-13.27139559723237,15.803836214693714]}"
0.13738142,14,1,test,"{""geodesic"":false,""type"":""Point"",""coordinates"":[-13.132605885835904,15.455649210568987]}"
0.14836389,10,1,train,"{""geodesic"":false,""type"":""Point"",""coordinates"":[-13.229893431106047,15.617615456295736]}"
0.22861435,15,1,train,"{""geodesic"":false,""type"":""Point"",""coordinates"":[-13.166562203575621,15.526526286486018]}"
0.19566336,16,1,train,"{""geodesic"":false,""type"":""Point"",""coordinates"":[-13.058225380310807,15.456188199739458]}"
0.21129757,19,1,train,"{""geodesic"":false,""type"":""Point"",""coordinates"":[-13.36571870206492,15.80141076342659]}"
0.14497666,13,1,train,"{""geodesic"":false,""type"":""Point"",""coordinates"":[-13.26358025426053,15.575304806413707]}"
0.13492814,18,1,train,"{""geodesic"":false,""type"":""Point"",""coordinates"":[-13.300501012437842,15.694151918502719]}"
0.19097078,14,1,train,"{""geodesic"":false,""type"":""Point"",""coordinates"":[-13.0040569686784,15.491761484990592]}"
0.14386688,15,1,train,"{""geodesic"":false,""type"":""Point"",""coordinates"":[-13.297536572000247,15.690378994309418]}"
0.150116,14,1,train,"{""geodesic"":false,""type"":""Point"",""coordinates"":[-13.139073755881565,15.588240546505029]}"
0.17435832,15,1,test,"{""geodesic"":false,""type"":""Point"",""coordinates"":[-13.20563891843482,15.65453621447305]}"
0.19429748,16,1,train,"{""geodesic"":false,""type"":""Point"",""coordinates"":[-13.32340805218289,15.674748308365738]}"
0.11194206,19,1,train,"{""geodesic"":false,""type"":""Point"",""coordinates"":[-13.316401192966758,15.661004084518709]}"
0.069854684,18,1,train,"{""geodesic"":false,""type"":""Point"",""coordinates"":[-13.155782420166187,15.5068531817638]}"
0.1442199,8,1,train,"{""geodesic"":false,""type"":""Point"",""coordinates"":[-13.220730615208028,15.60899162956819]}"
0.11186619,18,1,train,"{""geodesic"":false,""type"":""Point"",""coordinates"":[-13.320982600915768,15.83132466238777]}"
0.1990498,14,1,train,"{""geodesic"":false,""type"":""Point"",""coordinates"":[-13.212106788480481,15.600098308255406]}"
0.2760744,10,1,train,"{""geodesic"":false,""type"":""Point"",""coordinates"":[-13.187852275809254,15.531377189020262]}"
0.19334829,14,1,train,"{""geodesic"":false,""type"":""Point"",""coordinates"":[-13.177611481570292,15.594977911135924]}"
0.23649506,14,1,test,"{""geodesic"":false,""type"":""Point"",""coordinates"":[-13.204291445508641,15.554014734180074]}"
0.19432718,8,1,train,"{""geodesic"":false,""type"":""Point"",""coordinates"":[-13.094068160147176,15.537845059065923]}"
0.19085088,18,1,train,"{""geodesic"":false,""type"":""Point"",""coordinates"":[-13.239056247004067,15.696307875184607]}"
0.092518486,7,1,train,"{""geodesic"":false,""type"":""Point"",""coordinates"":[-13.266275200112888,15.744547405941825]}"
0.25391734,17,1,train,"{""geodesic"":false,""type"":""Point"",""coordinates"":[-13.184618340786423,15.576652279339886]}"
0.17715074,8,1,train,"{""geodesic"":false,""type"":""Point"",""coordinates"":[-13.097302095170006,15.533802640287385]}"
0.060337454,18,1,train,"{""geodesic"":false,""type"":""Point"",""coordinates"":[-13.36571870206492,15.769610402368759]}"
0.20705473,14,1,train,"{""geodesic"":false,""type"":""Point"",""coordinates"":[-13.323947041353362,15.740235492578051]}"
0.24858414,18,1,train,"{""geodesic"":false,""type"":""Point"",""coordinates"":[-13.026425019252976,15.505775203422855]}"
0.13763073,14,1,test,"{""geodesic"":false,""type"":""Point"",""coordinates"":[-13.296458593659304,15.655883687399228]}"
0.12831622,15,1,train,"{""geodesic"":false,""type"":""Point"",""coordinates"":[-13.27274307015855,15.626778272193755]}"
0.108219616,16,1,train,"{""geodesic"":false,""type"":""Point"",""coordinates"":[-13.005404441604579,15.51197357888328]}"
0.21196873,14,1,train,"{""geodesic"":false,""type"":""Point"",""coordinates"":[-13.365179712894449,15.741313470918994]}"
0.30470157,20,1,test,"{""geodesic"":false,""type"":""Point"",""coordinates"":[-13.051218521094675,15.489605528308704]}"
0.12461454,18,1,test,"{""geodesic"":false,""type"":""Point"",""coordinates"":[-13.341733683978928,15.805183687619893]}"
0.14011618,11,1,train,"{""geodesic"":false,""type"":""Point"",""coordinates"":[-13.358981337434024,15.765298489004985]}"
0.20857024,14,1,train,"{""geodesic"":false,""type"":""Point"",""coordinates"":[-13.311280795847276,15.669627911246257]}"
0.20346676,16,1,train,"{""geodesic"":false,""type"":""Point"",""coordinates"":[-13.138534766711093,15.56533350675998]}"
0.25174996,16,1,train,"{""geodesic"":false,""type"":""Point"",""coordinates"":[-13.151470506802413,15.518980438099414]}"
0.29934275,12,1,train,"{""geodesic"":false,""type"":""Point"",""coordinates"":[-13.032353900128165,15.50739217093427]}"
0.2511675,16,1,train,"{""geodesic"":false,""type"":""Point"",""coordinates"":[-13.14392465841581,15.580155708947952]}"
0.2007631,17,1,train,"{""geodesic"":false,""type"":""Point"",""coordinates"":[-13.150123033876234,15.515477008491347]}"
0.2078068,22,1,train,"{""geodesic"":false,""type"":""Point"",""coordinates"":[-13.223964550230859,15.564794517589508]}"
0.2061953,20,1,train,"{""geodesic"":false,""type"":""Point"",""coordinates"":[-13.006482419945524,15.512512568053753]}"
0.048319988,23,1,test,"{""geodesic"":false,""type"":""Point"",""coordinates"":[-13.21803566935567,15.660195600763002]}"
0.1850089,14,1,train,"{""geodesic"":false,""type"":""Point"",""coordinates"":[-13.333918341007088,15.711130077372578]}"
0.2521483,20,1,test,"{""geodesic"":false,""type"":""Point"",""coordinates"":[-13.154165452654773,15.574226828072764]}"
0.117110826,8,1,train,"{""geodesic"":false,""type"":""Point"",""coordinates"":[-13.245524117049728,15.678790727144277]}"
0.10836067,16,1,train,"{""geodesic"":false,""type"":""Point"",""coordinates"":[-13.274360037669965,15.635402098921302]}"
0.081118606,14,1,train,"{""geodesic"":false,""type"":""Point"",""coordinates"":[-13.2746295322552,15.58419812772649]}"
0.27446285,10,1,train,"{""geodesic"":false,""type"":""Point"",""coordinates"":[-13.188391264979726,15.53353314570215]}"
0.05617835,16,1,test,"{""geodesic"":false,""type"":""Point"",""coordinates"":[-13.232857871543642,15.595786394891633]}"
0.05048496,16,1,train,"{""geodesic"":false,""type"":""Point"",""coordinates"":[-13.291607691125058,15.706818164008805]}"
0.15675335,16,1,train,"{""geodesic"":false,""type"":""Point"",""coordinates"":[-13.235822311981236,15.695768886014134]}"
0.03815572,16,1,test,"{""geodesic"":false,""type"":""Point"",""coordinates"":[-13.107273394823734,15.455110221398515]}"
0.15984467,15,1,train,"{""geodesic"":false,""type"":""Point"",""coordinates"":[-13.088408773857223,15.424118344096392]}"
0.26665968,19,1,train,"{""geodesic"":false,""type"":""Point"",""coordinates"":[-13.054721950702742,15.45214578096092]}"
0.16328274,26,1,train,"{""geodesic"":false,""type"":""Point"",""coordinates"":[-13.216149207259019,15.620849391318567]}"
0.076173894,7,1,train,"{""geodesic"":false,""type"":""Point"",""coordinates"":[-13.237708774077888,15.723526828293428]}"
0.030695634,20,1,test,"{""geodesic"":false,""type"":""Point"",""coordinates"":[-13.339308232711806,15.719484409514891]}"
0.09553683,19,1,test,"{""geodesic"":false,""type"":""Point"",""coordinates"":[-13.077359495862554,15.57126238763517]}"
0.2776555,14,1,train,"{""geodesic"":false,""type"":""Point"",""coordinates"":[-13.278402456448502,15.677982243388568]}"
0.21284886,19,1,train,"{""geodesic"":false,""type"":""Point"",""coordinates"":[-13.092720687220996,15.546738380378706]}"
0.2105034,13,1,test,"{""geodesic"":false,""type"":""Point"",""coordinates"":[-13.193242167513972,15.557248669202904]}"
0.11095709,20,1,test,"{""geodesic"":false,""type"":""Point"",""coordinates"":[-13.212376283065717,15.65184126862069]}"
0.2431511,15,1,train,"{""geodesic"":false,""type"":""Point"",""coordinates"":[-13.164406246893735,15.559674120470028]}"
0.028646495,16,1,train,"{""geodesic"":false,""type"":""Point"",""coordinates"":[-13.242020687441661,15.614651015858142]}"
0.10067261,8,1,train,"{""geodesic"":false,""type"":""Point"",""coordinates"":[-13.253878449192039,15.664507514126775]}"
0.07708259,20,1,train,"{""geodesic"":false,""type"":""Point"",""coordinates"":[-13.167101192746093,15.627047766778992]}"
0.08678755,12,1,train,"{""geodesic"":false,""type"":""Point"",""coordinates"":[-13.21668819642949,15.701158777718852]}"
0.09320731,17,1,train,"{""geodesic"":false,""type"":""Point"",""coordinates"":[-13.188391264979726,15.652649752376398]}"
0.14311804,15,1,train,"{""geodesic"":false,""type"":""Point"",""coordinates"":[-13.218574658526142,15.601715275766821]}"
0.24158369,17,1,test,"{""geodesic"":false,""type"":""Point"",""coordinates"":[-13.140151734222508,15.524100835218894]}"
0.10795912,16,1,train,"{""geodesic"":false,""type"":""Point"",""coordinates"":[-13.277593972692795,15.776347766999656]}"
0.27273017,17,1,train,"{""geodesic"":false,""type"":""Point"",""coordinates"":[-13.231779893202699,15.606027189130595]}"
0.20470838,13,1,train,"{""geodesic"":false,""type"":""Point"",""coordinates"":[-13.077090001277318,15.527065275656488]}"
0.03591976,19,1,test,"{""geodesic"":false,""type"":""Point"",""coordinates"":[-13.251991987095389,15.625430799267576]}"
0.060103834,14,1,test,"{""geodesic"":false,""type"":""Point"",""coordinates"":[-13.243098665782606,15.593091449039273]}"
0.10645576,17,1,train,"{""geodesic"":false,""type"":""Point"",""coordinates"":[-13.301040001608314,15.659117622422059]}"
0.07599321,16,1,train,"{""geodesic"":false,""type"":""Point"",""coordinates"":[-13.172760579036046,15.582042171044604]}"
0.08897369,17,1,train,"{""geodesic"":false,""type"":""Point"",""coordinates"":[-13.306699387898266,15.67393982461003]}"
0.23941706,13,1,train,"{""geodesic"":false,""type"":""Point"",""coordinates"":[-13.277324478107559,15.57638278475465]}"
0.13744564,17,1,train,"{""geodesic"":false,""type"":""Point"",""coordinates"":[-13.302117979949257,15.62004090756286]}"
0.18297859,15,1,train,"{""geodesic"":false,""type"":""Point"",""coordinates"":[-13.132605885835904,15.565603001345217]}"
0.19583122,21,1,train,"{""geodesic"":false,""type"":""Point"",""coordinates"":[-13.081940903811562,15.526526286486018]}"
0.19009943,15,1,train,"{""geodesic"":false,""type"":""Point"",""coordinates"":[-13.342003178564164,15.827012749023996]}"
0.1350384,12,1,train,"{""geodesic"":false,""type"":""Point"",""coordinates"":[-13.155512925580952,15.514938019320875]}"
0.22284286,16,1,train,"{""geodesic"":false,""type"":""Point"",""coordinates"":[-13.17518603030317,15.640522496040784]}"
0.10814037,7,1,train,"{""geodesic"":false,""type"":""Point"",""coordinates"":[-13.289721229028409,15.781737658704373]}"
0.24479376,13,1,train,"{""geodesic"":false,""type"":""Point"",""coordinates"":[-13.277054983522323,15.660734589933474]}"
0.22022139,14,1,train,"{""geodesic"":false,""type"":""Point"",""coordinates"":[-13.096763105999536,15.566411485100923]}"
0.036194872,18,1,test,"{""geodesic"":false,""type"":""Point"",""coordinates"":[-13.083557871322977,15.50227177381479]}"
0.17627342,20,1,test,"{""geodesic"":false,""type"":""Point"",""coordinates"":[-13.152278990558122,15.4820596799221]}"
0.14623062,19,1,train,"{""geodesic"":false,""type"":""Point"",""coordinates"":[-13.228006969009398,15.694421413087955]}"
0.28535184,13,1,train,"{""geodesic"":false,""type"":""Point"",""coordinates"":[-13.173569062791755,15.527873759412197]}"
0.075837106,18,1,test,"{""geodesic"":false,""type"":""Point"",""coordinates"":[-13.373803539621996,15.809495600983666]}"
0.15070008,16,1,train,"{""geodesic"":false,""type"":""Point"",""coordinates"":[-13.329336933058078,15.740504987163288]}"
0.25803056,13,1,train,"{""geodesic"":false,""type"":""Point"",""coordinates"":[-13.170065633183688,15.543773939941111]}"
0.054834045,23,1,train,"{""geodesic"":false,""type"":""Point"",""coordinates"":[-13.327719965546663,15.726491268731023]}"
0.13835298,15,1,train,"{""geodesic"":false,""type"":""Point"",""coordinates"":[-13.256303900459162,15.566950474271396]}"
0.097083665,18,1,test,"{""geodesic"":false,""type"":""Point"",""coordinates"":[-13.24794956831685,15.737001557555221]}"
0.18843424,15,1,train,"{""geodesic"":false,""type"":""Point"",""coordinates"":[-13.173030073621282,15.50227177381479]}"
0.21626496,15,1,train,"{""geodesic"":false,""type"":""Point"",""coordinates"":[-13.273551553914256,15.659926106177766]}"
0.265196,16,1,train,"{""geodesic"":false,""type"":""Point"",""coordinates"":[-13.165484225234678,15.50361924674097]}"
0.24951704,14,1,train,"{""geodesic"":false,""type"":""Point"",""coordinates"":[-13.190816716246848,15.540540004918281]}"
0.116544284,17,1,train,"{""geodesic"":false,""type"":""Point"",""coordinates"":[-13.03343187846911,15.531377189020262]}"
0.17181319,15,1,train,"{""geodesic"":false,""type"":""Point"",""coordinates"":[-13.042325199781892,15.534072134872622]}"
0.11834324,16,1,train,"{""geodesic"":false,""type"":""Point"",""coordinates"":[-13.09514613848812,15.451067802619978]}"
0.040452804,8,1,test,"{""geodesic"":false,""type"":""Point"",""coordinates"":[-13.173569062791755,15.619501918392388]}"
0.26957643,16,1,test,"{""geodesic"":false,""type"":""Point"",""coordinates"":[-13.29026021819888,15.672861846269086]}"
0.07400716,8,1,train,"{""geodesic"":false,""type"":""Point"",""coordinates"":[-13.091373214294817,15.493917441672478]}"
0.2143528,17,1,train,"{""geodesic"":false,""type"":""Point"",""coordinates"":[-13.025886030082505,15.445138921744789]}"
0.20396575,12,1,test,"{""geodesic"":false,""type"":""Point"",""coordinates"":[-13.20887285345765,15.55751816378814]}"
0.027257495,16,1,train,"{""geodesic"":false,""type"":""Point"",""coordinates"":[-13.318557149648644,15.700889283133616]}"
0.22785203,16,1,train,"{""geodesic"":false,""type"":""Point"",""coordinates"":[-13.198632059218689,15.594438921965454]}"
0.20652646,11,1,test,"{""geodesic"":false,""type"":""Point"",""coordinates"":[-13.204830434679113,15.567758958027103]}"
0.25748432,13,1,test,"{""geodesic"":false,""type"":""Point"",""coordinates"":[-13.180575922007886,15.563716539248565]}"
0.19091524,7,1,train,"{""geodesic"":false,""type"":""Point"",""coordinates"":[-13.287026283176049,15.762334048567391]}"
0.1635271,17,1,test,"{""geodesic"":false,""type"":""Point"",""coordinates"":[-13.362484767042089,15.77149686446541]}"
0.06706216,18,1,train,"{""geodesic"":false,""type"":""Point"",""coordinates"":[-13.305082420386851,15.806800655131308]}"
0.046052095,18,1,train,"{""geodesic"":false,""type"":""Point"",""coordinates"":[-13.321791084671474,15.822700835660223]}"
0.0412415,16,1,train,"{""geodesic"":false,""type"":""Point"",""coordinates"":[-13.061189820748401,15.504697225081912]}"
0.11870603,15,1,train,"{""geodesic"":false,""type"":""Point"",""coordinates"":[-13.202674477997226,15.596325384062103]}"
0.111409865,19,1,train,"{""geodesic"":false,""type"":""Point"",""coordinates"":[-13.202135488826755,15.668010943734842]}"
0.20550974,17,1,train,"{""geodesic"":false,""type"":""Point"",""coordinates"":[-13.15039252846147,15.491491990405356]}"
0.17412433,13,1,train,"{""geodesic"":false,""type"":""Point"",""coordinates"":[-13.261693792163879,15.710860582787342]}"
0.0989942,17,1,train,"{""geodesic"":false,""type"":""Point"",""coordinates"":[-13.194320145854915,15.61411202668767]}"
0.2027815,14,1,train,"{""geodesic"":false,""type"":""Point"",""coordinates"":[-13.32340805218289,15.679599210899983]}"
0.2523564,14,1,train,"{""geodesic"":false,""type"":""Point"",""coordinates"":[-13.159016355189017,15.57638278475465]}"
0.104503624,17,1,train,"{""geodesic"":false,""type"":""Point"",""coordinates"":[-13.10484794355661,15.439479535454835]}"
0.17769255,17,1,test,"{""geodesic"":false,""type"":""Point"",""coordinates"":[-13.149314550120527,15.559943615055262]}"
0.20905592,8,1,train,"{""geodesic"":false,""type"":""Point"",""coordinates"":[-13.088139279271987,15.546738380378706]}"
0.28014532,13,1,train,"{""geodesic"":false,""type"":""Point"",""coordinates"":[-13.173299568206518,15.57907773060701]}"
0.1372972,12,1,train,"{""geodesic"":false,""type"":""Point"",""coordinates"":[-13.242020687441661,15.607374662056774]}"
0.048939724,17,1,train,"{""geodesic"":false,""type"":""Point"",""coordinates"":[-13.328528449302372,15.799524301329939]}"
0.2752544,17,1,train,"{""geodesic"":false,""type"":""Point"",""coordinates"":[-13.2889127452727,15.673131340854322]}"
0.076425724,14,1,train,"{""geodesic"":false,""type"":""Point"",""coordinates"":[-13.186235308297839,15.623813831756161]}"
0.23530193,17,1,train,"{""geodesic"":false,""type"":""Point"",""coordinates"":[-13.338499748956098,15.7631425323231]}"
0.05458958,16,1,train,"{""geodesic"":false,""type"":""Point"",""coordinates"":[-13.27786346727803,15.655883687399228]}"
0.14310396,17,1,train,"{""geodesic"":false,""type"":""Point"",""coordinates"":[-13.17383855737699,15.634593615165596]}"
0.096151605,16,1,train,"{""geodesic"":false,""type"":""Point"",""coordinates"":[-13.259268340896757,15.597942351573518]}"
0.32878613,16,1,train,"{""geodesic"":false,""type"":""Point"",""coordinates"":[-13.347123575683646,15.72083188244107]}"
0.25510523,15,1,train,"{""geodesic"":false,""type"":""Point"",""coordinates"":[-13.164675741478971,15.570184409294226]}"
0.19572072,22,1,train,"{""geodesic"":false,""type"":""Point"",""coordinates"":[-13.366257691235392,15.728916719998145]}"
0.31304985,16,1,train,"{""geodesic"":false,""type"":""Point"",""coordinates"":[-13.270317618891426,15.679329716314747]}"
0.17206763,17,1,train,"{""geodesic"":false,""type"":""Point"",""coordinates"":[-13.334996319348033,15.808148128057487]}"
0.2029615,14,1,train,"{""geodesic"":false,""type"":""Point"",""coordinates"":[-13.323947041353362,15.678790727144277]}"
0.25973305,16,1,train,"{""geodesic"":false,""type"":""Point"",""coordinates"":[-13.351165994462184,15.72918621458338]}"
0.18189275,15,1,test,"{""geodesic"":false,""type"":""Point"",""coordinates"":[-13.198093070048216,15.650763290279746]}"
0.26843143,16,1,train,"{""geodesic"":false,""type"":""Point"",""coordinates"":[-13.04636761856043,15.510626105957101]}"
0.13188376,16,1,train,"{""geodesic"":false,""type"":""Point"",""coordinates"":[-13.124521048278828,15.542426467014932]}"
0.048432425,19,1,train,"{""geodesic"":false,""type"":""Point"",""coordinates"":[-13.05795588572557,15.518441448928941]}"
0.24909988,15,1,train,"{""geodesic"":false,""type"":""Point"",""coordinates"":[-13.164406246893735,15.53730606989545]}"
0.07793643,17,1,train,"{""geodesic"":false,""type"":""Point"",""coordinates"":[-13.211298304724775,15.547546864134414]}"
0.053119987,16,1,train,"{""geodesic"":false,""type"":""Point"",""coordinates"":[-13.315862203796286,15.664777008712012]}"
0.046647288,16,1,test,"{""geodesic"":false,""type"":""Point"",""coordinates"":[-13.200788015900576,15.643217441893142]}"
0.03525695,13,1,train,"{""geodesic"":false,""type"":""Point"",""coordinates"":[-13.260615813822936,15.62004090756286]}"
0.3072331,19,1,train,"{""geodesic"":false,""type"":""Point"",""coordinates"":[-13.045828629389957,15.49957682796243]}"
0.103184335,8,1,test,"{""geodesic"":false,""type"":""Point"",""coordinates"":[-13.139882239637272,15.600637297425877]}"
0.17164658,8,1,train,"{""geodesic"":false,""type"":""Point"",""coordinates"":[-13.184618340786423,15.625430799267576]}"
0.15324223,15,1,train,"{""geodesic"":false,""type"":""Point"",""coordinates"":[-13.322599568427183,15.680677189240926]}"
0.03539276,19,1,train,"{""geodesic"":false,""type"":""Point"",""coordinates"":[-13.324755525109069,15.7240658174639]}"
0.13382289,17,1,train,"{""geodesic"":false,""type"":""Point"",""coordinates"":[-13.27597700518138,15.685258597189936]}"
0.18830691,15,1,train,"{""geodesic"":false,""type"":""Point"",""coordinates"":[-13.180575922007886,15.593630438209745]}"
0.1561772,17,1,train,"{""geodesic"":false,""type"":""Point"",""coordinates"":[-13.31424523628487,15.694690907673191]}"
0.14770792,18,1,train,"{""geodesic"":false,""type"":""Point"",""coordinates"":[-13.21345426140666,15.5782692468513]}"
0.08694095,17,1,train,"{""geodesic"":false,""type"":""Point"",""coordinates"":[-13.240673214515482,15.609261124153425]}"
0.20035075,16,1,train,"{""geodesic"":false,""type"":""Point"",""coordinates"":[-13.360328810360203,15.803297225523242]}"
0.11963159,20,1,train,"{""geodesic"":false,""type"":""Point"",""coordinates"":[-13.254956427532983,15.700080799377908]}"
0.14405301,17,1,train,"{""geodesic"":false,""type"":""Point"",""coordinates"":[-13.351704983632654,15.711938561128287]}"
0.20515959,18,1,train,"{""geodesic"":false,""type"":""Point"",""coordinates"":[-13.107812383994204,15.446486394670968]}"
0.2801333,15,1,test,"{""geodesic"":false,""type"":""Point"",""coordinates"":[-13.16602321440515,15.496073398354365]}"
0.08696965,17,1,train,"{""geodesic"":false,""type"":""Point"",""coordinates"":[-13.227737474424162,15.662351557444888]}"
0.16667444,16,1,train,"{""geodesic"":false,""type"":""Point"",""coordinates"":[-13.328258954717136,15.702236756059795]}"
0.19118801,14,1,train,"{""geodesic"":false,""type"":""Point"",""coordinates"":[-13.157938376848074,15.527873759412197]}"
0.047246955,16,1,train,"{""geodesic"":false,""type"":""Point"",""coordinates"":[-13.32152159008624,15.685528091775172]}"
0.1484991,16,1,train,"{""geodesic"":false,""type"":""Point"",""coordinates"":[-13.201327005071047,15.594977911135924]}"
0.12898745,14,1,train,"{""geodesic"":false,""type"":""Point"",""coordinates"":[-13.252800470851096,15.741313470918994]}"
0.1945099,13,1,train,"{""geodesic"":false,""type"":""Point"",""coordinates"":[-13.133144875006376,15.564794517589508]}"
0.15532131,16,1,train,"{""geodesic"":false,""type"":""Point"",""coordinates"":[-13.368683142502514,15.75532718935126]}"
0.04917631,14,1,train,"{""geodesic"":false,""type"":""Point"",""coordinates"":[-13.235283322810766,15.575304806413707]}"
0.10623027,17,1,test,"{""geodesic"":false,""type"":""Point"",""coordinates"":[-13.244176644123549,15.572879355146585]}"
0.05869187,14,1,train,"{""geodesic"":false,""type"":""Point"",""coordinates"":[-13.30265696911973,15.741313470918994]}"
0.13865039,16,1,train,"{""geodesic"":false,""type"":""Point"",""coordinates"":[-13.25253097626586,15.739696503407579]}"
0.30822867,16,1,train,"{""geodesic"":false,""type"":""Point"",""coordinates"":[-13.147697582609112,15.525717802730309]}"
0.30852425,17,1,train,"{""geodesic"":false,""type"":""Point"",""coordinates"":[-13.144733142171518,15.545660402037763]}"
0.10115287,16,1,train,"{""geodesic"":false,""type"":""Point"",""coordinates"":[-13.078706968788733,15.477208777387855]}"
0.11610439,18,1,train,"{""geodesic"":false,""type"":""Point"",""coordinates"":[-13.342003178564164,15.697924842696022]}"
0.26656306,13,1,train,"{""geodesic"":false,""type"":""Point"",""coordinates"":[-13.178419965325999,15.522483867707479]}"
0.11747598,17,1,train,"{""geodesic"":false,""type"":""Point"",""coordinates"":[-13.109698846090856,15.447564373011911]}"
0.19342527,17,1,train,"{""geodesic"":false,""type"":""Point"",""coordinates"":[-13.20563891843482,15.685258597189936]}"
0.22345196,13,1,test,"{""geodesic"":false,""type"":""Point"",""coordinates"":[-13.333648846421852,15.774191810317769]}"
0.02263745,19,1,train,"{""geodesic"":false,""type"":""Point"",""coordinates"":[-13.213184766821424,15.648337839012624]}"
0.23132819,14,1,train,"{""geodesic"":false,""type"":""Point"",""coordinates"":[-13.162250290211848,15.500385311718139]}"
0.032273363,21,1,train,"{""geodesic"":false,""type"":""Point"",""coordinates"":[-13.197554080877746,15.65372773071734]}"
0.21223438,16,1,train,"{""geodesic"":false,""type"":""Point"",""coordinates"":[-13.146350109682933,15.514668524735638]}"
0.16025187,17,1,train,"{""geodesic"":false,""type"":""Point"",""coordinates"":[-13.341464189393692,15.804914193034657]}"
0.16807757,14,1,train,"{""geodesic"":false,""type"":""Point"",""coordinates"":[-13.168179171087036,15.509278633030922]}"
0.2510862,18,1,train,"{""geodesic"":false,""type"":""Point"",""coordinates"":[-13.018609676281136,15.442443975892429]}"
0.22342402,16,1,train,"{""geodesic"":false,""type"":""Point"",""coordinates"":[-13.329336933058078,15.772305348221117]}"
0.22226155,16,1,train,"{""geodesic"":false,""type"":""Point"",""coordinates"":[-13.325294514279541,15.67205336251338]}"
0.058802538,18,1,train,"{""geodesic"":false,""type"":""Point"",""coordinates"":[-13.146889098853404,15.50415823591144]}"
0.1354059,8,1,test,"{""geodesic"":false,""type"":""Point"",""coordinates"":[-13.216418701844255,15.61222556459102]}"
0.054173596,15,1,train,"{""geodesic"":false,""type"":""Point"",""coordinates"":[-13.242290182026897,15.6459123877455]}"
0.029513298,8,1,train,"{""geodesic"":false,""type"":""Point"",""coordinates"":[-13.174647041132697,15.621118885903803]}"
0.15882336,16,1,train,"{""geodesic"":false,""type"":""Point"",""coordinates"":[-13.183270867860244,15.663429535785832]}"
0.08785979,7,1,train,"{""geodesic"":false,""type"":""Point"",""coordinates"":[-13.282983864397512,15.80464469844942]}"
0.17422803,13,1,test,"{""geodesic"":false,""type"":""Point"",""coordinates"":[-13.22908494735034,15.589857514016444]}"
0.10505102,22,1,train,"{""geodesic"":false,""type"":""Point"",""coordinates"":[-13.169526644013215,15.594977911135924]}"
0.09300066,19,1,test,"{""geodesic"":false,""type"":""Point"",""coordinates"":[-13.073317077084015,15.57126238763517]}"
0.28797176,15,1,train,"{""geodesic"":false,""type"":""Point"",""coordinates"":[-13.344967619001759,15.75721365144791]}"
0.25695783,15,1,train,"{""geodesic"":false,""type"":""Point"",""coordinates"":[-13.151201012217179,15.568836936368045]}"
0.24676135,17,1,test,"{""geodesic"":false,""type"":""Point"",""coordinates"":[-13.24282917119737,15.601715275766821]}"
0.24712947,15,1,train,"{""geodesic"":false,""type"":""Point"",""coordinates"":[-13.159016355189017,15.54512141286729]}"
0.08893883,20,1,train,"{""geodesic"":false,""type"":""Point"",""coordinates"":[-13.150662023046706,15.596325384062103]}"
0.123204306,18,1,train,"{""geodesic"":false,""type"":""Point"",""coordinates"":[-13.368413647917277,15.773652821147298]}"
0.22333622,15,1,test,"{""geodesic"":false,""type"":""Point"",""coordinates"":[-13.175994514058877,15.589588019431208]}"
0.1976618,18,1,train,"{""geodesic"":false,""type"":""Point"",""coordinates"":[-13.02426906257109,15.444599932574317]}"
0.15573807,12,1,train,"{""geodesic"":false,""type"":""Point"",""coordinates"":[-13.211298304724775,15.571801376805642]}"
0.08881395,14,1,train,"{""geodesic"":false,""type"":""Point"",""coordinates"":[-13.302117979949257,15.74158296550423]}"
0.17184146,20,1,test,"{""geodesic"":false,""type"":""Point"",""coordinates"":[-13.353860940314542,15.804105709278948]}"
0.25677648,15,1,train,"{""geodesic"":false,""type"":""Point"",""coordinates"":[-13.178958954496471,15.563447044663329]}"
0.03269433,18,1,train,"{""geodesic"":false,""type"":""Point"",""coordinates"":[-13.254147943777275,15.786319066653382]}"
0.14377135,15,1,train,"{""geodesic"":false,""type"":""Point"",""coordinates"":[-13.274090543084728,15.662351557444888]}"
0.10491113,17,1,test,"{""geodesic"":false,""type"":""Point"",""coordinates"":[-13.07816797961826,15.425735311607806]}"
0.18392271,16,1,train,"{""geodesic"":false,""type"":""Point"",""coordinates"":[-13.101883503119016,15.437593073358185]}"
0.16345857,17,1,test,"{""geodesic"":false,""type"":""Point"",""coordinates"":[-13.180845416593122,15.583659138556019]}"
0.036952503,21,1,train,"{""geodesic"":false,""type"":""Point"",""coordinates"":[-13.165484225234678,15.648068344427388]}"
0.19917767,15,1,train,"{""geodesic"":false,""type"":""Point"",""coordinates"":[-13.324755525109069,15.677173759632861]}"
0.20963621,17,1,train,"{""geodesic"":false,""type"":""Point"",""coordinates"":[-13.20833386428718,15.64537339857503]}"
0.27401507,17,1,train,"{""geodesic"":false,""type"":""Point"",""coordinates"":[-13.343350651490343,15.756674662277439]}"
0.13044292,20,1,train,"{""geodesic"":false,""type"":""Point"",""coordinates"":[-13.35332195114407,15.787936034164797]}"
0.047071163,16,1,train,"{""geodesic"":false,""type"":""Point"",""coordinates"":[-13.115088737795572,15.45214578096092]}"
0.18117839,13,1,train,"{""geodesic"":false,""type"":""Point"",""coordinates"":[-13.1927031783435,15.639714012285076]}"
0.17196596,13,1,train,"{""geodesic"":false,""type"":""Point"",""coordinates"":[-13.17572501947364,15.545660402037763]}"
0.1626995,15,1,test,"{""geodesic"":false,""type"":""Point"",""coordinates"":[-13.00351797950793,15.516824481417526]}"
0.2649538,14,1,train,"{""geodesic"":false,""type"":""Point"",""coordinates"":[-13.175455524888404,15.56209957173715]}"
0.27989644,18,1,train,"{""geodesic"":false,""type"":""Point"",""coordinates"":[-13.277593972692795,15.670975384172436]}"
0.19285949,16,1,test,"{""geodesic"":false,""type"":""Point"",""coordinates"":[-13.166562203575621,15.517632965173233]}"
0.20500274,19,1,train,"{""geodesic"":false,""type"":""Point"",""coordinates"":[-13.36113729411591,15.782815637045317]}"
0.1382909,21,1,train,"{""geodesic"":false,""type"":""Point"",""coordinates"":[-13.374881517962939,15.739157514237107]}"
0.10953108,13,1,train,"{""geodesic"":false,""type"":""Point"",""coordinates"":[-13.331762384325202,15.744547405941825]}"
0.19791088,18,1,train,"{""geodesic"":false,""type"":""Point"",""coordinates"":[-13.347932059439353,15.824048308586402]}"
0.19660942,14,1,train,"{""geodesic"":false,""type"":""Point"",""coordinates"":[-13.26358025426053,15.584467622311726]}"
0.18972489,20,1,train,"{""geodesic"":false,""type"":""Point"",""coordinates"":[-13.252261481680623,15.575843795584179]}"
0.22675869,18,1,test,"{""geodesic"":false,""type"":""Point"",""coordinates"":[-13.29672808824454,15.66423801954154]}"
0.14096875,16,1,train,"{""geodesic"":false,""type"":""Point"",""coordinates"":[-13.337421770615155,15.74751184637942]}"
0.03269,17,1,test,"{""geodesic"":false,""type"":""Point"",""coordinates"":[-13.324486030523834,15.741852460089467]}"
0.12746844,16,1,train,"{""geodesic"":false,""type"":""Point"",""coordinates"":[-13.122365091596942,15.552128272083424]}"
0.027917763,14,1,test,"{""geodesic"":false,""type"":""Point"",""coordinates"":[-13.34685408109841,15.706009680253096]}"
0.26621234,16,1,test,"{""geodesic"":false,""type"":""Point"",""coordinates"":[-13.329067438472844,15.761525564811684]}"
0.15218666,20,1,train,"{""geodesic"":false,""type"":""Point"",""coordinates"":[-13.354938918655485,15.803836214693714]}"
0.06336636,16,1,train,"{""geodesic"":false,""type"":""Point"",""coordinates"":[-13.31235877418822,15.686875564701351]}"
0.27611274,17,1,train,"{""geodesic"":false,""type"":""Point"",""coordinates"":[-13.09568512765859,15.43974903004007]}"
0.021045433,14,1,train,"{""geodesic"":false,""type"":""Point"",""coordinates"":[-13.254956427532983,15.57961671977748]}"
0.17067437,15,1,train,"{""geodesic"":false,""type"":""Point"",""coordinates"":[-13.162519784797084,15.51143458971281]}"
0.14638329,18,1,train,"{""geodesic"":false,""type"":""Point"",""coordinates"":[-13.178689459911235,15.655344698228756]}"
0.24317476,15,1,train,"{""geodesic"":false,""type"":""Point"",""coordinates"":[-13.137726282955384,15.547546864134414]}"
0.23459205,14,1,train,"{""geodesic"":false,""type"":""Point"",""coordinates"":[-13.149314550120527,15.554823217935782]}"
0.03311218,12,1,test,"{""geodesic"":false,""type"":""Point"",""coordinates"":[-13.099188557266658,15.530838199849791]}"
0.24098228,12,1,test,"{""geodesic"":false,""type"":""Point"",""coordinates"":[-13.167101192746093,15.531646683605498]}"
0.24191532,18,1,train,"{""geodesic"":false,""type"":""Point"",""coordinates"":[-13.092990181806233,15.43786256794342]}"
0.13342358,16,1,train,"{""geodesic"":false,""type"":""Point"",""coordinates"":[-13.24282917119737,15.684719608019465]}"
0.25619915,19,1,train,"{""geodesic"":false,""type"":""Point"",""coordinates"":[-13.270317618891426,15.68364162967852]}"
0.18053392,17,1,train,"{""geodesic"":false,""type"":""Point"",""coordinates"":[-13.079784947129676,15.504697225081912]}"
0.08627725,8,1,train,"{""geodesic"":false,""type"":""Point"",""coordinates"":[-13.211298304724775,15.699002821036965]}"
0.0899817,16,1,test,"{""geodesic"":false,""type"":""Point"",""coordinates"":[-13.180575922007886,15.531916178190734]}"
0.088628836,14,1,test,"{""geodesic"":false,""type"":""Point"",""coordinates"":[-13.284061842738454,15.63755805560319]}"
0.074929215,8,1,train,"{""geodesic"":false,""type"":""Point"",""coordinates"":[-13.065771228697411,15.482868163677809]}"
0.12909754,17,1,train,"{""geodesic"":false,""type"":""Point"",""coordinates"":[-13.27786346727803,15.648337839012624]}"
0.17176661,15,1,test,"{""geodesic"":false,""type"":""Point"",""coordinates"":[-13.202674477997226,15.655614192813992]}"
0.08662388,13,1,train,"{""geodesic"":false,""type"":""Point"",""coordinates"":[-13.2889127452727,15.696307875184607]}"
0.19579211,15,1,train,"{""geodesic"":false,""type"":""Point"",""coordinates"":[-13.129102456227837,15.534611124043092]}"
0.17525193,14,1,train,"{""geodesic"":false,""type"":""Point"",""coordinates"":[-13.199979532144868,15.546738380378706]}"
0.22213526,16,1,train,"{""geodesic"":false,""type"":""Point"",""coordinates"":[-13.156051914751423,15.490144517479177]}"
0.102033995,17,1,train,"{""geodesic"":false,""type"":""Point"",""coordinates"":[-13.327180976376193,15.706009680253096]}"
0.08107603,18,1,test,"{""geodesic"":false,""type"":""Point"",""coordinates"":[-13.044211661878544,15.537036575310216]}"
0.17913689,8,1,train,"{""geodesic"":false,""type"":""Point"",""coordinates"":[-13.09568512765859,15.494186936257714]}"
0.17537287,14,1,train,"{""geodesic"":false,""type"":""Point"",""coordinates"":[-13.215610218088548,15.586354084408377]}"
0.1853916,15,1,train,"{""geodesic"":false,""type"":""Point"",""coordinates"":[-13.193781156684443,15.64672087150121]}"
0.3010691,17,1,train,"{""geodesic"":false,""type"":""Point"",""coordinates"":[-13.16332826855279,15.502541268400025]}"
0.04383807,12,1,train,"{""geodesic"":false,""type"":""Point"",""coordinates"":[-13.255495416703454,15.789822496261449]}"
0.12728128,14,1,test,"{""geodesic"":false,""type"":""Point"",""coordinates"":[-13.295380615318361,15.646451376915973]}"
0.09781331,18,1,test,"{""geodesic"":false,""type"":""Point"",""coordinates"":[-13.23824776324836,15.691187478065125]}"
0.15563014,19,1,train,"{""geodesic"":false,""type"":""Point"",""coordinates"":[-13.152009495972885,15.54188747784446]}"
0.17247754,17,1,train,"{""geodesic"":false,""type"":""Point"",""coordinates"":[-13.33580480310374,15.707626647764512]}"
0.20880264,15,1,train,"{""geodesic"":false,""type"":""Point"",""coordinates"":[-13.319635127989589,15.78847502333527]}"
0.13697477,20,1,test,"{""geodesic"":false,""type"":""Point"",""coordinates"":[-13.23690029032218,15.681755167581871]}"
0.13567653,19,1,train,"{""geodesic"":false,""type"":""Point"",""coordinates"":[-13.124790542864064,15.54134848867399]}"
0.03509133,20,1,train,"{""geodesic"":false,""type"":""Point"",""coordinates"":[-13.056877907384628,15.5497028208163]}"
0.25969484,15,1,train,"{""geodesic"":false,""type"":""Point"",""coordinates"":[-13.292685669466003,15.676904265047625]}"
0.1536251,11,1,test,"{""geodesic"":false,""type"":""Point"",""coordinates"":[-13.216149207259019,15.572340365976112]}"
0.13508987,18,1,train,"{""geodesic"":false,""type"":""Point"",""coordinates"":[-13.206986391361001,15.652110763205926]}"
0.17428504,15,1,test,"{""geodesic"":false,""type"":""Point"",""coordinates"":[-13.163597763138027,15.517363470587998]}"
0.14760272,16,1,train,"{""geodesic"":false,""type"":""Point"",""coordinates"":[-13.238517257833596,15.694151918502719]}"
0.25520065,14,1,train,"{""geodesic"":false,""type"":""Point"",""coordinates"":[-13.160902817285669,15.566141990515687]}"
0.22045912,14,1,train,"{""geodesic"":false,""type"":""Point"",""coordinates"":[-13.201865994241519,15.552397766668658]}"
0.13028234,21,1,train,"{""geodesic"":false,""type"":""Point"",""coordinates"":[-13.260615813822936,15.699811304792673]}"
0.24670635,16,1,train,"{""geodesic"":false,""type"":""Point"",""coordinates"":[-13.10430895438614,15.451337297205212]}"
0.20064145,17,1,train,"{""geodesic"":false,""type"":""Point"",""coordinates"":[-13.087061300931044,15.568297947197575]}"
0.084204,18,1,train,"{""geodesic"":false,""type"":""Point"",""coordinates"":[-13.335265813933267,15.674748308365738]}"
0.22485869,18,1,train,"{""geodesic"":false,""type"":""Point"",""coordinates"":[-13.07628151752161,15.548085853304885]}"
0.21256335,11,1,test,"{""geodesic"":false,""type"":""Point"",""coordinates"":[-13.209411842628123,15.562369066322386]}"
0.23326626,15,1,test,"{""geodesic"":false,""type"":""Point"",""coordinates"":[-13.275438016010908,15.663968524956303]}"
0.17004189,24,1,train,"{""geodesic"":false,""type"":""Point"",""coordinates"":[-13.217227185599963,15.64725986067168]}"
0.19768746,14,1,train,"{""geodesic"":false,""type"":""Point"",""coordinates"":[-13.32664198720572,15.679599210899983]}"
0.27886093,16,1,train,"{""geodesic"":false,""type"":""Point"",""coordinates"":[-13.279480434789445,15.663429535785832]}"
0.12318131,18,1,train,"{""geodesic"":false,""type"":""Point"",""coordinates"":[-13.230701914861756,15.693882423917485]}"
0.1385708,19,1,train,"{""geodesic"":false,""type"":""Point"",""coordinates"":[-13.140151734222508,15.509278633030922]}"
0.027803246,17,1,train,"{""geodesic"":false,""type"":""Point"",""coordinates"":[-13.173299568206518,15.649146322768331]}"
0.16985016,16,1,train,"{""geodesic"":false,""type"":""Point"",""coordinates"":[-13.29214668029553,15.684719608019465]}"
0.30780035,16,1,train,"{""geodesic"":false,""type"":""Point"",""coordinates"":[-13.157129893092367,15.533263651116913]}"
0.27903193,10,1,train,"{""geodesic"":false,""type"":""Point"",""coordinates"":[-13.182731878689774,15.522214373122242]}"
0.10277775,18,1,train,"{""geodesic"":false,""type"":""Point"",""coordinates"":[-13.115627726966045,15.569106430953282]}"
0.07995066,17,1,train,"{""geodesic"":false,""type"":""Point"",""coordinates"":[-13.332031878910438,15.698733326451729]}"
0.18846415,15,1,train,"{""geodesic"":false,""type"":""Point"",""coordinates"":[-13.094876643902884,15.567758958027103]}"
0.17731279,7,1,test,"{""geodesic"":false,""type"":""Point"",""coordinates"":[-13.289721229028409,15.762873037737863]}"
0.079190955,11,1,train,"{""geodesic"":false,""type"":""Point"",""coordinates"":[-13.30130949619355,15.824317803171638]}"
0.08603736,16,1,train,"{""geodesic"":false,""type"":""Point"",""coordinates"":[-13.182192889519301,15.505236214252385]}"
0.12466046,16,1,train,"{""geodesic"":false,""type"":""Point"",""coordinates"":[-13.310741806676806,15.616537477954793]}"
0.20202854,18,1,test,"{""geodesic"":false,""type"":""Point"",""coordinates"":[-13.13745678837015,15.484215636603988]}"
0.1743564,19,1,train,"{""geodesic"":false,""type"":""Point"",""coordinates"":[-13.082210398396798,15.563177550078093]}"
0.11887186,18,1,test,"{""geodesic"":false,""type"":""Point"",""coordinates"":[-13.301848485364022,15.693882423917485]}"
0.26725897,17,1,train,"{""geodesic"":false,""type"":""Point"",""coordinates"":[-13.289990723613643,15.674209319195267]}"
0.061126094,14,1,train,"{""geodesic"":false,""type"":""Point"",""coordinates"":[-13.343350651490343,15.704662207326917]}"
0.03351771,15,1,train,"{""geodesic"":false,""type"":""Point"",""coordinates"":[-13.239864730759775,15.677712748803332]}"
0.2865133,17,1,train,"{""geodesic"":false,""type"":""Point"",""coordinates"":[-13.053104983191327,15.502541268400025]}"
0.07066759,15,1,test,"{""geodesic"":false,""type"":""Point"",""coordinates"":[-13.333379351836617,15.70196726147456]}"
0.07408339,16,1,train,"{""geodesic"":false,""type"":""Point"",""coordinates"":[-13.261154802993408,15.621388380489039]}"
0.22618541,17,1,train,"{""geodesic"":false,""type"":""Point"",""coordinates"":[-13.27597700518138,15.680946683826162]}"
0.03571962,8,1,train,"{""geodesic"":false,""type"":""Point"",""coordinates"":[-13.174647041132697,15.620849391318567]}"
0.13954917,19,1,train,"{""geodesic"":false,""type"":""Point"",""coordinates"":[-13.149314550120527,15.483676647433516]}"
0.0943194,13,1,train,"{""geodesic"":false,""type"":""Point"",""coordinates"":[-13.187313286638783,15.624083326341397]}"
0.19840835,19,1,test,"{""geodesic"":false,""type"":""Point"",""coordinates"":[-13.329067438472844,15.81380751434744]}"
0.12372957,18,1,train,"{""geodesic"":false,""type"":""Point"",""coordinates"":[-13.269778629720955,15.686606070116115]}"
0.2630213,13,1,train,"{""geodesic"":false,""type"":""Point"",""coordinates"":[-13.164406246893735,15.54000101574781]}"
0.11714833,18,1,train,"{""geodesic"":false,""type"":""Point"",""coordinates"":[-13.349010037780296,15.791978452943335]}"
0.15229017,19,1,train,"{""geodesic"":false,""type"":""Point"",""coordinates"":[-13.233127366128878,15.692534950991304]}"
0.13484761,18,1,train,"{""geodesic"":false,""type"":""Point"",""coordinates"":[-13.061459315333638,15.55428422876531]}"
0.16964737,15,1,train,"{""geodesic"":false,""type"":""Point"",""coordinates"":[-13.099997041022366,15.493647947087242]}"
0.16312255,19,1,train,"{""geodesic"":false,""type"":""Point"",""coordinates"":[-13.373803539621996,15.752362748913665]}"
0.1368086,18,1,train,"{""geodesic"":false,""type"":""Point"",""coordinates"":[-13.196476102536801,15.519249932684648]}"
0.035241045,19,1,train,"{""geodesic"":false,""type"":""Point"",""coordinates"":[-13.25441743836251,15.58743206274932]}"
0.04602795,16,1,test,"{""geodesic"":false,""type"":""Point"",""coordinates"":[-13.312628268773455,15.80464469844942]}"
0.10045086,8,1,train,"{""geodesic"":false,""type"":""Point"",""coordinates"":[-13.242290182026897,15.638366539358897]}"
0.06701695,18,1,train,"{""geodesic"":false,""type"":""Point"",""coordinates"":[-13.358442348263551,15.757752640618381]}"
0.038791355,18,1,train,"{""geodesic"":false,""type"":""Point"",""coordinates"":[-13.275438016010908,15.58689307357885]}"
0.20384006,14,1,train,"{""geodesic"":false,""type"":""Point"",""coordinates"":[-13.358981337434024,15.801680258011826]}"
0.18785734,17,1,train,"{""geodesic"":false,""type"":""Point"",""coordinates"":[-13.243637654953076,15.696846864355079]}"
0.027386855,16,1,test,"{""geodesic"":false,""type"":""Point"",""coordinates"":[-13.2851398210794,15.568297947197575]}"
0.16851224,16,1,train,"{""geodesic"":false,""type"":""Point"",""coordinates"":[-13.080054441714912,15.502810762985261]}"
0.21157612,17,1,train,"{""geodesic"":false,""type"":""Point"",""coordinates"":[-13.158746860603783,15.490414012064413]}"
0.07656653,7,1,train,"{""geodesic"":false,""type"":""Point"",""coordinates"":[-13.237169784907415,15.722987839122956]}"
0.021935547,18,1,train,"{""geodesic"":false,""type"":""Point"",""coordinates"":[-13.053643972361797,15.453762748472336]}"
0.20977937,16,1,train,"{""geodesic"":false,""type"":""Point"",""coordinates"":[-13.178419965325999,15.568028452612339]}"
0.18290935,16,1,train,"{""geodesic"":false,""type"":""Point"",""coordinates"":[-13.257381878800105,15.573957333487527]}"
0.12054387,15,1,train,"{""geodesic"":false,""type"":""Point"",""coordinates"":[-13.194320145854915,15.598750835329227]}"
0.17604633,14,1,train,"{""geodesic"":false,""type"":""Point"",""coordinates"":[-13.17114361152463,15.518171954343705]}"
0.14130197,17,1,train,"{""geodesic"":false,""type"":""Point"",""coordinates"":[-13.190547221661612,15.616537477954793]}"
0.10177423,20,1,test,"{""geodesic"":false,""type"":""Point"",""coordinates"":[-13.360059315774967,15.811921052250788]}"
0.28609177,21,1,train,"{""geodesic"":false,""type"":""Point"",""coordinates"":[-13.26358025426053,15.680138200070456]}"
0.24768756,15,1,train,"{""geodesic"":false,""type"":""Point"",""coordinates"":[-13.153895958069537,15.518980438099414]}"
0.05186729,16,1,train,"{""geodesic"":false,""type"":""Point"",""coordinates"":[-13.341464189393692,15.80141076342659]}"
0.14475162,26,1,test,"{""geodesic"":false,""type"":""Point"",""coordinates"":[-13.012141806235476,15.492569968746299]}"
0.20299283,17,1,train,"{""geodesic"":false,""type"":""Point"",""coordinates"":[-13.328797943887608,15.824317803171638]}"
0.04435527,15,1,train,"{""geodesic"":false,""type"":""Point"",""coordinates"":[-13.319635127989589,15.821083868148808]}"
0.13622957,14,1,train,"{""geodesic"":false,""type"":""Point"",""coordinates"":[-13.194320145854915,15.534611124043092]}"
0.1872805,18,1,train,"{""geodesic"":false,""type"":""Point"",""coordinates"":[-13.092990181806233,15.552667261253895]}"
0.042427447,8,1,train,"{""geodesic"":false,""type"":""Point"",""coordinates"":[-13.09568512765859,15.537845059065923]}"
0.08333357,13,1,test,"{""geodesic"":false,""type"":""Point"",""coordinates"":[-13.239864730759775,15.625430799267576]}"
0.18159017,17,1,train,"{""geodesic"":false,""type"":""Point"",""coordinates"":[-13.27274307015855,15.698463831866492]}"
0.23477438,20,1,train,"{""geodesic"":false,""type"":""Point"",""coordinates"":[-13.251991987095389,15.570184409294226]}"
0.18130423,17,1,train,"{""geodesic"":false,""type"":""Point"",""coordinates"":[-13.118861661988875,15.556170690861961]}"
0.14874892,16,1,train,"{""geodesic"":false,""type"":""Point"",""coordinates"":[-13.281636391471332,15.685258597189936]}"
0.08290624,19,1,train,"{""geodesic"":false,""type"":""Point"",""coordinates"":[-13.357364369922609,15.703045239815502]}"
0.19711532,16,1,train,"{""geodesic"":false,""type"":""Point"",""coordinates"":[-13.166831698160857,15.573957333487527]}"
0.18169115,19,1,test,"{""geodesic"":false,""type"":""Point"",""coordinates"":[-13.181384405763595,15.644564914819322]}"
0.12206331,14,1,test,"{""geodesic"":false,""type"":""Point"",""coordinates"":[-13.277324478107559,15.628664734290407]}"
0.11426294,7,1,train,"{""geodesic"":false,""type"":""Point"",""coordinates"":[-13.299153539511662,15.835367081166309]}"
0.19164385,18,1,test,"{""geodesic"":false,""type"":""Point"",""coordinates"":[-13.014567257502598,15.521675383951772]}"
0.13499545,16,1,train,"{""geodesic"":false,""type"":""Point"",""coordinates"":[-13.233396860714114,15.667202459979134]}"
0.19269036,8,1,train,"{""geodesic"":false,""type"":""Point"",""coordinates"":[-13.005404441604579,15.492839463331535]}"
0.07530234,15,1,train,"{""geodesic"":false,""type"":""Point"",""coordinates"":[-13.355208413240721,15.74670336262371]}"
0.11124288,7,1,test,"{""geodesic"":false,""type"":""Point"",""coordinates"":[-13.261693792163879,15.741043976333758]}"
0.1025006,19,1,train,"{""geodesic"":false,""type"":""Point"",""coordinates"":[-13.284061842738454,15.605757694545359]}"
0.119908676,19,1,train,"{""geodesic"":false,""type"":""Point"",""coordinates"":[-13.053374477776561,15.531916178190734]}"
0.15949321,16,1,train,"{""geodesic"":false,""type"":""Point"",""coordinates"":[-13.365179712894449,15.815424481858855]}"
0.2751169,15,1,train,"{""geodesic"":false,""type"":""Point"",""coordinates"":[-13.178150470740764,15.523022856877951]}"
0.2292719,16,1,test,"{""geodesic"":false,""type"":""Point"",""coordinates"":[-13.15820787143331,15.498229355036251]}"
0.1653081,13,1,train,"{""geodesic"":false,""type"":""Point"",""coordinates"":[-13.17518603030317,15.51520751390611]}"
0.04052791,14,1,train,"{""geodesic"":false,""type"":""Point"",""coordinates"":[-13.116975199892224,15.570184409294226]}"
0.1810151,12,1,train,"{""geodesic"":false,""type"":""Point"",""coordinates"":[-13.206177907605293,15.566950474271396]}"
0.10488976,18,1,test,"{""geodesic"":false,""type"":""Point"",""coordinates"":[-13.140960217978215,15.572340365976112]}"
0.07384014,21,1,train,"{""geodesic"":false,""type"":""Point"",""coordinates"":[-13.360598304945439,15.831055167802536]}"
0.20196646,14,1,test,"{""geodesic"":false,""type"":""Point"",""coordinates"":[-13.173299568206518,15.546738380378706]}"
0.07798378,16,1,train,"{""geodesic"":false,""type"":""Point"",""coordinates"":[-13.142307690904394,15.585815095237905]}"
0.10893241,15,1,train,"{""geodesic"":false,""type"":""Point"",""coordinates"":[-13.316131698381522,15.701428272304089]}"
0.037128497,8,1,train,"{""geodesic"":false,""type"":""Point"",""coordinates"":[-13.176802997814585,15.622466358829982]}"
0.087317236,25,1,train,"{""geodesic"":false,""type"":""Point"",""coordinates"":[-13.272204080988077,15.66423801954154]}"
0.24822472,14,1,train,"{""geodesic"":false,""type"":""Point"",""coordinates"":[-13.156860398507131,15.569106430953282]}"
0.21357511,17,1,train,"{""geodesic"":false,""type"":""Point"",""coordinates"":[-13.143385669245339,15.556979174617668]}"
0.1996497,16,1,train,"{""geodesic"":false,""type"":""Point"",""coordinates"":[-13.267892167624304,15.654266719887813]}"
0.2676431,15,1,test,"{""geodesic"":false,""type"":""Point"",""coordinates"":[-13.354399929485014,15.739965997992815]}"
0.17895463,18,1,test,"{""geodesic"":false,""type"":""Point"",""coordinates"":[-13.185965813712603,15.596325384062103]}"
0.079489835,18,1,train,"{""geodesic"":false,""type"":""Point"",""coordinates"":[-13.358442348263551,15.834289102825364]}"
0.24522293,16,1,train,"{""geodesic"":false,""type"":""Point"",""coordinates"":[-13.09703260058477,15.447294878426675]}"
0.21783206,15,1,test,"{""geodesic"":false,""type"":""Point"",""coordinates"":[-13.199710037559631,15.583928633141253]}"
0.28545916,17,1,train,"{""geodesic"":false,""type"":""Point"",""coordinates"":[-13.03666581349194,15.500115817132903]}"
0.18633431,16,1,train,"{""geodesic"":false,""type"":""Point"",""coordinates"":[-13.229354441935577,15.597133867817812]}"
0.20974457,17,1,train,"{""geodesic"":false,""type"":""Point"",""coordinates"":[-13.163058773967556,15.59848134074399]}"
0.13718209,8,1,train,"{""geodesic"":false,""type"":""Point"",""coordinates"":[-13.21345426140666,15.610608597079604]}"
0.032053676,20,1,train,"{""geodesic"":false,""type"":""Point"",""coordinates"":[-13.045828629389957,15.518980438099414]}"
0.13709049,19,1,train,"{""geodesic"":false,""type"":""Point"",""coordinates"":[-13.070891625816893,15.444599932574317]}"
0.057654954,20,1,train,"{""geodesic"":false,""type"":""Point"",""coordinates"":[-13.266544694698124,15.752362748913665]}"
0.2054605,12,1,train,"{""geodesic"":false,""type"":""Point"",""coordinates"":[-13.192433683758264,15.545929896622999]}"
0.12298673,13,1,train,"{""geodesic"":false,""type"":""Point"",""coordinates"":[-13.080054441714912,15.517093976002762]}"
0.21171547,8,1,train,"{""geodesic"":false,""type"":""Point"",""coordinates"":[-13.051218521094675,15.478017261143563]}"
0.09289233,16,1,test,"{""geodesic"":false,""type"":""Point"",""coordinates"":[-13.092181698050526,15.435167622091061]}"
0.06290693,18,1,test,"{""geodesic"":false,""type"":""Point"",""coordinates"":[-13.295111120733125,15.606566178301065]}"
0.16247396,15,1,train,"{""geodesic"":false,""type"":""Point"",""coordinates"":[-13.131527907494961,15.558326647543847]}"
0.2327322,14,1,train,"{""geodesic"":false,""type"":""Point"",""coordinates"":[-13.164406246893735,15.591204986942623]}"
0.17538364,14,1,train,"{""geodesic"":false,""type"":""Point"",""coordinates"":[-13.185426824542132,15.656422676569699]}"
0.25908408,18,1,train,"{""geodesic"":false,""type"":""Point"",""coordinates"":[-13.076012022936373,15.443252459648138]}"
0.035358727,18,1,train,"{""geodesic"":false,""type"":""Point"",""coordinates"":[-13.026425019252976,15.506314192593328]}"
0.23395833,17,1,train,"{""geodesic"":false,""type"":""Point"",""coordinates"":[-13.1641367523085,15.588510041090263]}"
0.10870164,12,1,train,"{""geodesic"":false,""type"":""Point"",""coordinates"":[-13.290799207369352,15.773113831976826]}"
0.20596084,17,1,test,"{""geodesic"":false,""type"":""Point"",""coordinates"":[-13.06981364747595,15.533263651116913]}"
0.10982324,11,1,train,"{""geodesic"":false,""type"":""Point"",""coordinates"":[-13.152817979728592,15.605757694545359]}"
0.060149234,15,1,train,"{""geodesic"":false,""type"":""Point"",""coordinates"":[-13.310741806676806,15.705470691082626]}"
0.25470787,14,1,test,"{""geodesic"":false,""type"":""Point"",""coordinates"":[-13.157938376848074,15.577191268510358]}"
0.080007,16,1,train,"{""geodesic"":false,""type"":""Point"",""coordinates"":[-13.317748665892937,15.756135673106966]}"
0.17474991,16,1,train,"{""geodesic"":false,""type"":""Point"",""coordinates"":[-13.140421228807744,15.483946142018752]}"
0.10065786,16,1,train,"{""geodesic"":false,""type"":""Point"",""coordinates"":[-13.30589090414256,15.656153181984465]}"
0.05677455,16,1,test,"{""geodesic"":false,""type"":""Point"",""coordinates"":[-13.366257691235392,15.719484409514891]}"
0.17809469,21,1,train,"{""geodesic"":false,""type"":""Point"",""coordinates"":[-13.205369423849586,15.6849891026047]}"
0.07570174,17,1,test,"{""geodesic"":false,""type"":""Point"",""coordinates"":[-13.20833386428718,15.603062748693]}"
0.14366384,19,1,train,"{""geodesic"":false,""type"":""Point"",""coordinates"":[-13.036935308077174,15.504966719667149]}"
0.06257461,16,1,train,"{""geodesic"":false,""type"":""Point"",""coordinates"":[-13.043403178122835,15.410374120249363]}"
0.17133717,16,1,train,"{""geodesic"":false,""type"":""Point"",""coordinates"":[-13.337421770615155,15.780390185778193]}"
0.24467784,17,1,train,"{""geodesic"":false,""type"":""Point"",""coordinates"":[-13.171413106109867,15.556709680032434]}"
0.20452616,21,1,train,"{""geodesic"":false,""type"":""Point"",""coordinates"":[-13.362484767042089,15.724874301219607]}"
0.23074713,16,1,train,"{""geodesic"":false,""type"":""Point"",""coordinates"":[-13.332031878910438,15.809495600983666]}"
0.22585659,15,1,train,"{""geodesic"":false,""type"":""Point"",""coordinates"":[-13.197554080877746,15.585006611482198]}"
0.021885267,8,1,train,"{""geodesic"":false,""type"":""Point"",""coordinates"":[-13.17572501947364,15.623005348000454]}"
0.10761811,19,1,train,"{""geodesic"":false,""type"":""Point"",""coordinates"":[-13.319096138819116,15.710321593616872]}"
0.12983198,14,1,train,"{""geodesic"":false,""type"":""Point"",""coordinates"":[-13.318557149648644,15.678251737973804]}"
0.067067735,19,1,train,"{""geodesic"":false,""type"":""Point"",""coordinates"":[-13.350896499876947,15.78901401250574]}"
0.033144396,18,1,test,"{""geodesic"":false,""type"":""Point"",""coordinates"":[-13.250375019583974,15.686606070116115]}"
0.29495606,19,1,test,"{""geodesic"":false,""type"":""Point"",""coordinates"":[-13.341733683978928,15.754249211010315]}"
0.13839969,16,1,train,"{""geodesic"":false,""type"":""Point"",""coordinates"":[-13.360059315774967,15.792517442113807]}"
0.106987044,18,1,train,"{""geodesic"":false,""type"":""Point"",""coordinates"":[-13.033162383883873,15.443791448818608]}"
0.1181427,8,1,test,"{""geodesic"":false,""type"":""Point"",""coordinates"":[-13.253069965436332,15.66747195456437]}"
0.17523469,20,1,train,"{""geodesic"":false,""type"":""Point"",""coordinates"":[-13.324755525109069,15.732959138776684]}"
0.094585665,14,1,train,"{""geodesic"":false,""type"":""Point"",""coordinates"":[-13.170874116939395,15.523561846048423]}"
0.20197518,13,1,test,"{""geodesic"":false,""type"":""Point"",""coordinates"":[-13.199710037559631,15.539731521162574]}"
0.25646117,15,1,train,"{""geodesic"":false,""type"":""Point"",""coordinates"":[-13.183001373275008,15.51332105180946]}"
0.22289304,16,1,train,"{""geodesic"":false,""type"":""Point"",""coordinates"":[-13.15955534435949,15.595786394891633]}"
0.13078067,21,1,train,"{""geodesic"":false,""type"":""Point"",""coordinates"":[-13.366796680405862,15.835636575751543]}"
0.12731306,14,1,train,"{""geodesic"":false,""type"":""Point"",""coordinates"":[-13.177611481570292,15.51332105180946]}"
0.2599891,16,1,test,"{""geodesic"":false,""type"":""Point"",""coordinates"":[-13.153895958069537,15.572340365976112]}"
0.1956375,16,1,train,"{""geodesic"":false,""type"":""Point"",""coordinates"":[-13.132066896665432,15.551858777498188]}"
0.04909466,16,1,train,"{""geodesic"":false,""type"":""Point"",""coordinates"":[-13.226120506912746,15.559404625884792]}"
0.0969455,8,1,train,"{""geodesic"":false,""type"":""Point"",""coordinates"":[-13.133683864176847,15.598211846158755]}"
0.07245863,16,1,test,"{""geodesic"":false,""type"":""Point"",""coordinates"":[-13.323138557597654,15.836445059507252]}"
0.15021175,13,1,train,"{""geodesic"":false,""type"":""Point"",""coordinates"":[-13.362484767042089,15.72137087161154]}"
0.065277055,13,1,train,"{""geodesic"":false,""type"":""Point"",""coordinates"":[-13.224234044816095,15.57045390387946]}"
0.03869933,19,1,test,"{""geodesic"":false,""type"":""Point"",""coordinates"":[-13.02480805174156,15.420884409073562]}"
0.19169644,19,1,test,"{""geodesic"":false,""type"":""Point"",""coordinates"":[-13.360598304945439,15.804375203864184]}"
0.14025077,16,1,test,"{""geodesic"":false,""type"":""Point"",""coordinates"":[-13.16602321440515,15.51655498683229]}"
0.032899093,17,1,train,"{""geodesic"":false,""type"":""Point"",""coordinates"":[-13.047984586071845,15.434089643750118]}"
0.11214142,14,1,train,"{""geodesic"":false,""type"":""Point"",""coordinates"":[-13.323138557597654,15.78847502333527]}"
0.027413977,15,1,train,"{""geodesic"":false,""type"":""Point"",""coordinates"":[-13.26816166220954,15.57045390387946]}"
0.19001792,14,1,train,"{""geodesic"":false,""type"":""Point"",""coordinates"":[-13.266544694698124,15.585815095237905]}"
0.11947792,16,1,train,"{""geodesic"":false,""type"":""Point"",""coordinates"":[-13.035587835150995,15.454032243057572]}"
0.14401025,21,1,train,"{""geodesic"":false,""type"":""Point"",""coordinates"":[-13.014836752087835,15.522753362292715]}"
0.1157403,17,1,train,"{""geodesic"":false,""type"":""Point"",""coordinates"":[-13.219922131452321,15.561560582566678]}"
0.23230752,15,1,train,"{""geodesic"":false,""type"":""Point"",""coordinates"":[-13.313436752529164,15.677173759632861]}"
0.16260542,17,1,test,"{""geodesic"":false,""type"":""Point"",""coordinates"":[-13.360867799530673,15.795481882551401]}"
0.198,17,1,train,"{""geodesic"":false,""type"":""Point"",""coordinates"":[-13.239056247004067,15.612495059176256]}"
0.08520981,17,1,train,"{""geodesic"":false,""type"":""Point"",""coordinates"":[-13.362215272456854,15.748050835549892]}"
0.04425391,18,1,train,"{""geodesic"":false,""type"":""Point"",""coordinates"":[-13.249566535828265,15.567758958027103]}"
0.082858875,16,1,train,"{""geodesic"":false,""type"":""Point"",""coordinates"":[-13.258190362555814,15.577460763095594]}"
0.11472032,17,1,train,"{""geodesic"":false,""type"":""Point"",""coordinates"":[-13.24336816036784,15.698194337281258]}"
0.29964694,18,1,train,"{""geodesic"":false,""type"":""Point"",""coordinates"":[-13.038282781003353,15.49499542001342]}"
0.24266388,11,1,test,"{""geodesic"":false,""type"":""Point"",""coordinates"":[-13.169526644013215,15.555362207106253]}"
0.09746236,20,1,train,"{""geodesic"":false,""type"":""Point"",""coordinates"":[-13.143655163830575,15.51520751390611]}"
0.15994452,18,1,train,"{""geodesic"":false,""type"":""Point"",""coordinates"":[-13.13422285334732,15.578538741436537]}"
0.21290448,14,1,train,"{""geodesic"":false,""type"":""Point"",""coordinates"":[-13.118861661988875,15.5497028208163]}"
0.25746793,14,1,train,"{""geodesic"":false,""type"":""Point"",""coordinates"":[-13.135300831688262,15.55886563671432]}"
0.17102906,17,1,train,"{""geodesic"":false,""type"":""Point"",""coordinates"":[-13.270048124306191,15.703584228985974]}"
0.22574405,16,1,train,"{""geodesic"":false,""type"":""Point"",""coordinates"":[-13.15820787143331,15.542426467014932]}"
0.118274674,15,1,train,"{""geodesic"":false,""type"":""Point"",""coordinates"":[-13.317209676722465,15.678251737973804]}"
0.23773012,13,1,train,"{""geodesic"":false,""type"":""Point"",""coordinates"":[-13.189738737905905,15.563716539248565]}"
0.096746504,7,1,train,"{""geodesic"":false,""type"":""Point"",""coordinates"":[-13.287834766931757,15.788205528750034]}"
0.14006619,16,1,train,"{""geodesic"":false,""type"":""Point"",""coordinates"":[-13.011063827894533,15.528143253997431]}"
0.07732482,16,1,train,"{""geodesic"":false,""type"":""Point"",""coordinates"":[-13.267892167624304,15.634863109750832]}"
0.0467811,20,1,train,"{""geodesic"":false,""type"":""Point"",""coordinates"":[-13.087600290101516,15.524639824389366]}"
0.15571244,20,1,train,"{""geodesic"":false,""type"":""Point"",""coordinates"":[-13.34874054319506,15.826473759853526]}"
0.06644983,16,1,train,"{""geodesic"":false,""type"":""Point"",""coordinates"":[-13.325833503450013,15.686067080945644]}"
0.038409345,23,1,test,"{""geodesic"":false,""type"":""Point"",""coordinates"":[-13.212106788480481,15.638905528529369]}"
0.20028353,15,1,train,"{""geodesic"":false,""type"":""Point"",""coordinates"":[-13.320443611745295,15.675556792121446]}"
0.17618853,13,1,train,"{""geodesic"":false,""type"":""Point"",""coordinates"":[-13.21022032638383,15.568028452612339]}"
0.23529318,13,1,train,"{""geodesic"":false,""type"":""Point"",""coordinates"":[-13.186774297468311,15.521675383951772]}"
0.19411246,18,1,train,"{""geodesic"":false,""type"":""Point"",""coordinates"":[-13.13422285334732,15.580155708947952]}"
0.22506061,14,1,train,"{""geodesic"":false,""type"":""Point"",""coordinates"":[-13.176533503229349,15.587971051919792]}"
0.24095403,17,1,train,"{""geodesic"":false,""type"":""Point"",""coordinates"":[-13.367066174991098,15.80141076342659]}"
0.22742422,18,1,train,"{""geodesic"":false,""type"":""Point"",""coordinates"":[-13.088139279271987,15.43462863292059]}"
0.13784859,21,1,train,"{""geodesic"":false,""type"":""Point"",""coordinates"":[-13.031814910957694,15.424657333266863]}"
0.021199834,18,1,train,"{""geodesic"":false,""type"":""Point"",""coordinates"":[-13.378115452985769,15.745894878868004]}"
0.20132078,17,1,test,"{""geodesic"":false,""type"":""Point"",""coordinates"":[-13.370300110013929,15.746433868038476]}"
0.30840716,15,1,test,"{""geodesic"":false,""type"":""Point"",""coordinates"":[-13.245793611634964,15.603871232448707]}"
0.03745668,16,1,train,"{""geodesic"":false,""type"":""Point"",""coordinates"":[-13.223156066475152,15.561560582566678]}"
0.21317354,13,1,train,"{""geodesic"":false,""type"":""Point"",""coordinates"":[-13.157668882262838,15.534072134872622]}"
0.053162124,16,1,train,"{""geodesic"":false,""type"":""Point"",""coordinates"":[-13.198901553803925,15.584737116896962]}"
0.058781516,20,1,train,"{""geodesic"":false,""type"":""Point"",""coordinates"":[-13.341733683978928,15.78443260455673]}"
0.09244391,16,1,train,"{""geodesic"":false,""type"":""Point"",""coordinates"":[-13.261693792163879,15.739157514237107]}"
0.026597228,13,1,train,"{""geodesic"":false,""type"":""Point"",""coordinates"":[-13.2746295322552,15.575304806413707]}"
0.2419976,16,1,train,"{""geodesic"":false,""type"":""Point"",""coordinates"":[-13.146080615097697,15.556440185447197]}"
0.15266508,22,1,test,"{""geodesic"":false,""type"":""Point"",""coordinates"":[-13.37353404503676,15.837523037848195]}"
0.14468342,20,1,train,"{""geodesic"":false,""type"":""Point"",""coordinates"":[-13.058225380310807,15.502002279229554]}"
0.23709917,15,1,test,"{""geodesic"":false,""type"":""Point"",""coordinates"":[-13.204291445508641,15.55886563671432]}"
0.11303592,8,1,train,"{""geodesic"":false,""type"":""Point"",""coordinates"":[-13.156321409336659,15.61087809166484]}"
0.27826133,17,1,train,"{""geodesic"":false,""type"":""Point"",""coordinates"":[-13.093529170976705,15.446486394670968]}"
0.22526646,17,1,train,"{""geodesic"":false,""type"":""Point"",""coordinates"":[-13.149584044705763,15.491491990405356]}"
0.2417882,14,1,test,"{""geodesic"":false,""type"":""Point"",""coordinates"":[-13.311280795847276,15.673131340854322]}"
0.020853179,15,1,train,"{""geodesic"":false,""type"":""Point"",""coordinates"":[-13.35197447821789,15.707087658594041]}"
0.24759421,15,1,train,"{""geodesic"":false,""type"":""Point"",""coordinates"":[-13.083288376737743,15.442443975892429]}"
0.037956674,16,1,train,"{""geodesic"":false,""type"":""Point"",""coordinates"":[-13.107273394823734,15.455379715983751]}"
0.21553324,18,1,train,"{""geodesic"":false,""type"":""Point"",""coordinates"":[-13.373264550451523,15.795481882551401]}"
0.22624461,13,1,train,"{""geodesic"":false,""type"":""Point"",""coordinates"":[-13.200249026730104,15.559943615055262]}"
0.23253691,17,1,train,"{""geodesic"":false,""type"":""Point"",""coordinates"":[-13.1679096765018,15.584737116896962]}"
0.21253592,14,1,test,"{""geodesic"":false,""type"":""Point"",""coordinates"":[-13.165214730649442,15.574765817243236]}"
0.039565872,16,1,train,"{""geodesic"":false,""type"":""Point"",""coordinates"":[-13.073586571669251,15.51197357888328]}"
0.25482056,12,1,train,"{""geodesic"":false,""type"":""Point"",""coordinates"":[-13.161980795626611,15.57503531182847]}"
0.13249654,17,1,train,"{""geodesic"":false,""type"":""Point"",""coordinates"":[-13.326372492620484,15.662351557444888]}"
0.29789388,14,1,train,"{""geodesic"":false,""type"":""Point"",""coordinates"":[-13.146889098853404,15.51978892185512]}"
0.26181057,16,1,train,"{""geodesic"":false,""type"":""Point"",""coordinates"":[-13.158477366018547,15.551319788327715]}"
0.055446073,13,1,train,"{""geodesic"":false,""type"":""Point"",""coordinates"":[-13.122095597011706,15.455110221398515]}"
0.24201833,16,1,train,"{""geodesic"":false,""type"":""Point"",""coordinates"":[-13.102152997704252,15.43974903004007]}"
0.11121599,19,1,train,"{""geodesic"":false,""type"":""Point"",""coordinates"":[-13.35466942407025,15.799524301329939]}"
0.11086895,19,1,train,"{""geodesic"":false,""type"":""Point"",""coordinates"":[-13.198632059218689,15.634863109750832]}"
0.2611506,11,1,train,"{""geodesic"":false,""type"":""Point"",""coordinates"":[-13.181384405763595,15.558057152958613]}"
0.145061,20,1,test,"{""geodesic"":false,""type"":""Point"",""coordinates"":[-13.226120506912746,15.62650877760852]}"
0.109270655,16,1,test,"{""geodesic"":false,""type"":""Point"",""coordinates"":[-13.267892167624304,15.635132604336068]}"
0.25020805,16,1,train,"{""geodesic"":false,""type"":""Point"",""coordinates"":[-13.273012564743786,15.66289054661536]}"
0.13616368,15,1,train,"{""geodesic"":false,""type"":""Point"",""coordinates"":[-13.369491626258222,15.77149686446541]}"
0.041169863,15,1,train,"{""geodesic"":false,""type"":""Point"",""coordinates"":[-13.300501012437842,15.641600474381727]}"
0.053077254,21,1,train,"{""geodesic"":false,""type"":""Point"",""coordinates"":[-13.038282781003353,15.431664192482996]}"
0.13906106,17,1,test,"{""geodesic"":false,""type"":""Point"",""coordinates"":[-13.121287113255997,15.556709680032434]}"
0.27269244,18,1,train,"{""geodesic"":false,""type"":""Point"",""coordinates"":[-13.103500470630431,15.442982965062901]}"
0.21845874,17,1,train,"{""geodesic"":false,""type"":""Point"",""coordinates"":[-13.025886030082505,15.447294878426675]}"
0.23584294,17,1,train,"{""geodesic"":false,""type"":""Point"",""coordinates"":[-13.154434947240008,15.577460763095594]}"
0.030346608,19,1,test,"{""geodesic"":false,""type"":""Point"",""coordinates"":[-13.246332600805435,15.685258597189936]}"
0.17955005,10,1,train,"{""geodesic"":false,""type"":""Point"",""coordinates"":[-13.34038621105275,15.824317803171638]}"
0.093416676,8,1,test,"{""geodesic"":false,""type"":""Point"",""coordinates"":[-13.133953358762083,15.601445781181585]}"
0.043493364,19,1,train,"{""geodesic"":false,""type"":""Point"",""coordinates"":[-13.06846617454977,15.548355347890121]}"
0.25619185,15,1,train,"{""geodesic"":false,""type"":""Point"",""coordinates"":[-13.23878675241883,15.605488199960122]}"
0.19889385,8,1,test,"{""geodesic"":false,""type"":""Point"",""coordinates"":[-13.09568512765859,15.535150113213565]}"
0.087605305,16,1,train,"{""geodesic"":false,""type"":""Point"",""coordinates"":[-13.118592167403639,15.447564373011911]}"
0.19285618,13,1,train,"{""geodesic"":false,""type"":""Point"",""coordinates"":[-13.199979532144868,15.542965456185405]}"
0.16950868,11,1,train,"{""geodesic"":false,""type"":""Point"",""coordinates"":[-13.228815452765105,15.572879355146585]}"
0.21877149,17,1,train,"{""geodesic"":false,""type"":""Point"",""coordinates"":[-13.167101192746093,15.581503181874131]}"
0.208757,15,1,train,"{""geodesic"":false,""type"":""Point"",""coordinates"":[-13.202135488826755,15.5782692468513]}"
0.10973304,19,1,train,"{""geodesic"":false,""type"":""Point"",""coordinates"":[-13.024538557156326,15.527334770241724]}"
0.087324604,16,1,train,"{""geodesic"":false,""type"":""Point"",""coordinates"":[-13.199710037559631,15.671244878757673]}"
0.22265263,8,1,train,"{""geodesic"":false,""type"":""Point"",""coordinates"":[-13.091373214294817,15.567758958027103]}"
0.23879583,19,1,train,"{""geodesic"":false,""type"":""Point"",""coordinates"":[-13.060111842407458,15.448642351352854]}"
0.18506777,18,1,train,"{""geodesic"":false,""type"":""Point"",""coordinates"":[-13.202943972582462,15.669627911246257]}"
0.09358745,16,1,train,"{""geodesic"":false,""type"":""Point"",""coordinates"":[-13.074664550010194,15.526256791900781]}"
0.22651917,15,1,train,"{""geodesic"":false,""type"":""Point"",""coordinates"":[-13.073586571669251,15.442443975892429]}"
0.14815761,15,1,test,"{""geodesic"":false,""type"":""Point"",""coordinates"":[-13.0574168965551,15.476130799046912]}"
0.0745304,13,1,train,"{""geodesic"":false,""type"":""Point"",""coordinates"":[-13.106734405653262,15.59066599777215]}"
0.10967374,10,1,train,"{""geodesic"":false,""type"":""Point"",""coordinates"":[-13.109968340676092,15.589857514016444]}"
0.23881514,17,1,train,"{""geodesic"":false,""type"":""Point"",""coordinates"":[-13.14715859343864,15.529760221508846]}"
0.22202933,16,1,train,"{""geodesic"":false,""type"":""Point"",""coordinates"":[-13.25899884631152,15.59982881367017]}"
0.358004,9,1,test,"{""geodesic"":false,""type"":""Point"",""coordinates"":[-13.358711842848788,15.738888019651872]}"
0.109256715,12,1,train,"{""geodesic"":false,""type"":""Point"",""coordinates"":[-13.300501012437842,15.710321593616872]}"
0.22263621,13,1,test,"{""geodesic"":false,""type"":""Point"",""coordinates"":[-13.190008232491142,15.52895173775314]}"
0.09280282,15,1,train,"{""geodesic"":false,""type"":""Point"",""coordinates"":[-13.311550290432512,15.705470691082626]}"
0.0932227,14,1,train,"{""geodesic"":false,""type"":""Point"",""coordinates"":[-13.248758052072558,15.681755167581871]}"
0.23563778,14,1,train,"{""geodesic"":false,""type"":""Point"",""coordinates"":[-13.207794875116708,15.56209957173715]}"
0.06716648,18,1,train,"{""geodesic"":false,""type"":""Point"",""coordinates"":[-13.208603358872415,15.54512141286729]}"
0.11426322,8,1,train,"{""geodesic"":false,""type"":""Point"",""coordinates"":[-13.22585101232751,15.67528729753621]}"
0.21708709,17,1,train,"{""geodesic"":false,""type"":""Point"",""coordinates"":[-13.017531697940193,15.512243073468516]}"
0.26135725,15,1,train,"{""geodesic"":false,""type"":""Point"",""coordinates"":[-13.362754261627325,15.740504987163288]}"
0.05282165,19,1,train,"{""geodesic"":false,""type"":""Point"",""coordinates"":[-13.312089279602985,15.654805709058284]}"
0.21437638,17,1,train,"{""geodesic"":false,""type"":""Point"",""coordinates"":[-13.17572501947364,15.5887795356755]}"
0.13415556,16,1,test,"{""geodesic"":false,""type"":""Point"",""coordinates"":[-13.237708774077888,15.688492532212766]}"
0.17725915,17,1,train,"{""geodesic"":false,""type"":""Point"",""coordinates"":[-13.142846680074866,15.514668524735638]}"
0.055965666,14,1,train,"{""geodesic"":false,""type"":""Point"",""coordinates"":[-13.1927031783435,15.627047766778992]}"
0.25810966,17,1,train,"{""geodesic"":false,""type"":""Point"",""coordinates"":[-13.168448665672273,15.547007874963942]}"
0.14389046,13,1,test,"{""geodesic"":false,""type"":""Point"",""coordinates"":[-13.22719848525369,15.585545600652669]}"
0.2685868,13,1,train,"{""geodesic"":false,""type"":""Point"",""coordinates"":[-13.182462384104538,15.52895173775314]}"
0.16136678,17,1,train,"{""geodesic"":false,""type"":""Point"",""coordinates"":[-13.035857329736231,15.534880618628328]}"
0.3464625,14,1,train,"{""geodesic"":false,""type"":""Point"",""coordinates"":[-13.356825380752136,15.739157514237107]}"
0.22738571,17,1,train,"{""geodesic"":false,""type"":""Point"",""coordinates"":[-13.091373214294817,15.43193368706823]}"
0.14661649,14,1,train,"{""geodesic"":false,""type"":""Point"",""coordinates"":[-13.225042528571803,15.58743206274932]}"
0.12584822,14,1,train,"{""geodesic"":false,""type"":""Point"",""coordinates"":[-13.135300831688262,15.497151376695308]}"
0.056439664,17,1,train,"{""geodesic"":false,""type"":""Point"",""coordinates"":[-13.231240904032227,15.556979174617668]}"
0.11080073,13,1,train,"{""geodesic"":false,""type"":""Point"",""coordinates"":[-13.226390001497982,15.676095781291917]}"
0.1597852,16,1,test,"{""geodesic"":false,""type"":""Point"",""coordinates"":[-13.13745678837015,15.585276106067434]}"
0.058710847,18,1,train,"{""geodesic"":false,""type"":""Point"",""coordinates"":[-13.268700651380012,15.72137087161154]}"
0.052228615,16,1,train,"{""geodesic"":false,""type"":""Point"",""coordinates"":[-13.30130949619355,15.799524301329939]}"
0.21227756,16,1,train,"{""geodesic"":false,""type"":""Point"",""coordinates"":[-13.082210398396798,15.536228091554507]}"
0.16521874,16,1,train,"{""geodesic"":false,""type"":""Point"",""coordinates"":[-13.22585101232751,15.597133867817812]}"
0.10598191,17,1,train,"{""geodesic"":false,""type"":""Point"",""coordinates"":[-13.12182610242647,15.556979174617668]}"
0.14105718,11,1,test,"{""geodesic"":false,""type"":""Point"",""coordinates"":[-13.268431156794776,15.574226828072764]}"
0.1720854,15,1,test,"{""geodesic"":false,""type"":""Point"",""coordinates"":[-13.215071228918076,15.586354084408377]}"
0.11402332,16,1,test,"{""geodesic"":false,""type"":""Point"",""coordinates"":[-13.216418701844255,15.651571774035455]}"
0.077326834,17,1,train,"{""geodesic"":false,""type"":""Point"",""coordinates"":[-13.002170506581749,15.510626105957101]}"
0.16242647,14,1,train,"{""geodesic"":false,""type"":""Point"",""coordinates"":[-13.182192889519301,15.662351557444888]}"
0.14624165,21,1,train,"{""geodesic"":false,""type"":""Point"",""coordinates"":[-13.07816797961826,15.411452098590306]}"
0.12123069,17,1,train,"{""geodesic"":false,""type"":""Point"",""coordinates"":[-13.261424297578642,15.677982243388568]}"
0.15284821,16,1,test,"{""geodesic"":false,""type"":""Point"",""coordinates"":[-13.340925200223221,15.745355889697532]}"
0.23962988,17,1,train,"{""geodesic"":false,""type"":""Point"",""coordinates"":[-13.339847221882277,15.763951016078806]}"
0.14079224,16,1,train,"{""geodesic"":false,""type"":""Point"",""coordinates"":[-13.31828765506341,15.69738585352555]}"
0.062447056,17,1,train,"{""geodesic"":false,""type"":""Point"",""coordinates"":[-13.194589640440151,15.589318524845972]}"
0.17421272,16,1,train,"{""geodesic"":false,""type"":""Point"",""coordinates"":[-13.33580480310374,15.706279174838333]}"
0.020852081,21,1,train,"{""geodesic"":false,""type"":""Point"",""coordinates"":[-13.265197221771945,15.794403904210458]}"
0.1740777,20,1,train,"{""geodesic"":false,""type"":""Point"",""coordinates"":[-13.35978982118973,15.815693976444091]}"
0.15381601,14,1,train,"{""geodesic"":false,""type"":""Point"",""coordinates"":[-13.179497943666943,15.653997225302577]}"
0.18775329,8,1,train,"{""geodesic"":false,""type"":""Point"",""coordinates"":[-13.006482419945524,15.490683506649647]}"
0.087466404,17,1,train,"{""geodesic"":false,""type"":""Point"",""coordinates"":[-13.366796680405862,15.75856112437409]}"
0.23166089,17,1,train,"{""geodesic"":false,""type"":""Point"",""coordinates"":[-13.330953900569494,15.76502899441975]}"
0.13195643,17,1,train,"{""geodesic"":false,""type"":""Point"",""coordinates"":[-13.070083142061184,15.498768344206724]}"
0.23760143,15,1,test,"{""geodesic"":false,""type"":""Point"",""coordinates"":[-13.170874116939395,15.529490726923612]}"
0.16808927,15,1,train,"{""geodesic"":false,""type"":""Point"",""coordinates"":[-13.130449929154016,15.573957333487527]}"
0.038716476,17,1,test,"{""geodesic"":false,""type"":""Point"",""coordinates"":[-13.27274307015855,15.569375925538518]}"
0.24142781,17,1,test,"{""geodesic"":false,""type"":""Point"",""coordinates"":[-13.16332826855279,15.488797044552998]}"
0.10143681,18,1,train,"{""geodesic"":false,""type"":""Point"",""coordinates"":[-13.32340805218289,15.82297033024546]}"
0.04591494,22,1,train,"{""geodesic"":false,""type"":""Point"",""coordinates"":[-13.320713106330532,15.731342171265268]}"
0.1422189,9,1,train,"{""geodesic"":false,""type"":""Point"",""coordinates"":[-13.10296148145996,15.517632965173233]}"
0.13438198,12,1,train,"{""geodesic"":false,""type"":""Point"",""coordinates"":[-13.188660759564963,15.559674120470028]}"
0.28520054,15,1,train,"{""geodesic"":false,""type"":""Point"",""coordinates"":[-13.16602321440515,15.57961671977748]}"
0.15851349,13,1,train,"{""geodesic"":false,""type"":""Point"",""coordinates"":[-13.231779893202699,15.580694698118425]}"
0.14776593,17,1,train,"{""geodesic"":false,""type"":""Point"",""coordinates"":[-13.079784947129676,15.570992893049933]}"
0.09097373,12,1,train,"{""geodesic"":false,""type"":""Point"",""coordinates"":[-13.251452997924916,15.665854987052954]}"
0.24038248,10,1,train,"{""geodesic"":false,""type"":""Point"",""coordinates"":[-13.194050651269679,15.537575564480687]}"
0.036637407,20,1,test,"{""geodesic"":false,""type"":""Point"",""coordinates"":[-13.336613286859448,15.653458236132105]}"
0.11713187,17,1,test,"{""geodesic"":false,""type"":""Point"",""coordinates"":[-13.117783683647932,15.560213109640499]}"
0.070736334,17,1,test,"{""geodesic"":false,""type"":""Point"",""coordinates"":[-13.283522853567984,15.690917983479888]}"
0.09562729,19,1,train,"{""geodesic"":false,""type"":""Point"",""coordinates"":[-13.318018160478173,15.803027730938005]}"
0.17621787,15,1,train,"{""geodesic"":false,""type"":""Point"",""coordinates"":[-13.178419965325999,15.64995480652404]}"
0.314231,16,1,train,"{""geodesic"":false,""type"":""Point"",""coordinates"":[-13.149045055535291,15.521405889366536]}"
0.08260364,18,1,train,"{""geodesic"":false,""type"":""Point"",""coordinates"":[-13.282175380641805,15.684180618848993]}"
0.19897868,14,1,train,"{""geodesic"":false,""type"":""Point"",""coordinates"":[-13.208603358872415,15.573957333487527]}"
0.024648849,21,1,train,"{""geodesic"":false,""type"":""Point"",""coordinates"":[-13.04636761856043,15.491761484990592]}"
0.188533,20,1,train,"{""geodesic"":false,""type"":""Point"",""coordinates"":[-13.167640181916566,15.610339102494368]}"
0.16023837,16,1,train,"{""geodesic"":false,""type"":""Point"",""coordinates"":[-13.191894694587793,15.587701557334556]}"
0.11618763,15,1,test,"{""geodesic"":false,""type"":""Point"",""coordinates"":[-13.212376283065717,15.580425203533188]}"
0.16693969,15,1,train,"{""geodesic"":false,""type"":""Point"",""coordinates"":[-13.141229712563451,15.483137658263043]}"
0.14031625,14,1,test,"{""geodesic"":false,""type"":""Point"",""coordinates"":[-13.17572501947364,15.543234950770639]}"
0.1308706,17,1,train,"{""geodesic"":false,""type"":""Point"",""coordinates"":[-13.122634586182176,15.570184409294226]}"
0.03644229,18,1,test,"{""geodesic"":false,""type"":""Point"",""coordinates"":[-13.29672808824454,15.699002821036965]}"
0.15736721,19,1,test,"{""geodesic"":false,""type"":""Point"",""coordinates"":[-13.071969604157836,15.528143253997431]}"
0.058851056,18,1,train,"{""geodesic"":false,""type"":""Point"",""coordinates"":[-13.334726824762797,15.75074578140225]}"
0.15698823,15,1,train,"{""geodesic"":false,""type"":""Point"",""coordinates"":[-13.373803539621996,15.743469427600882]}"
0.23390274,17,1,train,"{""geodesic"":false,""type"":""Point"",""coordinates"":[-13.081401914641091,15.440288019210543]}"
0.17974502,16,1,train,"{""geodesic"":false,""type"":""Point"",""coordinates"":[-13.349010037780296,15.820275384393101]}"
0.028634194,17,1,train,"{""geodesic"":false,""type"":""Point"",""coordinates"":[-13.241212203685954,15.78847502333527]}"
0.21682769,16,1,train,"{""geodesic"":false,""type"":""Point"",""coordinates"":[-13.144194153001045,15.493917441672478]}"
0.31679204,14,1,test,"{""geodesic"":false,""type"":""Point"",""coordinates"":[-13.359250832019258,15.73053368750956]}"
0.2040808,20,1,train,"{""geodesic"":false,""type"":""Point"",""coordinates"":[-13.048793069827552,15.496342892939602]}"
0.16159935,19,1,train,"{""geodesic"":false,""type"":""Point"",""coordinates"":[-13.371917077525344,15.752632243498901]}"
0.061779354,18,1,train,"{""geodesic"":false,""type"":""Point"",""coordinates"":[-13.2851398210794,15.660734589933474]}"
0.18945988,14,1,train,"{""geodesic"":false,""type"":""Point"",""coordinates"":[-13.335535308518503,15.652380257791162]}"
0.14871052,16,1,train,"{""geodesic"":false,""type"":""Point"",""coordinates"":[-13.060111842407458,15.503888741326206]}"
0.11287888,7,1,train,"{""geodesic"":false,""type"":""Point"",""coordinates"":[-13.291338196539824,15.77931220743725]}"
0.16727921,14,1,train,"{""geodesic"":false,""type"":""Point"",""coordinates"":[-13.013758773746892,15.466159499393186]}"
0.105561785,20,1,train,"{""geodesic"":false,""type"":""Point"",""coordinates"":[-13.251722492510153,15.748320330135126]}"
0.21625198,16,1,train,"{""geodesic"":false,""type"":""Point"",""coordinates"":[-13.20563891843482,15.547546864134414]}"
0.24186529,16,1,train,"{""geodesic"":false,""type"":""Point"",""coordinates"":[-13.153356968899065,15.520597405610827]}"
0.118270956,14,1,train,"{""geodesic"":false,""type"":""Point"",""coordinates"":[-13.275707510596144,15.656961665740171]}"
0.23930638,17,1,test,"{""geodesic"":false,""type"":""Point"",""coordinates"":[-13.153356968899065,15.58689307357885]}"
0.10824961,7,1,train,"{""geodesic"":false,""type"":""Point"",""coordinates"":[-13.298884044926428,15.828360221950176]}"
0.0907669,15,1,train,"{""geodesic"":false,""type"":""Point"",""coordinates"":[-13.34874054319506,15.706548669423569]}"
0.12907141,18,1,train,"{""geodesic"":false,""type"":""Point"",""coordinates"":[-13.321252095501004,15.803297225523242]}"
0.10609514,19,1,train,"{""geodesic"":false,""type"":""Point"",""coordinates"":[-13.06711870162359,15.559404625884792]}"
0.20046622,15,1,test,"{""geodesic"":false,""type"":""Point"",""coordinates"":[-13.133683864176847,15.556979174617668]}"
0.24112055,15,1,train,"{""geodesic"":false,""type"":""Point"",""coordinates"":[-13.175994514058877,15.534341629457856]}"
0.13224791,8,1,train,"{""geodesic"":false,""type"":""Point"",""coordinates"":[-13.220461120622794,15.67528729753621]}"
0.30332777,14,1,train,"{""geodesic"":false,""type"":""Point"",""coordinates"":[-13.147428088023876,15.525717802730309]}"
0.29033926,16,1,test,"{""geodesic"":false,""type"":""Point"",""coordinates"":[-13.268431156794776,15.682833145922814]}"
0.2668569,17,1,train,"{""geodesic"":false,""type"":""Point"",""coordinates"":[-13.085174838834392,15.444060943403844]}"
0.26171473,15,1,train,"{""geodesic"":false,""type"":""Point"",""coordinates"":[-13.035318340565759,15.511165095127573]}"
0.27276126,15,1,train,"{""geodesic"":false,""type"":""Point"",""coordinates"":[-13.185157329956896,15.541617983259226]}"
0.22572371,16,1,train,"{""geodesic"":false,""type"":""Point"",""coordinates"":[-13.195398124195858,15.591204986942623]}"
0.2429688,13,1,train,"{""geodesic"":false,""type"":""Point"",""coordinates"":[-13.154434947240008,15.51143458971281]}"
0.028051546,18,1,train,"{""geodesic"":false,""type"":""Point"",""coordinates"":[-13.339308232711806,15.786588561238618]}"
0.039566245,18,1,train,"{""geodesic"":false,""type"":""Point"",""coordinates"":[-13.303195958290202,15.623274842585689]}"
0.17231053,15,1,test,"{""geodesic"":false,""type"":""Point"",""coordinates"":[-13.23690029032218,15.599559319084934]}"
0.051114686,23,1,train,"{""geodesic"":false,""type"":""Point"",""coordinates"":[-13.368413647917277,15.766645961931165]}"
0.1537984,19,1,test,"{""geodesic"":false,""type"":""Point"",""coordinates"":[-13.352243972803127,15.719753904100125]}"
0.15237366,15,1,train,"{""geodesic"":false,""type"":""Point"",""coordinates"":[-13.12640751037548,15.569645420123754]}"
0.20866804,13,1,train,"{""geodesic"":false,""type"":""Point"",""coordinates"":[-13.20833386428718,15.56533350675998]}"
0.14214785,8,1,train,"{""geodesic"":false,""type"":""Point"",""coordinates"":[-13.229623936520811,15.613303542931963]}"
0.16425797,15,1,train,"{""geodesic"":false,""type"":""Point"",""coordinates"":[-13.127215994131186,15.572070871390876]}"
0.14684136,14,1,test,"{""geodesic"":false,""type"":""Point"",""coordinates"":[-13.253878449192039,15.745894878868004]}"
0.061546564,17,1,train,"{""geodesic"":false,""type"":""Point"",""coordinates"":[-13.124251553693592,15.461039102273704]}"
0.022708451,14,1,train,"{""geodesic"":false,""type"":""Point"",""coordinates"":[-13.279480434789445,15.756944156862675]}"
0.08219762,17,1,train,"{""geodesic"":false,""type"":""Point"",""coordinates"":[-13.32987592222855,15.705470691082626]}"
0.22255218,15,1,train,"{""geodesic"":false,""type"":""Point"",""coordinates"":[-13.206716896775765,15.613573037517199]}"
0.20791003,15,1,train,"{""geodesic"":false,""type"":""Point"",""coordinates"":[-13.150662023046706,15.483946142018752]}"
0.077326566,20,1,train,"{""geodesic"":false,""type"":""Point"",""coordinates"":[-13.251722492510153,15.700350293963144]}"
0.12836292,16,1,train,"{""geodesic"":false,""type"":""Point"",""coordinates"":[-13.151470506802413,15.516285492247054]}"
0.2553619,14,1,train,"{""geodesic"":false,""type"":""Point"",""coordinates"":[-13.172221589865575,15.544851918282054]}"
0.17567304,17,1,train,"{""geodesic"":false,""type"":""Point"",""coordinates"":[-13.226120506912746,15.598211846158755]}"
0.14153735,20,1,train,"{""geodesic"":false,""type"":""Point"",""coordinates"":[-13.042594694367128,15.408757152737948]}"
0.11247017,18,1,train,"{""geodesic"":false,""type"":""Point"",""coordinates"":[-13.213723755991897,15.679329716314747]}"
0.17781734,18,1,test,"{""geodesic"":false,""type"":""Point"",""coordinates"":[-13.129102456227837,15.568028452612339]}"
0.101975225,18,1,train,"{""geodesic"":false,""type"":""Point"",""coordinates"":[-13.30589090414256,15.694151918502719]}"
0.16686828,8,1,train,"{""geodesic"":false,""type"":""Point"",""coordinates"":[-13.207255885946235,15.695229896843664]}"
0.21594872,16,1,test,"{""geodesic"":false,""type"":""Point"",""coordinates"":[-13.188930254150197,15.524100835218894]}"
0.03433976,17,1,train,"{""geodesic"":false,""type"":""Point"",""coordinates"":[-13.26816166220954,15.667202459979134]}"
0.1739629,18,1,train,"{""geodesic"":false,""type"":""Point"",""coordinates"":[-13.195667618781094,15.520597405610827]}"
0.029366655,15,1,train,"{""geodesic"":false,""type"":""Point"",""coordinates"":[-13.17383855737699,15.510895600542337]}"
0.23278283,13,1,train,"{""geodesic"":false,""type"":""Point"",""coordinates"":[-13.171682600695103,15.565872495930451]}"
0.03992348,23,1,train,"{""geodesic"":false,""type"":""Point"",""coordinates"":[-13.256034405873926,15.786049572068146]}"
0.021927278,18,1,test,"{""geodesic"":false,""type"":""Point"",""coordinates"":[-13.029658954275806,15.51655498683229]}"
0.09156613,22,1,train,"{""geodesic"":false,""type"":""Point"",""coordinates"":[-13.08409686049345,15.518980438099414]}"
0.16051273,15,1,train,"{""geodesic"":false,""type"":""Point"",""coordinates"":[-13.358981337434024,15.769610402368759]}"
0.13884385,14,1,train,"{""geodesic"":false,""type"":""Point"",""coordinates"":[-13.249027546657794,15.601984770352056]}"
0.04957618,18,1,train,"{""geodesic"":false,""type"":""Point"",""coordinates"":[-13.369761120843458,15.793864915039986]}"
0.107206,15,1,train,"{""geodesic"":false,""type"":""Point"",""coordinates"":[-13.276785488937087,15.644295420234085]}"
0.084997535,22,1,train,"{""geodesic"":false,""type"":""Point"",""coordinates"":[-13.364640723723976,15.830246684046827]}"
0.07025557,15,1,train,"{""geodesic"":false,""type"":""Point"",""coordinates"":[-13.351704983632654,15.737810041310928]}"
0.14556395,8,1,test,"{""geodesic"":false,""type"":""Point"",""coordinates"":[-13.101075019363309,15.524100835218894]}"
0.20388226,16,1,train,"{""geodesic"":false,""type"":""Point"",""coordinates"":[-13.161441806456141,15.486910582456346]}"
0.27783528,16,1,test,"{""geodesic"":false,""type"":""Point"",""coordinates"":[-13.029658954275806,15.498768344206724]}"
0.11543933,21,1,train,"{""geodesic"":false,""type"":""Point"",""coordinates"":[-13.383505344690485,15.78389361538626]}"
0.25337353,17,1,train,"{""geodesic"":false,""type"":""Point"",""coordinates"":[-13.313975741699636,15.675556792121446]}"
0.16212788,15,1,train,"{""geodesic"":false,""type"":""Point"",""coordinates"":[-13.193781156684443,15.65049379569451]}"
0.21097851,13,1,train,"{""geodesic"":false,""type"":""Point"",""coordinates"":[-13.1679096765018,15.577191268510358]}"
0.085402444,20,1,train,"{""geodesic"":false,""type"":""Point"",""coordinates"":[-13.07493404459543,15.572070871390876]}"
0.31921133,17,1,train,"{""geodesic"":false,""type"":""Point"",""coordinates"":[-13.053104983191327,15.506314192593328]}"
0.124046385,17,1,train,"{""geodesic"":false,""type"":""Point"",""coordinates"":[-13.347932059439353,15.704662207326917]}"
0.11512685,14,1,test,"{""geodesic"":false,""type"":""Point"",""coordinates"":[-13.304273936631144,15.66747195456437]}"
0.07043948,15,1,train,"{""geodesic"":false,""type"":""Point"",""coordinates"":[-13.2212696043785,15.56668097968616]}"
0.17854851,15,1,train,"{""geodesic"":false,""type"":""Point"",""coordinates"":[-13.159016355189017,15.51197357888328]}"
0.03732654,19,1,test,"{""geodesic"":false,""type"":""Point"",""coordinates"":[-13.325294514279541,15.69145697265036]}"
0.26385528,16,1,test,"{""geodesic"":false,""type"":""Point"",""coordinates"":[-13.284870326494163,15.67205336251338]}"
0.07200644,7,1,train,"{""geodesic"":false,""type"":""Point"",""coordinates"":[-13.278132961863266,15.801141268841354]}"
0.10937402,13,1,train,"{""geodesic"":false,""type"":""Point"",""coordinates"":[-13.157668882262838,15.608722134982953]}"
0.14502338,15,1,train,"{""geodesic"":false,""type"":""Point"",""coordinates"":[-13.225581517742274,15.613842532102435]}"
0.2210679,18,1,train,"{""geodesic"":false,""type"":""Point"",""coordinates"":[-13.080054441714912,15.434898127505825]}"
0.108414285,13,1,train,"{""geodesic"":false,""type"":""Point"",""coordinates"":[-13.229354441935577,15.577999752266065]}"
0.043446854,17,1,train,"{""geodesic"":false,""type"":""Point"",""coordinates"":[-13.076012022936373,15.422770871170211]}"
0.16609186,17,1,train,"{""geodesic"":false,""type"":""Point"",""coordinates"":[-13.020765632963023,15.424387838681627]}"
0.06857576,17,1,train,"{""geodesic"":false,""type"":""Point"",""coordinates"":[-13.152278990558122,15.476939282802618]}"
0.25365785,15,1,train,"{""geodesic"":false,""type"":""Point"",""coordinates"":[-13.157668882262838,15.576652279339886]}"
0.13488889,16,1,train,"{""geodesic"":false,""type"":""Point"",""coordinates"":[-13.363023756212561,15.79224794752857]}"
0.027836747,17,1,train,"{""geodesic"":false,""type"":""Point"",""coordinates"":[-13.297806066585483,15.794673398795695]}"
0.16496493,14,1,test,"{""geodesic"":false,""type"":""Point"",""coordinates"":[-13.332301373495673,15.704392712741683]}"
0.276549,17,1,test,"{""geodesic"":false,""type"":""Point"",""coordinates"":[-13.151470506802413,15.54458242369682]}"
0.27900022,21,1,train,"{""geodesic"":false,""type"":""Point"",""coordinates"":[-13.035048845980524,15.499846322547667]}"
0.16582562,18,1,train,"{""geodesic"":false,""type"":""Point"",""coordinates"":[-13.289721229028409,15.691187478065125]}"
0.18219183,18,1,train,"{""geodesic"":false,""type"":""Point"",""coordinates"":[-13.36571870206492,15.763412026908334]}"
0.20323977,18,1,train,"{""geodesic"":false,""type"":""Point"",""coordinates"":[-13.067927185379299,15.438132062528656]}"
0.27880883,18,1,train,"{""geodesic"":false,""type"":""Point"",""coordinates"":[-13.15497393641048,15.543773939941111]}"
0.23386836,16,1,train,"{""geodesic"":false,""type"":""Point"",""coordinates"":[-13.346584586513174,15.702506250645031]}"
0.12125585,13,1,train,"{""geodesic"":false,""type"":""Point"",""coordinates"":[-13.027772492179155,15.531107694435027]}"
0.19933623,8,1,train,"{""geodesic"":false,""type"":""Point"",""coordinates"":[-13.093529170976705,15.537845059065923]}"
0.2542495,15,1,test,"{""geodesic"":false,""type"":""Point"",""coordinates"":[-13.028580975934863,15.51197357888328]}"
0.031554785,16,1,train,"{""geodesic"":false,""type"":""Point"",""coordinates"":[-13.249836030413501,15.684719608019465]}"
0.14647904,15,1,train,"{""geodesic"":false,""type"":""Point"",""coordinates"":[-13.189199748735433,15.525178813559837]}"
0.22040255,11,1,train,"{""geodesic"":false,""type"":""Point"",""coordinates"":[-13.362754261627325,15.749937297646541]}"
0.118647434,17,1,test,"{""geodesic"":false,""type"":""Point"",""coordinates"":[-13.17383855737699,15.550511304572009]}"
0.13604079,8,1,train,"{""geodesic"":false,""type"":""Point"",""coordinates"":[-13.21291527223619,15.611147586250075]}"
0.2519776,15,1,train,"{""geodesic"":false,""type"":""Point"",""coordinates"":[-13.031275921787222,15.513590546394695]}"
0.14760973,8,1,test,"{""geodesic"":false,""type"":""Point"",""coordinates"":[-13.219383142281849,15.610339102494368]}"
0.15629938,19,1,train,"{""geodesic"":false,""type"":""Point"",""coordinates"":[-13.368413647917277,15.812190546836025]}"
0.057237953,13,1,test,"{""geodesic"":false,""type"":""Point"",""coordinates"":[-13.2851398210794,15.7631425323231]}"
0.1997045,17,1,test,"{""geodesic"":false,""type"":""Point"",""coordinates"":[-13.202674477997226,15.62004090756286]}"
0.26369435,9,1,train,"{""geodesic"":false,""type"":""Point"",""coordinates"":[-13.03343187846911,15.509009138445686]}"
0.066222586,17,1,train,"{""geodesic"":false,""type"":""Point"",""coordinates"":[-13.11589722155128,15.566141990515687]}"
0.090573885,8,1,train,"{""geodesic"":false,""type"":""Point"",""coordinates"":[-13.251991987095389,15.663699030371069]}"
0.16583769,14,1,train,"{""geodesic"":false,""type"":""Point"",""coordinates"":[-13.219922131452321,15.575574300998943]}"
0.17557786,15,1,train,"{""geodesic"":false,""type"":""Point"",""coordinates"":[-13.045289640219487,15.446486394670968]}"
0.24235691,12,1,test,"{""geodesic"":false,""type"":""Point"",""coordinates"":[-13.181384405763595,15.554553723350546]}"
0.03512393,18,1,train,"{""geodesic"":false,""type"":""Point"",""coordinates"":[-13.29349415322171,15.606835672886302]}"
0.23809959,14,1,train,"{""geodesic"":false,""type"":""Point"",""coordinates"":[-13.339847221882277,15.769340907783523]}"
0.16981013,16,1,test,"{""geodesic"":false,""type"":""Point"",""coordinates"":[-13.160902817285669,15.529490726923612]}"
0.053465944,8,1,train,"{""geodesic"":false,""type"":""Point"",""coordinates"":[-13.100536030192837,15.586084589823141]}"
0.024138711,10,1,train,"{""geodesic"":false,""type"":""Point"",""coordinates"":[-13.092451192635762,15.538653542821631]}"
0.1727614,12,1,train,"{""geodesic"":false,""type"":""Point"",""coordinates"":[-13.24336816036784,15.68957051055371]}"
0.18413405,15,1,train,"{""geodesic"":false,""type"":""Point"",""coordinates"":[-13.218844153111379,15.592282965283566]}"
0.16689456,16,1,train,"{""geodesic"":false,""type"":""Point"",""coordinates"":[-13.335535308518503,15.748859319305598]}"
0.2562094,16,1,test,"{""geodesic"":false,""type"":""Point"",""coordinates"":[-13.066310217867883,15.445138921744789]}"
0.14197333,16,1,test,"{""geodesic"":false,""type"":""Point"",""coordinates"":[-13.289451734443173,15.681485672996635]}"
0.13419724,8,1,train,"{""geodesic"":false,""type"":""Point"",""coordinates"":[-13.23366635529935,15.62650877760852]}"
0.17170218,20,1,train,"{""geodesic"":false,""type"":""Point"",""coordinates"":[-13.335535308518503,15.756944156862675]}"
0.2367113,15,1,test,"{""geodesic"":false,""type"":""Point"",""coordinates"":[-13.341194694808456,15.767993434857344]}"
0.058926325,16,1,train,"{""geodesic"":false,""type"":""Point"",""coordinates"":[-13.064693250356468,15.51978892185512]}"
0.30307758,17,1,train,"{""geodesic"":false,""type"":""Point"",""coordinates"":[-13.039091264759062,15.497151376695308]}"
0.23450762,18,1,train,"{""geodesic"":false,""type"":""Point"",""coordinates"":[-13.34685408109841,15.760986575641212]}"
0.1815139,15,1,test,"{""geodesic"":false,""type"":""Point"",""coordinates"":[-13.348471048609825,15.708704626105456]}"
0.13539901,16,1,train,"{""geodesic"":false,""type"":""Point"",""coordinates"":[-13.363832239968268,15.814885492688383]}"
0.2708214,19,1,train,"{""geodesic"":false,""type"":""Point"",""coordinates"":[-13.02750299759392,15.500924300888611]}"
0.2736327,10,1,train,"{""geodesic"":false,""type"":""Point"",""coordinates"":[-13.183270867860244,15.521944878537008]}"
0.061837588,17,1,test,"{""geodesic"":false,""type"":""Point"",""coordinates"":[-13.081671409226328,15.525448308145073]}"
0.06467609,19,1,train,"{""geodesic"":false,""type"":""Point"",""coordinates"":[-13.273551553914256,15.56991491470899]}"
0.184316,12,1,train,"{""geodesic"":false,""type"":""Point"",""coordinates"":[-13.130449929154016,15.568028452612339]}"
0.2109072,17,1,train,"{""geodesic"":false,""type"":""Point"",""coordinates"":[-13.174377546547461,15.637288561017954]}"
0.24035077,14,1,train,"{""geodesic"":false,""type"":""Point"",""coordinates"":[-13.324486030523834,15.669627911246257]}"
0.10840276,13,1,train,"{""geodesic"":false,""type"":""Point"",""coordinates"":[-13.221539098963737,15.599289824499698]}"
0.15977727,16,1,train,"{""geodesic"":false,""type"":""Point"",""coordinates"":[-13.277054983522323,15.630820690972293]}"
0.021213043,18,1,train,"{""geodesic"":false,""type"":""Point"",""coordinates"":[-13.321791084671474,15.795212387966165]}"
0.05204301,16,1,train,"{""geodesic"":false,""type"":""Point"",""coordinates"":[-13.292685669466003,15.627317261364228]}"
0.1605966,18,1,test,"{""geodesic"":false,""type"":""Point"",""coordinates"":[-13.178958954496471,15.648876828183095]}"
0.25820348,18,1,test,"{""geodesic"":false,""type"":""Point"",""coordinates"":[-13.075203539180666,15.443791448818608]}"
0.2353523,13,1,train,"{""geodesic"":false,""type"":""Point"",""coordinates"":[-13.344159135246052,15.772035853635883]}"
0.0850012,17,1,test,"{""geodesic"":false,""type"":""Point"",""coordinates"":[-13.066040723282647,15.507122676349034]}"
0.14136545,16,1,train,"{""geodesic"":false,""type"":""Point"",""coordinates"":[-13.198362564633452,15.665854987052954]}"
0.18199891,17,1,train,"{""geodesic"":false,""type"":""Point"",""coordinates"":[-13.204830434679113,15.667202459979134]}"
0.21673265,18,1,train,"{""geodesic"":false,""type"":""Point"",""coordinates"":[-13.081401914641091,15.435437116676297]}"
0.2526519,16,1,test,"{""geodesic"":false,""type"":""Point"",""coordinates"":[-13.091103719709581,15.436784589602476]}"
0.02965419,19,1,train,"{""geodesic"":false,""type"":""Point"",""coordinates"":[-13.14203819631916,15.501732784644318]}"
0.21763684,15,1,train,"{""geodesic"":false,""type"":""Point"",""coordinates"":[-13.139882239637272,15.551319788327715]}"
0.23138553,13,1,train,"{""geodesic"":false,""type"":""Point"",""coordinates"":[-13.205369423849586,15.563447044663329]}"
0.086395286,17,1,train,"{""geodesic"":false,""type"":""Point"",""coordinates"":[-13.2889127452727,15.568028452612339]}"
0.15650192,19,1,train,"{""geodesic"":false,""type"":""Point"",""coordinates"":[-13.034240362224816,15.531377189020262]}"
0.17292167,16,1,train,"{""geodesic"":false,""type"":""Point"",""coordinates"":[-13.207525380531472,15.601984770352056]}"
0.205335,14,1,train,"{""geodesic"":false,""type"":""Point"",""coordinates"":[-13.177880976155528,15.542156972429696]}"
0.28087118,16,1,train,"{""geodesic"":false,""type"":""Point"",""coordinates"":[-13.15820787143331,15.487180077041582]}"
0.25362024,14,1,test,"{""geodesic"":false,""type"":""Point"",""coordinates"":[-13.164406246893735,15.570992893049933]}"
0.25335464,17,1,train,"{""geodesic"":false,""type"":""Point"",""coordinates"":[-13.149584044705763,15.563716539248565]}"
0.2032092,18,1,test,"{""geodesic"":false,""type"":""Point"",""coordinates"":[-13.075742528351139,15.447025383841439]}"
0.168739,17,1,train,"{""geodesic"":false,""type"":""Point"",""coordinates"":[-13.162519784797084,15.51978892185512]}"
0.15107942,14,1,train,"{""geodesic"":false,""type"":""Point"",""coordinates"":[-13.174108051962225,15.509278633030922]}"
0.032290254,17,1,train,"{""geodesic"":false,""type"":""Point"",""coordinates"":[-13.313167257943928,15.74158296550423]}"
0.127894,17,1,train,"{""geodesic"":false,""type"":""Point"",""coordinates"":[-13.191894694587793,15.66612448163819]}"
0.14130129,17,1,train,"{""geodesic"":false,""type"":""Point"",""coordinates"":[-13.30454343121638,15.714903001565881]}"
0.0762847,19,1,train,"{""geodesic"":false,""type"":""Point"",""coordinates"":[-13.278671951033738,15.770688380709704]}"
0.10797051,8,1,test,"{""geodesic"":false,""type"":""Point"",""coordinates"":[-13.125599026619772,15.595786394891633]}"
0.14266966,14,1,train,"{""geodesic"":false,""type"":""Point"",""coordinates"":[-13.162250290211848,15.518171954343705]}"
0.10808259,17,1,train,"{""geodesic"":false,""type"":""Point"",""coordinates"":[-13.256842889629633,15.747781340964655]}"
0.06354125,18,1,train,"{""geodesic"":false,""type"":""Point"",""coordinates"":[-13.143385669245339,15.472896864024081]}"
0.16961768,16,1,train,"{""geodesic"":false,""type"":""Point"",""coordinates"":[-13.149314550120527,15.577191268510358]}"
0.13842502,18,1,train,"{""geodesic"":false,""type"":""Point"",""coordinates"":[-13.32017411716006,15.723526828293428]}"
0.18995865,15,1,train,"{""geodesic"":false,""type"":""Point"",""coordinates"":[-13.20375245633817,15.652380257791162]}"
0.19421542,18,1,train,"{""geodesic"":false,""type"":""Point"",""coordinates"":[-13.08274938756727,15.562908055492857]}"
0.037489865,15,1,test,"{""geodesic"":false,""type"":""Point"",""coordinates"":[-13.245254622464492,15.595516900306396]}"
0.050879,14,1,train,"{""geodesic"":false,""type"":""Point"",""coordinates"":[-13.28433133732369,15.696307875184607]}"
0.14839515,14,1,train,"{""geodesic"":false,""type"":""Point"",""coordinates"":[-13.159824838944726,15.528412748582667]}"
0.2255417,17,1,train,"{""geodesic"":false,""type"":""Point"",""coordinates"":[-13.332570868080909,15.810843073909846]}"
0.09986284,8,1,test,"{""geodesic"":false,""type"":""Point"",""coordinates"":[-13.129371950813074,15.59982881367017]}"
0.05953365,8,1,train,"{""geodesic"":false,""type"":""Point"",""coordinates"":[-13.176264008644113,15.620849391318567]}"
0.14829668,13,1,train,"{""geodesic"":false,""type"":""Point"",""coordinates"":[-13.275168521425671,15.633246142239416]}"
0.10709724,7,1,test,"{""geodesic"":false,""type"":""Point"",""coordinates"":[-13.290529712784116,15.784163109971496]}"
0.113253884,17,1,train,"{""geodesic"":false,""type"":""Point"",""coordinates"":[-13.360059315774967,15.831594156973006]}"
0.17979433,19,1,train,"{""geodesic"":false,""type"":""Point"",""coordinates"":[-13.043672672708071,15.518441448928941]}"
0.100967586,22,1,train,"{""geodesic"":false,""type"":""Point"",""coordinates"":[-13.010524838724061,15.525717802730309]}"
0.22504981,16,1,train,"{""geodesic"":false,""type"":""Point"",""coordinates"":[-13.17572501947364,15.589318524845972]}"
0.07496952,8,1,test,"{""geodesic"":false,""type"":""Point"",""coordinates"":[-13.067388196208826,15.48340715284828]}"
0.14962368,18,1,train,"{""geodesic"":false,""type"":""Point"",""coordinates"":[-13.043133683537599,15.452954264716627]}"
0.28221175,12,1,train,"{""geodesic"":false,""type"":""Point"",""coordinates"":[-13.157399387677602,15.539192531992102]}"
0.26917168,10,1,train,"{""geodesic"":false,""type"":""Point"",""coordinates"":[-13.187313286638783,15.528412748582667]}"
0.12724173,23,1,test,"{""geodesic"":false,""type"":""Point"",""coordinates"":[-13.03397086763958,15.449720329693799]}"
0.21660005,15,1,train,"{""geodesic"":false,""type"":""Point"",""coordinates"":[-13.09568512765859,15.566950474271396]}"
0.25737825,22,1,train,"{""geodesic"":false,""type"":""Point"",""coordinates"":[-13.163867257723263,15.490953001234884]}"
0.25899366,15,1,test,"{""geodesic"":false,""type"":""Point"",""coordinates"":[-13.286487294005578,15.668280438320078]}"
0.046643686,8,1,train,"{""geodesic"":false,""type"":""Point"",""coordinates"":[-13.174647041132697,15.619771412977624]}"
0.10095375,14,1,train,"{""geodesic"":false,""type"":""Point"",""coordinates"":[-13.314514730870107,15.711130077372578]}"
0.17713197,14,1,train,"{""geodesic"":false,""type"":""Point"",""coordinates"":[-13.180845416593122,15.655344698228756]}"
0.044160735,16,1,train,"{""geodesic"":false,""type"":""Point"",""coordinates"":[-13.298345055755956,15.670436395001964]}"
0.10362587,12,1,train,"{""geodesic"":false,""type"":""Point"",""coordinates"":[-13.222078088134209,15.57045390387946]}"
0.16835448,14,1,train,"{""geodesic"":false,""type"":""Point"",""coordinates"":[-13.242559676612133,15.586623578993613]}"
0.13864367,16,1,train,"{""geodesic"":false,""type"":""Point"",""coordinates"":[-13.32206057925671,15.682024662167105]}"
0.10729511,17,1,test,"{""geodesic"":false,""type"":""Point"",""coordinates"":[-13.016184225014014,15.442982965062901]}"
0.15209873,20,1,train,"{""geodesic"":false,""type"":""Point"",""coordinates"":[-13.015645235843541,15.460769607688468]}"
0.040281132,19,1,train,"{""geodesic"":false,""type"":""Point"",""coordinates"":[-13.26492772718671,15.79682935547758]}"
0.23960555,15,1,train,"{""geodesic"":false,""type"":""Point"",""coordinates"":[-13.173299568206518,15.558596142129083]}"
0.23398675,12,1,train,"{""geodesic"":false,""type"":""Point"",""coordinates"":[-13.358981337434024,15.744547405941825]}"
0.20268355,16,1,train,"{""geodesic"":false,""type"":""Point"",""coordinates"":[-13.004326463263636,15.510895600542337]}"
0.21965413,16,1,train,"{""geodesic"":false,""type"":""Point"",""coordinates"":[-13.160633322700432,15.548085853304885]}"
0.05051424,20,1,train,"{""geodesic"":false,""type"":""Point"",""coordinates"":[-13.216149207259019,15.667202459979134]}"
0.08597603,16,1,train,"{""geodesic"":false,""type"":""Point"",""coordinates"":[-13.16737068733133,15.574226828072764]}"
0.121829055,14,1,train,"{""geodesic"":false,""type"":""Point"",""coordinates"":[-13.200249026730104,15.635402098921302]}"
0.25484392,17,1,train,"{""geodesic"":false,""type"":""Point"",""coordinates"":[-13.159016355189017,15.555092712521018]}"
0.25472683,20,1,train,"{""geodesic"":false,""type"":""Point"",""coordinates"":[-13.139612745052036,15.537575564480687]}"
0.22516444,16,1,train,"{""geodesic"":false,""type"":""Point"",""coordinates"":[-13.152278990558122,15.588240546505029]}"
0.12681076,18,1,train,"{""geodesic"":false,""type"":""Point"",""coordinates"":[-13.127215994131186,15.570184409294226]}"
0.16479807,16,1,train,"{""geodesic"":false,""type"":""Point"",""coordinates"":[-13.282983864397512,15.6707058895872]}"
0.084817894,19,1,train,"{""geodesic"":false,""type"":""Point"",""coordinates"":[-13.334187835592324,15.697924842696022]}"
0.069282874,8,1,train,"{""geodesic"":false,""type"":""Point"",""coordinates"":[-13.104039459800903,15.510087116786629]}"
0.1710658,14,1,train,"{""geodesic"":false,""type"":""Point"",""coordinates"":[-13.166831698160857,15.51978892185512]}"
0.10497403,7,1,train,"{""geodesic"":false,""type"":""Point"",""coordinates"":[-13.27193458640284,15.748320330135126]}"
0.116532214,17,1,train,"{""geodesic"":false,""type"":""Point"",""coordinates"":[-13.239595236174539,15.67393982461003]}"
0.11499124,16,1,train,"{""geodesic"":false,""type"":""Point"",""coordinates"":[-13.14581112051246,15.50361924674097]}"
0.08586635,7,1,train,"{""geodesic"":false,""type"":""Point"",""coordinates"":[-13.292685669466003,15.813268525176968]}"
0.081558414,17,1,test,"{""geodesic"":false,""type"":""Point"",""coordinates"":[-13.002709495752221,15.512512568053753]}"
0.18490508,14,1,train,"{""geodesic"":false,""type"":""Point"",""coordinates"":[-13.232857871543642,15.59848134074399]}"
0.027223783,16,1,train,"{""geodesic"":false,""type"":""Point"",""coordinates"":[-13.299962023267371,15.671783867928143]}"
0.2656371,17,1,train,"{""geodesic"":false,""type"":""Point"",""coordinates"":[-13.163058773967556,15.490414012064413]}"
0.28283066,13,1,train,"{""geodesic"":false,""type"":""Point"",""coordinates"":[-13.181384405763595,15.536228091554507]}"
0.15079716,16,1,train,"{""geodesic"":false,""type"":""Point"",""coordinates"":[-13.313436752529164,15.813268525176968]}"
0.23290332,16,1,train,"{""geodesic"":false,""type"":""Point"",""coordinates"":[-13.161711301041377,15.500385311718139]}"
0.040523056,16,1,train,"{""geodesic"":false,""type"":""Point"",""coordinates"":[-13.287295777761285,15.683911124263757]}"
0.09691983,8,1,train,"{""geodesic"":false,""type"":""Point"",""coordinates"":[-13.196476102536801,15.626239283023283]}"
0.1912514,19,1,train,"{""geodesic"":false,""type"":""Point"",""coordinates"":[-13.247680073731615,15.55886563671432]}"
0.2315536,15,1,train,"{""geodesic"":false,""type"":""Point"",""coordinates"":[-13.03073693261675,15.430586214142052]}"
0.04780504,12,1,train,"{""geodesic"":false,""type"":""Point"",""coordinates"":[-13.10161400853378,15.585276106067434]}"
0.16917709,8,1,train,"{""geodesic"":false,""type"":""Point"",""coordinates"":[-13.028041986764391,15.479634228654978]}"
0.06730188,18,1,train,"{""geodesic"":false,""type"":""Point"",""coordinates"":[-13.139882239637272,15.462925564370355]}"
0.21412978,20,1,train,"{""geodesic"":false,""type"":""Point"",""coordinates"":[-13.330953900569494,15.670975384172436]}"
0.25254282,11,1,train,"{""geodesic"":false,""type"":""Point"",""coordinates"":[-13.180575922007886,15.54916383164583]}"
0.17515162,18,1,train,"{""geodesic"":false,""type"":""Point"",""coordinates"":[-13.331762384325202,15.748859319305598]}"
0.10983006,16,1,train,"{""geodesic"":false,""type"":""Point"",""coordinates"":[-13.363293250797797,15.784163109971496]}"
0.19098327,17,1,train,"{""geodesic"":false,""type"":""Point"",""coordinates"":[-13.36571870206492,15.83590607033678]}"
0.07687979,7,1,train,"{""geodesic"":false,""type"":""Point"",""coordinates"":[-13.2851398210794,15.80464469844942]}"
0.055358745,19,1,train,"{""geodesic"":false,""type"":""Point"",""coordinates"":[-13.11401075945463,15.444869427159553]}"
0.06743244,17,1,test,"{""geodesic"":false,""type"":""Point"",""coordinates"":[-13.085983322590101,15.44109650296625]}"
0.1942923,16,1,train,"{""geodesic"":false,""type"":""Point"",""coordinates"":[-13.091642708880054,15.561021593396207]}"
0.047042754,17,1,test,"{""geodesic"":false,""type"":""Point"",""coordinates"":[-13.069005163720242,15.552397766668658]}"
0.19945423,8,1,train,"{""geodesic"":false,""type"":""Point"",""coordinates"":[-13.096763105999536,15.535150113213565]}"
0.072362356,17,1,test,"{""geodesic"":false,""type"":""Point"",""coordinates"":[-13.254956427532983,15.78524108831244]}"
0.13726392,16,1,train,"{""geodesic"":false,""type"":""Point"",""coordinates"":[-13.312628268773455,15.69738585352555]}"
0.18788275,17,1,train,"{""geodesic"":false,""type"":""Point"",""coordinates"":[-13.382966355520015,15.804375203864184]}"
0.13426533,15,1,train,"{""geodesic"":false,""type"":""Point"",""coordinates"":[-13.176264008644113,15.522214373122242]}"
0.13957857,16,1,test,"{""geodesic"":false,""type"":""Point"",""coordinates"":[-13.131258412909725,15.565603001345217]}"
0.2177049,8,1,train,"{""geodesic"":false,""type"":""Point"",""coordinates"":[-13.042055705196656,15.47882574489927]}"
0.12857403,19,1,train,"{""geodesic"":false,""type"":""Point"",""coordinates"":[-13.022652095059675,15.433550654579646]}"
0.108761445,14,1,train,"{""geodesic"":false,""type"":""Point"",""coordinates"":[-13.308316355409682,15.676095781291917]}"
0.12273195,15,1,train,"{""geodesic"":false,""type"":""Point"",""coordinates"":[-13.225312023157038,15.58689307357885]}"
0.1347899,20,1,train,"{""geodesic"":false,""type"":""Point"",""coordinates"":[-13.372456066695817,15.752362748913665]}"
0.22694081,16,1,train,"{""geodesic"":false,""type"":""Point"",""coordinates"":[-13.165484225234678,15.51601599766182]}"
0.03818567,16,1,test,"{""geodesic"":false,""type"":""Point"",""coordinates"":[-13.192433683758264,15.590935492357387]}"
0.0772729,15,1,train,"{""geodesic"":false,""type"":""Point"",""coordinates"":[-13.113741264869393,15.49769036586578]}"
0.23033832,16,1,test,"{""geodesic"":false,""type"":""Point"",""coordinates"":[-13.092990181806233,15.429238741215872]}"
0.25355998,16,1,train,"{""geodesic"":false,""type"":""Point"",""coordinates"":[-13.01187231165024,15.510087116786629]}"
0.20775507,21,1,train,"{""geodesic"":false,""type"":""Point"",""coordinates"":[-13.016723214184486,15.51978892185512]}"
0.04197807,23,1,train,"{""geodesic"":false,""type"":""Point"",""coordinates"":[-13.367066174991098,15.770418886124467]}"
0.1721277,17,1,train,"{""geodesic"":false,""type"":""Point"",""coordinates"":[-13.33122339515473,15.746972857208947]}"
0.10966829,19,1,train,"{""geodesic"":false,""type"":""Point"",""coordinates"":[-13.094876643902884,15.45807466183611]}"
0.16248097,15,1,train,"{""geodesic"":false,""type"":""Point"",""coordinates"":[-13.327180976376193,15.701697766889323]}"
0.20673195,20,1,train,"{""geodesic"":false,""type"":""Point"",""coordinates"":[-13.063345777430289,15.510626105957101]}"
0.2625201,17,1,train,"{""geodesic"":false,""type"":""Point"",""coordinates"":[-13.280019423959917,15.665046503297248]}"
0.118935265,8,1,train,"{""geodesic"":false,""type"":""Point"",""coordinates"":[-13.191625200002557,15.625700293852812]}"
0.21365726,21,1,train,"{""geodesic"":false,""type"":""Point"",""coordinates"":[-13.028311481349627,15.514938019320875]}"
0.040777914,16,1,test,"{""geodesic"":false,""type"":""Point"",""coordinates"":[-13.144463647586281,15.56075209881097]}"
0.1301932,15,1,train,"{""geodesic"":false,""type"":""Point"",""coordinates"":[-13.369491626258222,15.753440727254608]}"
0.18979897,20,1,train,"{""geodesic"":false,""type"":""Point"",""coordinates"":[-13.289721229028409,15.667741449149606]}"
0.24976715,14,1,train,"{""geodesic"":false,""type"":""Point"",""coordinates"":[-13.180845416593122,15.518980438099414]}"
0.2346616,14,1,train,"{""geodesic"":false,""type"":""Point"",""coordinates"":[-13.343350651490343,15.73376762253239]}"
0.14885275,16,1,train,"{""geodesic"":false,""type"":""Point"",""coordinates"":[-13.20375245633817,15.6707058895872]}"
0.15872587,16,1,train,"{""geodesic"":false,""type"":""Point"",""coordinates"":[-13.363832239968268,15.809765095568903]}"
0.04707041,17,1,train,"{""geodesic"":false,""type"":""Point"",""coordinates"":[-13.309933322921097,15.637827550188426]}"
-0.54958725,27,0,test,"{""geodesic"":false,""type"":""Point"",""coordinates"":[-13.328258954717136,15.563177550078093]}"
-0.28563148,22,0,train,"{""geodesic"":false,""type"":""Point"",""coordinates"":[-13.219922131452321,15.669627911246257]}"
-0.42539522,24,0,train,"{""geodesic"":false,""type"":""Point"",""coordinates"":[-13.223425561060388,15.814077008932676]}"
-0.45578292,61,0,train,"{""geodesic"":false,""type"":""Point"",""coordinates"":[-13.160363828115196,15.765567983590222]}"
-0.059937056,16,0,test,"{""geodesic"":false,""type"":""Point"",""coordinates"":[-13.31694018213723,15.701158777718852]}"
-0.42790878,45,0,test,"{""geodesic"":false,""type"":""Point"",""coordinates"":[-12.991929712342786,15.724874301219607]}"
-0.60201013,27,0,train,"{""geodesic"":false,""type"":""Point"",""coordinates"":[-13.185426824542132,15.825395781512581]}"
-0.47351918,21,0,train,"{""geodesic"":false,""type"":""Point"",""coordinates"":[-13.400214008975109,15.770957875294938]}"
-0.11609438,17,0,train,"{""geodesic"":false,""type"":""Point"",""coordinates"":[-13.050679531924203,15.43597610584677]}"
-0.50333196,53,0,test,"{""geodesic"":false,""type"":""Point"",""coordinates"":[-13.027772492179155,15.6421394635522]}"
-0.44775188,51,0,train,"{""geodesic"":false,""type"":""Point"",""coordinates"":[-12.977646499325287,15.75721365144791]}"
-0.36833012,15,0,test,"{""geodesic"":false,""type"":""Point"",""coordinates"":[-13.375959496303881,15.830246684046827]}"
-0.41279146,22,0,test,"{""geodesic"":false,""type"":""Point"",""coordinates"":[-13.259537835481993,15.524909318974602]}"
-0.50389975,36,0,train,"{""geodesic"":false,""type"":""Point"",""coordinates"":[-13.392129171418034,15.54458242369682]}"
-0.45677504,53,0,train,"{""geodesic"":false,""type"":""Point"",""coordinates"":[-13.12829397247213,15.702775745230268]}"
-0.30409163,20,0,train,"{""geodesic"":false,""type"":""Point"",""coordinates"":[-13.267083683868597,15.650763290279746]}"
-0.09975558,18,0,train,"{""geodesic"":false,""type"":""Point"",""coordinates"":[-13.253878449192039,15.603062748693]}"
-0.41337487,42,0,train,"{""geodesic"":false,""type"":""Point"",""coordinates"":[-12.948271589534578,15.758291629788854]}"
-0.35252893,48,0,train,"{""geodesic"":false,""type"":""Point"",""coordinates"":[-13.13018043456878,15.806261665960836]}"
-0.44937173,42,0,train,"{""geodesic"":false,""type"":""Point"",""coordinates"":[-13.178419965325999,15.811382063080318]}"
-0.23331875,21,0,train,"{""geodesic"":false,""type"":""Point"",""coordinates"":[-13.266544694698124,15.699002821036965]}"
-0.46216446,44,0,train,"{""geodesic"":false,""type"":""Point"",""coordinates"":[-13.374342528792466,15.520327911025593]}"
-0.4746572,48,0,train,"{""geodesic"":false,""type"":""Point"",""coordinates"":[-13.019957149207317,15.718406431173946]}"
-0.44275996,19,0,test,"{""geodesic"":false,""type"":""Point"",""coordinates"":[-13.113471770284159,15.566950474271396]}"
-0.425724,45,0,train,"{""geodesic"":false,""type"":""Point"",""coordinates"":[-13.13799577754062,15.731342171265268]}"
-0.44420925,32,0,train,"{""geodesic"":false,""type"":""Point"",""coordinates"":[-13.393476644344213,15.525987297315545]}"
-0.5095129,80,0,train,"{""geodesic"":false,""type"":""Point"",""coordinates"":[-13.021304622133496,15.809495600983666]}"
-0.49300086,67,0,train,"{""geodesic"":false,""type"":""Point"",""coordinates"":[-13.458963828556525,15.528682243167903]}"
-0.45920527,83,0,train,"{""geodesic"":false,""type"":""Point"",""coordinates"":[-13.41961761911209,15.40794866898224]}"
-0.14405833,18,0,train,"{""geodesic"":false,""type"":""Point"",""coordinates"":[-13.02750299759392,15.53218567277597]}"
-0.4822646,76,0,train,"{""geodesic"":false,""type"":""Point"",""coordinates"":[-12.99300769068373,15.631359680142765]}"
-0.30023435,64,0,train,"{""geodesic"":false,""type"":""Point"",""coordinates"":[-13.077090001277318,15.801680258011826]}"
-0.46640724,59,0,train,"{""geodesic"":false,""type"":""Point"",""coordinates"":[-13.371108593769637,15.430047224971581]}"
-0.42983237,36,0,train,"{""geodesic"":false,""type"":""Point"",""coordinates"":[-13.237439279492651,15.756944156862675]}"
-0.48316228,53,0,train,"{""geodesic"":false,""type"":""Point"",""coordinates"":[-13.210759315554302,15.389892531771437]}"
-0.3811803,57,0,test,"{""geodesic"":false,""type"":""Point"",""coordinates"":[-13.264119243431002,15.452684770131393]}"
-0.37483665,81,0,train,"{""geodesic"":false,""type"":""Point"",""coordinates"":[-13.36437122913874,15.384233145481485]}"
-0.45944983,25,0,test,"{""geodesic"":false,""type"":""Point"",""coordinates"":[-13.346315091927938,15.534072134872622]}"
-0.40992787,21,0,train,"{""geodesic"":false,""type"":""Point"",""coordinates"":[-13.235822311981236,15.713825023224937]}"
-0.41831946,61,0,test,"{""geodesic"":false,""type"":""Point"",""coordinates"":[-13.00863837662741,15.607913651227246]}"
-0.3941584,40,0,train,"{""geodesic"":false,""type"":""Point"",""coordinates"":[-13.315323214625815,15.486102098700638]}"
-0.46572614,74,0,train,"{""geodesic"":false,""type"":""Point"",""coordinates"":[-13.456538377289403,15.676634770462389]}"
-0.43223345,77,0,train,"{""geodesic"":false,""type"":""Point"",""coordinates"":[-13.381618882593836,15.376417802509645]}"
-0.48635438,40,0,train,"{""geodesic"":false,""type"":""Point"",""coordinates"":[-13.051757510265148,15.571801376805642]}"
-0.5252394,73,0,train,"{""geodesic"":false,""type"":""Point"",""coordinates"":[-12.99112122858708,15.800332785085647]}"
-0.46010253,26,0,train,"{""geodesic"":false,""type"":""Point"",""coordinates"":[-13.19728458629251,15.776347766999656]}"
-0.116490625,16,0,train,"{""geodesic"":false,""type"":""Point"",""coordinates"":[-13.06199830450411,15.43328115999441]}"
-0.30663297,21,0,train,"{""geodesic"":false,""type"":""Point"",""coordinates"":[-13.102691986874724,15.535150113213565]}"
-0.4195582,41,0,test,"{""geodesic"":false,""type"":""Point"",""coordinates"":[-13.124521048278828,15.739965997992815]}"
-0.55418205,64,0,train,"{""geodesic"":false,""type"":""Point"",""coordinates"":[-13.00082303365557,15.671244878757673]}"
-0.3952589,37,0,test,"{""geodesic"":false,""type"":""Point"",""coordinates"":[-13.193242167513972,15.471549391097902]}"
-0.34480917,28,0,train,"{""geodesic"":false,""type"":""Point"",""coordinates"":[-13.249027546657794,15.506314192593328]}"
-0.46836036,59,0,test,"{""geodesic"":false,""type"":""Point"",""coordinates"":[-13.458694333971291,15.72729975248673]}"
-0.5683511,28,0,test,"{""geodesic"":false,""type"":""Point"",""coordinates"":[-13.047176102316138,15.37345336207205]}"
-0.47327924,36,0,train,"{""geodesic"":false,""type"":""Point"",""coordinates"":[-13.261963286749115,15.833480619069658]}"
-0.43701035,27,0,train,"{""geodesic"":false,""type"":""Point"",""coordinates"":[-13.371378088354872,15.540540004918281]}"
-0.47315726,87,0,train,"{""geodesic"":false,""type"":""Point"",""coordinates"":[-13.2851398210794,15.388006069674786]}"
-0.35850015,36,0,train,"{""geodesic"":false,""type"":""Point"",""coordinates"":[-13.228006969009398,15.835636575751543]}"
-0.44511664,31,0,train,"{""geodesic"":false,""type"":""Point"",""coordinates"":[-13.400752998145581,15.694690907673191]}"
-0.50362325,45,0,train,"{""geodesic"":false,""type"":""Point"",""coordinates"":[-13.42554649998728,15.729725203753853]}"
-0.4604211,21,0,train,"{""geodesic"":false,""type"":""Point"",""coordinates"":[-13.164945236064206,15.480173217825449]}"
-0.48979735,84,0,train,"{""geodesic"":false,""type"":""Point"",""coordinates"":[-13.46058079606794,15.643486936478379]}"
-0.33969423,96,0,test,"{""geodesic"":false,""type"":""Point"",""coordinates"":[-12.996511120291796,15.836984048677724]}"
-0.43666843,20,0,test,"{""geodesic"":false,""type"":""Point"",""coordinates"":[-13.018609676281136,15.471818885683138]}"
-0.43347988,53,0,train,"{""geodesic"":false,""type"":""Point"",""coordinates"":[-13.410454803214073,15.656153181984465]}"
-0.3320253,59,0,train,"{""geodesic"":false,""type"":""Point"",""coordinates"":[-13.148506066364819,15.8059921713756]}"
-0.3295581,23,0,train,"{""geodesic"":false,""type"":""Point"",""coordinates"":[-13.401561481901288,15.820275384393101]}"
-0.066535264,21,0,train,"{""geodesic"":false,""type"":""Point"",""coordinates"":[-13.360328810360203,15.686875564701351]}"
-0.42598873,42,0,train,"{""geodesic"":false,""type"":""Point"",""coordinates"":[-13.358981337434024,15.471279896512666]}"
-0.5282733,20,0,train,"{""geodesic"":false,""type"":""Point"",""coordinates"":[-13.304273936631144,15.549972315401536]}"
-0.40298116,62,0,train,"{""geodesic"":false,""type"":""Point"",""coordinates"":[-13.429049929595346,15.606835672886302]}"
-0.4070525,42,0,train,"{""geodesic"":false,""type"":""Point"",""coordinates"":[-13.224503539401331,15.72918621458338]}"
-0.5803551,23,0,train,"{""geodesic"":false,""type"":""Point"",""coordinates"":[-13.037474297247647,15.372105889145871]}"
-0.45091772,37,0,test,"{""geodesic"":false,""type"":""Point"",""coordinates"":[-13.09514613848812,15.627586755949464]}"
-0.42744628,44,0,test,"{""geodesic"":false,""type"":""Point"",""coordinates"":[-13.106734405653262,15.638366539358897]}"
-0.12760638,15,0,train,"{""geodesic"":false,""type"":""Point"",""coordinates"":[-13.257920867970578,15.593899932794981]}"
-0.37655547,49,0,test,"{""geodesic"":false,""type"":""Point"",""coordinates"":[-13.256303900459162,15.480712206995921]}"
-0.44986156,40,0,train,"{""geodesic"":false,""type"":""Point"",""coordinates"":[-13.226390001497982,15.503888741326206]}"
-0.47715378,33,0,train,"{""geodesic"":false,""type"":""Point"",""coordinates"":[-13.186774297468311,15.815154987273619]}"
-0.36282888,22,0,train,"{""geodesic"":false,""type"":""Point"",""coordinates"":[-13.051218521094675,15.467506972319365]}"
-0.47070467,61,0,train,"{""geodesic"":false,""type"":""Point"",""coordinates"":[-13.430397402521525,15.62839523970517]}"
-0.41319698,68,0,test,"{""geodesic"":false,""type"":""Point"",""coordinates"":[-13.458963828556525,15.681755167581871]}"
-0.3639495,33,0,train,"{""geodesic"":false,""type"":""Point"",""coordinates"":[-13.340655705637985,15.605488199960122]}"
-0.44979087,65,0,train,"{""geodesic"":false,""type"":""Point"",""coordinates"":[-13.432553359203412,15.506314192593328]}"
-0.522234,64,0,train,"{""geodesic"":false,""type"":""Point"",""coordinates"":[-12.993816174439438,15.674748308365738]}"
-0.4396604,46,0,train,"{""geodesic"":false,""type"":""Point"",""coordinates"":[-13.033701373054344,15.729455709168617]}"
-0.48667857,67,0,train,"{""geodesic"":false,""type"":""Point"",""coordinates"":[-13.258459857141048,15.426543795363514]}"
-0.34294036,28,0,test,"{""geodesic"":false,""type"":""Point"",""coordinates"":[-13.33122339515473,15.596055889476867]}"
-0.4800931,40,0,train,"{""geodesic"":false,""type"":""Point"",""coordinates"":[-13.108620867749913,15.735923579214278]}"
-0.46443662,16,0,test,"{""geodesic"":false,""type"":""Point"",""coordinates"":[-13.325294514279541,15.639983506870312]}"
-0.34692666,33,0,test,"{""geodesic"":false,""type"":""Point"",""coordinates"":[-13.24282917119737,15.493647947087242]}"
-0.41032144,34,0,train,"{""geodesic"":false,""type"":""Point"",""coordinates"":[-13.410454803214073,15.74751184637942]}"
-0.43176603,42,0,train,"{""geodesic"":false,""type"":""Point"",""coordinates"":[-13.105925921897555,15.761256070226448]}"
-0.33939496,63,0,train,"{""geodesic"":false,""type"":""Point"",""coordinates"":[-13.034240362224816,15.764490005249279]}"
-0.37080276,35,0,train,"{""geodesic"":false,""type"":""Point"",""coordinates"":[-13.334187835592324,15.583928633141253]}"
-0.43036184,51,0,test,"{""geodesic"":false,""type"":""Point"",""coordinates"":[-13.40533440609459,15.618962929221915]}"
-0.48434898,64,0,train,"{""geodesic"":false,""type"":""Point"",""coordinates"":[-12.972526102205805,15.682833145922814]}"
-0.34937373,31,0,train,"{""geodesic"":false,""type"":""Point"",""coordinates"":[-13.266544694698124,15.490144517479177]}"
-0.4848124,20,0,test,"{""geodesic"":false,""type"":""Point"",""coordinates"":[-13.219922131452321,15.617076467125264]}"
-0.47472066,24,0,train,"{""geodesic"":false,""type"":""Point"",""coordinates"":[-13.200249026730104,15.765298489004985]}"
-0.46991682,38,0,test,"{""geodesic"":false,""type"":""Point"",""coordinates"":[-13.333918341007088,15.49445643084295]}"
-0.44721428,50,0,train,"{""geodesic"":false,""type"":""Point"",""coordinates"":[-13.44441112095379,15.68040769465569]}"
-0.42985967,40,0,test,"{""geodesic"":false,""type"":""Point"",""coordinates"":[-13.35332195114407,15.51520751390611]}"
-0.4789346,27,0,train,"{""geodesic"":false,""type"":""Point"",""coordinates"":[-13.18030642742265,15.757483146033145]}"
-0.41576326,18,0,train,"{""geodesic"":false,""type"":""Point"",""coordinates"":[-13.237978268663124,15.795212387966165]}"
-0.46409017,60,0,train,"{""geodesic"":false,""type"":""Point"",""coordinates"":[-13.047715091486609,15.593630438209745]}"
-0.4411796,29,0,train,"{""geodesic"":false,""type"":""Point"",""coordinates"":[-13.177880976155528,15.767184951101637]}"
-0.34000298,75,0,train,"{""geodesic"":false,""type"":""Point"",""coordinates"":[-13.333379351836617,15.400941809766108]}"
-0.47776717,43,0,train,"{""geodesic"":false,""type"":""Point"",""coordinates"":[-12.969831156353447,15.734037117117627]}"
-0.37776682,74,0,train,"{""geodesic"":false,""type"":""Point"",""coordinates"":[-13.444141626368554,15.611417080835311]}"
-0.4375318,21,0,test,"{""geodesic"":false,""type"":""Point"",""coordinates"":[-13.35601689699643,15.670436395001964]}"
-0.49925748,54,0,train,"{""geodesic"":false,""type"":""Point"",""coordinates"":[-13.010524838724061,15.55374523959484]}"
-0.42349088,61,0,test,"{""geodesic"":false,""type"":""Point"",""coordinates"":[-13.014297762917362,15.710052099031635]}"
-0.4804664,47,0,train,"{""geodesic"":false,""type"":""Point"",""coordinates"":[-13.43066689710676,15.749667803061307]}"
-0.29108077,20,0,train,"{""geodesic"":false,""type"":""Point"",""coordinates"":[-13.219652636867085,15.693343434747012]}"
-0.38413283,44,0,train,"{""geodesic"":false,""type"":""Point"",""coordinates"":[-13.28567881024987,15.49445643084295]}"
-0.53563607,79,0,test,"{""geodesic"":false,""type"":""Point"",""coordinates"":[-12.968483683427268,15.834289102825364]}"
-0.47456512,25,0,test,"{""geodesic"":false,""type"":""Point"",""coordinates"":[-13.184348846201189,15.746972857208947]}"
-0.3997606,40,0,train,"{""geodesic"":false,""type"":""Point"",""coordinates"":[-13.15955534435949,15.371297405390164]}"
-0.30217403,62,0,train,"{""geodesic"":false,""type"":""Point"",""coordinates"":[-13.074125560839724,15.805183687619893]}"
-0.51180637,50,0,test,"{""geodesic"":false,""type"":""Point"",""coordinates"":[-13.15820787143331,15.711130077372578]}"
-0.36031124,20,0,train,"{""geodesic"":false,""type"":""Point"",""coordinates"":[-13.2851398210794,15.587162568164084]}"
-0.40454558,53,0,train,"{""geodesic"":false,""type"":""Point"",""coordinates"":[-13.041516716026184,15.694151918502719]}"
-0.4297276,16,0,train,"{""geodesic"":false,""type"":""Point"",""coordinates"":[-13.252261481680623,15.642947947307906]}"
-0.1526195,17,0,train,"{""geodesic"":false,""type"":""Point"",""coordinates"":[-13.098110578925715,15.600367802840642]}"
-0.5743214,28,0,train,"{""geodesic"":false,""type"":""Point"",""coordinates"":[-13.149045055535291,15.413608055272192]}"
-0.34321693,22,0,train,"{""geodesic"":false,""type"":""Point"",""coordinates"":[-13.144733142171518,15.45807466183611]}"
-0.43000734,26,0,train,"{""geodesic"":false,""type"":""Point"",""coordinates"":[-13.445489099294733,15.820544878978335]}"
-0.2973637,24,0,test,"{""geodesic"":false,""type"":""Point"",""coordinates"":[-13.0717001095726,15.490144517479177]}"
-0.4546883,28,0,train,"{""geodesic"":false,""type"":""Point"",""coordinates"":[-13.1679096765018,15.669088922075785]}"
-0.46237502,34,0,train,"{""geodesic"":false,""type"":""Point"",""coordinates"":[-13.41126328696978,15.776886756170127]}"
-0.3471389,22,0,train,"{""geodesic"":false,""type"":""Point"",""coordinates"":[-13.281905886056569,15.733498127947154]}"
-0.4278549,49,0,train,"{""geodesic"":false,""type"":""Point"",""coordinates"":[-13.116975199892224,15.808956611813194]}"
-0.46023604,53,0,train,"{""geodesic"":false,""type"":""Point"",""coordinates"":[-13.418000651600677,15.483137658263043]}"
-0.29526684,29,0,test,"{""geodesic"":false,""type"":""Point"",""coordinates"":[-13.26681418928336,15.506314192593328]}"
-0.37302846,69,0,train,"{""geodesic"":false,""type"":""Point"",""coordinates"":[-13.144733142171518,15.795481882551401]}"
-0.41831097,51,0,train,"{""geodesic"":false,""type"":""Point"",""coordinates"":[-13.398327546878459,15.482598669092573]}"
-0.35955748,37,0,train,"{""geodesic"":false,""type"":""Point"",""coordinates"":[-13.183001373275008,15.473435853194554]}"
-0.06715061,22,0,train,"{""geodesic"":false,""type"":""Point"",""coordinates"":[-13.374342528792466,15.728377730827674]}"
-0.4814026,66,0,train,"{""geodesic"":false,""type"":""Point"",""coordinates"":[-13.445758593879969,15.476669788217384]}"
-0.1441558,20,0,test,"{""geodesic"":false,""type"":""Point"",""coordinates"":[-13.26681418928336,15.694960402258427]}"
-0.41785342,56,0,train,"{""geodesic"":false,""type"":""Point"",""coordinates"":[-13.157399387677602,15.771227369880174]}"
-0.4734885,47,0,train,"{""geodesic"":false,""type"":""Point"",""coordinates"":[-13.41314974906643,15.54646888579347]}"
-0.2503714,18,0,train,"{""geodesic"":false,""type"":""Point"",""coordinates"":[-13.254956427532983,15.751554265157957]}"
-0.5205495,44,0,train,"{""geodesic"":false,""type"":""Point"",""coordinates"":[-13.461119785238413,15.74670336262371]}"
-0.4907266,15,0,train,"{""geodesic"":false,""type"":""Point"",""coordinates"":[-13.399675019804638,15.837523037848195]}"
-0.5503252,64,0,test,"{""geodesic"":false,""type"":""Point"",""coordinates"":[-13.018879170866372,15.629203723460877]}"
-0.20771848,21,0,train,"{""geodesic"":false,""type"":""Point"",""coordinates"":[-13.349279532365532,15.69226545640607]}"
-0.42611635,53,0,train,"{""geodesic"":false,""type"":""Point"",""coordinates"":[-13.369222131672986,15.440288019210543]}"
-0.32976022,22,0,train,"{""geodesic"":false,""type"":""Point"",""coordinates"":[-13.090834225124347,15.41253007693125]}"
-0.50634056,19,0,train,"{""geodesic"":false,""type"":""Point"",""coordinates"":[-13.390512203906619,15.807339644301779]}"
-0.41845825,41,0,train,"{""geodesic"":false,""type"":""Point"",""coordinates"":[-13.362754261627325,15.521675383951772]}"
-0.51594883,80,0,train,"{""geodesic"":false,""type"":""Point"",""coordinates"":[-13.43147538086247,15.444869427159553]}"
-0.31069475,72,0,train,"{""geodesic"":false,""type"":""Point"",""coordinates"":[-13.037743791832883,15.782276647874845]}"
-0.43896374,27,0,train,"{""geodesic"":false,""type"":""Point"",""coordinates"":[-13.462197763579356,15.817580438540741]}"
-0.23904946,19,0,train,"{""geodesic"":false,""type"":""Point"",""coordinates"":[-13.336343792274212,15.740235492578051]}"
-0.158764,17,0,train,"{""geodesic"":false,""type"":""Point"",""coordinates"":[-13.379462925911948,15.832672135313949]}"
-0.46594322,33,0,train,"{""geodesic"":false,""type"":""Point"",""coordinates"":[-13.211298304724775,15.457266178080403]}"
-0.4027821,16,0,train,"{""geodesic"":false,""type"":""Point"",""coordinates"":[-13.236630795736945,15.559674120470028]}"
-0.5717675,79,0,train,"{""geodesic"":false,""type"":""Point"",""coordinates"":[-13.453843431437045,15.446486394670968]}"
-0.22461337,17,0,train,"{""geodesic"":false,""type"":""Point"",""coordinates"":[-13.069274658305478,15.517093976002762]}"
-0.43824473,45,0,train,"{""geodesic"":false,""type"":""Point"",""coordinates"":[-13.412880254481195,15.63621058267701]}"
-0.43578038,40,0,train,"{""geodesic"":false,""type"":""Point"",""coordinates"":[-13.420426102867799,15.781737658704373]}"
-0.47468764,47,0,train,"{""geodesic"":false,""type"":""Point"",""coordinates"":[-13.423121048720157,15.736732062969985]}"
-0.49141708,52,0,train,"{""geodesic"":false,""type"":""Point"",""coordinates"":[-13.42366003789063,15.630820690972293]}"
-0.45962346,56,0,train,"{""geodesic"":false,""type"":""Point"",""coordinates"":[-13.4241990270611,15.664777008712012]}"
-0.18916115,20,0,train,"{""geodesic"":false,""type"":""Point"",""coordinates"":[-13.28379234815322,15.575304806413707]}"
-0.39469728,49,0,train,"{""geodesic"":false,""type"":""Point"",""coordinates"":[-13.397788557707987,15.485832604115403]}"
-0.36069483,80,0,train,"{""geodesic"":false,""type"":""Point"",""coordinates"":[-13.382966355520015,15.37668729709488]}"
-0.4936299,54,0,train,"{""geodesic"":false,""type"":""Point"",""coordinates"":[-13.040708232270477,15.64672087150121]}"
-0.47461408,46,0,train,"{""geodesic"":false,""type"":""Point"",""coordinates"":[-13.261154802993408,15.827012749023996]}"
-0.4309033,25,0,train,"{""geodesic"":false,""type"":""Point"",""coordinates"":[-13.405873395265063,15.76044758647074]}"
-0.516796,50,0,train,"{""geodesic"":false,""type"":""Point"",""coordinates"":[-13.274360037669965,15.449989824279033]}"
-0.35934222,60,0,train,"{""geodesic"":false,""type"":""Point"",""coordinates"":[-13.014567257502598,15.701697766889323]}"
-0.30070835,21,0,test,"{""geodesic"":false,""type"":""Point"",""coordinates"":[-13.031545416372458,15.482329174507337]}"
-0.21029647,17,0,train,"{""geodesic"":false,""type"":""Point"",""coordinates"":[-13.119670145744582,15.527873759412197]}"
-0.42308933,27,0,test,"{""geodesic"":false,""type"":""Point"",""coordinates"":[-13.127754983301658,15.407679174397003]}"
-0.333694,75,0,train,"{""geodesic"":false,""type"":""Point"",""coordinates"":[-13.374073034207232,15.388275564260022]}"
-0.50603867,69,0,train,"{""geodesic"":false,""type"":""Point"",""coordinates"":[-13.462736752749828,15.523292351463187]}"
-0.34359884,23,0,train,"{""geodesic"":false,""type"":""Point"",""coordinates"":[-13.423929532475865,15.811112568495082]}"
-0.44690156,16,0,train,"{""geodesic"":false,""type"":""Point"",""coordinates"":[-13.064693250356468,15.50415823591144]}"
-0.45424736,70,0,train,"{""geodesic"":false,""type"":""Point"",""coordinates"":[-13.429588918765818,15.476669788217384]}"
-0.40613705,50,0,train,"{""geodesic"":false,""type"":""Point"",""coordinates"":[-13.157399387677602,15.79305643128428]}"
-0.38122404,65,0,train,"{""geodesic"":false,""type"":""Point"",""coordinates"":[-13.317479171307701,15.461578091444176]}"
-0.3012155,17,0,train,"{""geodesic"":false,""type"":""Point"",""coordinates"":[-13.060381336992695,15.465081521052241]}"
-0.10299664,17,0,test,"{""geodesic"":false,""type"":""Point"",""coordinates"":[-13.033701373054344,15.51601599766182]}"
-0.37395197,25,0,train,"{""geodesic"":false,""type"":""Point"",""coordinates"":[-13.360867799530673,15.778234229096308]}"
-0.5415962,45,0,test,"{""geodesic"":false,""type"":""Point"",""coordinates"":[-13.06711870162359,15.687414553871823]}"
-0.5181493,57,0,train,"{""geodesic"":false,""type"":""Point"",""coordinates"":[-13.42285155413492,15.576652279339886]}"
-0.40359002,54,0,train,"{""geodesic"":false,""type"":""Point"",""coordinates"":[-13.059842347822222,15.82943820029112]}"
-0.3693879,43,0,train,"{""geodesic"":false,""type"":""Point"",""coordinates"":[-13.14581112051246,15.755057694766023]}"
-0.36796173,54,0,train,"{""geodesic"":false,""type"":""Point"",""coordinates"":[-13.088139279271987,15.77149686446541]}"
-0.48997855,19,0,train,"{""geodesic"":false,""type"":""Point"",""coordinates"":[-13.144733142171518,15.593630438209745]}"
-0.49533272,56,0,train,"{""geodesic"":false,""type"":""Point"",""coordinates"":[-13.215071228918076,15.744547405941825]}"
-0.50069857,70,0,train,"{""geodesic"":false,""type"":""Point"",""coordinates"":[-12.979802456007173,15.654805709058284]}"
-0.40769297,25,0,train,"{""geodesic"":false,""type"":""Point"",""coordinates"":[-13.173299568206518,15.469932423586487]}"
-0.33155978,57,0,test,"{""geodesic"":false,""type"":""Point"",""coordinates"":[-13.050410037338967,15.812999030591731]}"
-0.44814786,54,0,train,"{""geodesic"":false,""type"":""Point"",""coordinates"":[-13.422582059549685,15.705740185667862]}"
-0.31611565,22,0,train,"{""geodesic"":false,""type"":""Point"",""coordinates"":[-13.033162383883873,15.496342892939602]}"
-0.42464057,35,0,test,"{""geodesic"":false,""type"":""Point"",""coordinates"":[-13.091642708880054,15.713825023224937]}"
-0.30193463,31,0,test,"{""geodesic"":false,""type"":""Point"",""coordinates"":[-13.274090543084728,15.521944878537008]}"
-0.5250688,67,0,train,"{""geodesic"":false,""type"":""Point"",""coordinates"":[-13.444680615539026,15.669627911246257]}"
-0.50964946,50,0,train,"{""geodesic"":false,""type"":""Point"",""coordinates"":[-13.095954622243827,15.693612929332248]}"
-0.5133988,33,0,train,"{""geodesic"":false,""type"":""Point"",""coordinates"":[-13.17060462235416,15.753710221839844]}"
-0.4124064,36,0,train,"{""geodesic"":false,""type"":""Point"",""coordinates"":[-13.380540904252891,15.596864373232576]}"
-0.28850022,19,0,train,"{""geodesic"":false,""type"":""Point"",""coordinates"":[-13.245793611634964,15.66423801954154]}"
-0.086671755,17,0,test,"{""geodesic"":false,""type"":""Point"",""coordinates"":[-13.305621409557324,15.635132604336068]}"
-0.3733581,31,0,train,"{""geodesic"":false,""type"":""Point"",""coordinates"":[-13.328528449302372,15.506314192593328]}"
-0.4880167,72,0,train,"{""geodesic"":false,""type"":""Point"",""coordinates"":[-13.453573936851809,15.51197357888328]}"
-0.49353805,49,0,train,"{""geodesic"":false,""type"":""Point"",""coordinates"":[-13.05876436948128,15.585545600652669]}"
-0.44965,88,0,train,"{""geodesic"":false,""type"":""Point"",""coordinates"":[-13.27921094020421,15.385041629237191]}"
-0.32115462,23,0,train,"{""geodesic"":false,""type"":""Point"",""coordinates"":[-13.065771228697411,15.466698488563656]}"
-0.34991896,19,0,train,"{""geodesic"":false,""type"":""Point"",""coordinates"":[-13.294572131562653,15.789822496261449]}"
-0.44155827,52,0,train,"{""geodesic"":false,""type"":""Point"",""coordinates"":[-13.28244487522704,15.461039102273704]}"
-0.4324006,48,0,train,"{""geodesic"":false,""type"":""Point"",""coordinates"":[-13.03855227558859,15.713286034054466]}"
-0.49732053,59,0,train,"{""geodesic"":false,""type"":""Point"",""coordinates"":[-13.218574658526142,15.386928091333843]}"
-0.4976681,27,0,train,"{""geodesic"":false,""type"":""Point"",""coordinates"":[-13.143655163830575,15.635671593506538]}"
-0.46826088,48,0,train,"{""geodesic"":false,""type"":""Point"",""coordinates"":[-13.1641367523085,15.720562387855834]}"
-0.47410047,47,0,test,"{""geodesic"":false,""type"":""Point"",""coordinates"":[-13.431744875447704,15.69603838059937]}"
-0.3327316,60,0,train,"{""geodesic"":false,""type"":""Point"",""coordinates"":[-13.078976463373968,15.80545318220513]}"
-0.36872783,43,0,train,"{""geodesic"":false,""type"":""Point"",""coordinates"":[-13.294572131562653,15.500385311718139]}"
-0.36971352,46,0,train,"{""geodesic"":false,""type"":""Point"",""coordinates"":[-13.327450470961429,15.482868163677809]}"
-0.45148125,38,0,train,"{""geodesic"":false,""type"":""Point"",""coordinates"":[-13.246332600805435,15.827012749023996]}"
-0.5106838,73,0,train,"{""geodesic"":false,""type"":""Point"",""coordinates"":[-13.059842347822222,15.665315997882482]}"
-0.46024865,57,0,train,"{""geodesic"":false,""type"":""Point"",""coordinates"":[-12.967136210501089,15.69738585352555]}"
-0.41781855,52,0,train,"{""geodesic"":false,""type"":""Point"",""coordinates"":[-12.972526102205805,15.726491268731023]}"
-0.40553084,67,0,train,"{""geodesic"":false,""type"":""Point"",""coordinates"":[-13.319635127989589,15.45214578096092]}"
-0.4730765,22,0,train,"{""geodesic"":false,""type"":""Point"",""coordinates"":[-13.190816716246848,15.514938019320875]}"
-0.5050734,28,0,test,"{""geodesic"":false,""type"":""Point"",""coordinates"":[-13.133144875006376,15.411452098590306]}"
-0.28855416,15,0,test,"{""geodesic"":false,""type"":""Point"",""coordinates"":[-13.135570326273498,15.540270510333045]}"
-0.091397,14,0,test,"{""geodesic"":false,""type"":""Point"",""coordinates"":[-13.076551012106846,15.526256791900781]}"
-0.45427123,31,0,train,"{""geodesic"":false,""type"":""Point"",""coordinates"":[-13.395363106440865,15.684180618848993]}"
-0.43263885,19,0,train,"{""geodesic"":false,""type"":""Point"",""coordinates"":[-13.111854802772744,15.47101040192743]}"
-0.49757454,59,0,test,"{""geodesic"":false,""type"":""Point"",""coordinates"":[-13.307777366239211,15.464273037296534]}"
-0.55867124,67,0,test,"{""geodesic"":false,""type"":""Point"",""coordinates"":[-13.001901011996514,15.643217441893142]}"
-0.3845064,81,0,train,"{""geodesic"":false,""type"":""Point"",""coordinates"":[-13.315862203796286,15.441635492136722]}"
-0.44457626,27,0,train,"{""geodesic"":false,""type"":""Point"",""coordinates"":[-13.21803566935567,15.811382063080318]}"
-0.4371743,48,0,train,"{""geodesic"":false,""type"":""Point"",""coordinates"":[-13.014836752087835,15.555631701691489]}"
-0.43883517,83,0,test,"{""geodesic"":false,""type"":""Point"",""coordinates"":[-13.408298846532185,15.386928091333843]}"
-0.35485396,61,0,train,"{""geodesic"":false,""type"":""Point"",""coordinates"":[-13.344698124416523,15.42681328994875]}"
-0.3824614,31,0,train,"{""geodesic"":false,""type"":""Point"",""coordinates"":[-13.337152276029919,15.566950474271396]}"
-0.4177213,27,0,test,"{""geodesic"":false,""type"":""Point"",""coordinates"":[-13.210759315554302,15.782546142460081]}"
-0.3194791,42,0,train,"{""geodesic"":false,""type"":""Point"",""coordinates"":[-13.245524117049728,15.472896864024081]}"
-0.39751098,57,0,train,"{""geodesic"":false,""type"":""Point"",""coordinates"":[-13.017801192525429,15.62192736965951]}"
-0.4070312,80,0,train,"{""geodesic"":false,""type"":""Point"",""coordinates"":[-13.049871048168496,15.665585492467718]}"
-0.3523973,60,0,train,"{""geodesic"":false,""type"":""Point"",""coordinates"":[-13.074395055424958,15.807339644301779]}"
-0.3560897,44,0,train,"{""geodesic"":false,""type"":""Point"",""coordinates"":[-13.23420534446982,15.44891184593809]}"
-0.435196,25,0,train,"{""geodesic"":false,""type"":""Point"",""coordinates"":[-13.090834225124347,15.595516900306396]}"
-0.43979502,52,0,train,"{""geodesic"":false,""type"":""Point"",""coordinates"":[-13.415305705748317,15.567219968856632]}"
-0.25671613,22,0,train,"{""geodesic"":false,""type"":""Point"",""coordinates"":[-13.336882781444682,15.79629036630711]}"
-0.35695893,83,0,test,"{""geodesic"":false,""type"":""Point"",""coordinates"":[-13.4527654530961,15.639175023114605]}"
-0.38222098,23,0,train,"{""geodesic"":false,""type"":""Point"",""coordinates"":[-13.097841084340478,15.522214373122242]}"
-0.54474443,23,0,test,"{""geodesic"":false,""type"":""Point"",""coordinates"":[-13.211837293895245,15.524909318974602]}"
-0.46770617,36,0,train,"{""geodesic"":false,""type"":""Point"",""coordinates"":[-13.366527185820628,15.573418344317055]}"
-0.410469,63,0,test,"{""geodesic"":false,""type"":""Point"",""coordinates"":[-13.437943250908129,15.50361924674097]}"
-0.36242372,30,0,train,"{""geodesic"":false,""type"":""Point"",""coordinates"":[-13.336613286859448,15.604679716204416]}"
-0.46075517,57,0,train,"{""geodesic"":false,""type"":""Point"",""coordinates"":[-13.139612745052036,15.690648488894654]}"
-0.49162585,30,0,train,"{""geodesic"":false,""type"":""Point"",""coordinates"":[-13.193781156684443,15.75721365144791]}"
-0.4632067,31,0,train,"{""geodesic"":false,""type"":""Point"",""coordinates"":[-13.111315813602271,15.723796322878664]}"
-0.3792481,74,0,train,"{""geodesic"":false,""type"":""Point"",""coordinates"":[-13.012411300820713,15.790630980017156]}"
-0.47753614,79,0,train,"{""geodesic"":false,""type"":""Point"",""coordinates"":[-13.450340001828978,15.391778993868089]}"
-0.5329684,23,0,test,"{""geodesic"":false,""type"":""Point"",""coordinates"":[-13.392129171418034,15.804375203864184]}"
-0.44578448,21,0,train,"{""geodesic"":false,""type"":""Point"",""coordinates"":[-13.306160398727796,15.551319788327715]}"
-0.294868,48,0,test,"{""geodesic"":false,""type"":""Point"",""coordinates"":[-13.104039459800903,15.782276647874845]}"
-0.51457596,67,0,train,"{""geodesic"":false,""type"":""Point"",""coordinates"":[-12.990043250246135,15.662351557444888]}"
-0.4076027,50,0,train,"{""geodesic"":false,""type"":""Point"",""coordinates"":[-13.418539640771147,15.628664734290407]}"
-0.33396858,23,0,train,"{""geodesic"":false,""type"":""Point"",""coordinates"":[-13.131258412909725,15.614651015858142]}"
-0.48323008,36,0,test,"{""geodesic"":false,""type"":""Point"",""coordinates"":[-13.406412384435534,15.496342892939602]}"
-0.20972346,15,0,test,"{""geodesic"":false,""type"":""Point"",""coordinates"":[-13.145541625927224,15.535689102384035]}"
-0.44969547,50,0,train,"{""geodesic"":false,""type"":""Point"",""coordinates"":[-13.028311481349627,15.565603001345217]}"
-0.32403234,78,0,train,"{""geodesic"":false,""type"":""Point"",""coordinates"":[-13.462736752749828,15.581503181874131]}"
-0.46019265,71,0,train,"{""geodesic"":false,""type"":""Point"",""coordinates"":[-13.46058079606794,15.384772134651957]}"
-0.43980443,38,0,train,"{""geodesic"":false,""type"":""Point"",""coordinates"":[-13.040708232270477,15.718945420344419]}"
-0.44394213,58,0,test,"{""geodesic"":false,""type"":""Point"",""coordinates"":[-13.388625741809967,15.450798308034742]}"
-0.3897119,36,0,train,"{""geodesic"":false,""type"":""Point"",""coordinates"":[-13.333379351836617,15.514399030150404]}"
-0.46259913,51,0,train,"{""geodesic"":false,""type"":""Point"",""coordinates"":[-13.284870326494163,15.46589000480795]}"
-0.4751905,54,0,train,"{""geodesic"":false,""type"":""Point"",""coordinates"":[-13.169526644013215,15.714094517810173]}"
-0.37757874,23,0,train,"{""geodesic"":false,""type"":""Point"",""coordinates"":[-13.059842347822222,15.563716539248565]}"
-0.31479594,80,0,train,"{""geodesic"":false,""type"":""Point"",""coordinates"":[-13.307777366239211,15.43974903004007]}"
-0.40023208,20,0,train,"{""geodesic"":false,""type"":""Point"",""coordinates"":[-13.045559134804723,15.487719066212053]}"
-0.42776135,71,0,train,"{""geodesic"":false,""type"":""Point"",""coordinates"":[-13.463545236505535,15.375878813339174]}"
-0.5323928,68,0,train,"{""geodesic"":false,""type"":""Point"",""coordinates"":[-13.026964008423448,15.79629036630711]}"
-0.4992558,85,0,test,"{""geodesic"":false,""type"":""Point"",""coordinates"":[-13.329067438472844,15.380729715873418]}"
-0.45557663,53,0,train,"{""geodesic"":false,""type"":""Point"",""coordinates"":[-13.353860940314542,15.498229355036251]}"
-0.34962183,17,0,train,"{""geodesic"":false,""type"":""Point"",""coordinates"":[-13.32017411716006,15.593360943624509]}"
-0.45596376,35,0,train,"{""geodesic"":false,""type"":""Point"",""coordinates"":[-13.182731878689774,15.73511509545857]}"
-0.49131078,24,0,test,"{""geodesic"":false,""type"":""Point"",""coordinates"":[-13.456538377289403,15.816232965614562]}"
-0.39741337,44,0,train,"{""geodesic"":false,""type"":""Point"",""coordinates"":[-13.020496138377787,15.734845600873333]}"
-0.55051935,60,0,test,"{""geodesic"":false,""type"":""Point"",""coordinates"":[-13.037743791832883,15.680138200070456]}"
-0.051944625,19,0,test,"{""geodesic"":false,""type"":""Point"",""coordinates"":[-13.08409686049345,15.422501376584977]}"
-0.44390526,26,0,train,"{""geodesic"":false,""type"":""Point"",""coordinates"":[-13.206177907605293,15.77284433739159]}"
-0.2708197,19,0,train,"{""geodesic"":false,""type"":""Point"",""coordinates"":[-13.098649568096185,15.548894337060593]}"
-0.48072767,48,0,test,"{""geodesic"":false,""type"":""Point"",""coordinates"":[-13.425007510816808,15.72137087161154]}"
-0.5403398,72,0,train,"{""geodesic"":false,""type"":""Point"",""coordinates"":[-13.439560218419544,15.57503531182847]}"
-0.07119026,19,0,train,"{""geodesic"":false,""type"":""Point"",""coordinates"":[-13.052027004850382,15.410374120249363]}"
-0.5104101,22,0,train,"{""geodesic"":false,""type"":""Point"",""coordinates"":[-13.190816716246848,15.500924300888611]}"
-0.55051,43,0,train,"{""geodesic"":false,""type"":""Point"",""coordinates"":[-13.15497393641048,15.37668729709488]}"
-0.28214112,18,0,test,"{""geodesic"":false,""type"":""Point"",""coordinates"":[-13.12047862950029,15.569106430953282]}"
-0.41437072,30,0,train,"{""geodesic"":false,""type"":""Point"",""coordinates"":[-13.407220868191242,15.747242351794183]}"
-0.3728767,20,0,train,"{""geodesic"":false,""type"":""Point"",""coordinates"":[-13.11589722155128,15.590127008601678]}"
-0.3502038,19,0,train,"{""geodesic"":false,""type"":""Point"",""coordinates"":[-13.060920326163165,15.429508235801109]}"
-0.514992,27,0,train,"{""geodesic"":false,""type"":""Point"",""coordinates"":[-13.321791084671474,15.510895600542337]}"
-0.39066485,50,0,train,"{""geodesic"":false,""type"":""Point"",""coordinates"":[-13.440907691345723,15.703314734400738]}"
-0.43904272,70,0,train,"{""geodesic"":false,""type"":""Point"",""coordinates"":[-13.43147538086247,15.372644878316343]}"
-0.44088244,47,0,test,"{""geodesic"":false,""type"":""Point"",""coordinates"":[-13.404525922338882,15.625700293852812]}"
-0.418015,71,0,train,"{""geodesic"":false,""type"":""Point"",""coordinates"":[-13.025347040912033,15.774461304903005]}"
-0.46535617,25,0,train,"{""geodesic"":false,""type"":""Point"",""coordinates"":[-13.217766174770434,15.808956611813194]}"
-0.3743906,20,0,train,"{""geodesic"":false,""type"":""Point"",""coordinates"":[-13.21022032638383,15.790361485431921]}"
-0.45775938,73,0,train,"{""geodesic"":false,""type"":""Point"",""coordinates"":[-13.456268882704167,15.39555191806139]}"
-0.32072288,64,0,train,"{""geodesic"":false,""type"":""Point"",""coordinates"":[-13.398058052293223,15.456188199739458]}"
-0.45449677,48,0,train,"{""geodesic"":false,""type"":""Point"",""coordinates"":[-13.35978982118973,15.455649210568987]}"
-0.38412192,73,0,train,"{""geodesic"":false,""type"":""Point"",""coordinates"":[-13.02615552466774,15.810843073909846]}"
-0.52847755,30,0,train,"{""geodesic"":false,""type"":""Point"",""coordinates"":[-13.39105119307709,15.544312929111584]}"
-0.32018524,44,0,train,"{""geodesic"":false,""type"":""Point"",""coordinates"":[-13.254147943777275,15.476669788217384]}"
-0.3139348,37,0,train,"{""geodesic"":false,""type"":""Point"",""coordinates"":[-13.338230254370862,15.583659138556019]}"
-0.41195285,54,0,train,"{""geodesic"":false,""type"":""Point"",""coordinates"":[-12.97737700474005,15.695768886014134]}"
-0.41647235,58,0,train,"{""geodesic"":false,""type"":""Point"",""coordinates"":[-13.212376283065717,15.424118344096392]}"
-0.3384382,50,0,train,"{""geodesic"":false,""type"":""Point"",""coordinates"":[-13.095954622243827,15.806531160546072]}"
-0.4262151,28,0,train,"{""geodesic"":false,""type"":""Point"",""coordinates"":[-13.419887113697326,15.808687117227958]}"
-0.5167884,25,0,train,"{""geodesic"":false,""type"":""Point"",""coordinates"":[-13.114549748625102,15.613842532102435]}"
-0.32277298,14,0,train,"{""geodesic"":false,""type"":""Point"",""coordinates"":[-13.112124297357978,15.52895173775314]}"
-0.48283404,25,0,train,"{""geodesic"":false,""type"":""Point"",""coordinates"":[-13.152548485143358,15.438671051699128]}"
-0.44815212,54,0,train,"{""geodesic"":false,""type"":""Point"",""coordinates"":[-13.417461662430204,15.62516130468234]}"
-0.40535805,58,0,train,"{""geodesic"":false,""type"":""Point"",""coordinates"":[-13.28837375610223,15.460769607688468]}"
-0.46754616,55,0,train,"{""geodesic"":false,""type"":""Point"",""coordinates"":[-12.979802456007173,15.694421413087955]}"
-0.554648,28,0,train,"{""geodesic"":false,""type"":""Point"",""coordinates"":[-13.204021950923405,15.803027730938005]}"
-0.40598428,42,0,train,"{""geodesic"":false,""type"":""Point"",""coordinates"":[-13.16332826855279,15.79817682840376]}"
-0.39940372,58,0,train,"{""geodesic"":false,""type"":""Point"",""coordinates"":[-13.087600290101516,15.761256070226448]}"
-0.44243178,56,0,train,"{""geodesic"":false,""type"":""Point"",""coordinates"":[-13.441446680516195,15.559404625884792]}"
-0.5115994,69,0,train,"{""geodesic"":false,""type"":""Point"",""coordinates"":[-13.438751734663837,15.659387117007293]}"
-0.10092054,17,0,train,"{""geodesic"":false,""type"":""Point"",""coordinates"":[-13.069005163720242,15.47747827197309]}"
-0.12305102,17,0,test,"{""geodesic"":false,""type"":""Point"",""coordinates"":[-13.28244487522704,15.656153181984465]}"
-0.52253395,26,0,test,"{""geodesic"":false,""type"":""Point"",""coordinates"":[-13.122634586182176,15.415494517368844]}"
-0.1659982,22,0,train,"{""geodesic"":false,""type"":""Point"",""coordinates"":[-13.236361301151709,15.707626647764512]}"
-0.52620393,33,0,test,"{""geodesic"":false,""type"":""Point"",""coordinates"":[-13.046637113145666,15.723257333708192]}"
-0.5799953,42,0,train,"{""geodesic"":false,""type"":""Point"",""coordinates"":[-13.194859135025387,15.399055347669456]}"
-0.46356297,53,0,train,"{""geodesic"":false,""type"":""Point"",""coordinates"":[-13.239056247004067,15.437593073358185]}"
-0.4418337,48,0,train,"{""geodesic"":false,""type"":""Point"",""coordinates"":[-13.08409686049345,15.682563651337578]}"
-0.48817208,65,0,train,"{""geodesic"":false,""type"":""Point"",""coordinates"":[-13.453573936851809,15.693343434747012]}"
-0.43789026,44,0,train,"{""geodesic"":false,""type"":""Point"",""coordinates"":[-13.066310217867883,15.635402098921302]}"
-0.4295844,58,0,test,"{""geodesic"":false,""type"":""Point"",""coordinates"":[-13.017801192525429,15.666393976223427]}"
-0.50215095,41,0,train,"{""geodesic"":false,""type"":""Point"",""coordinates"":[-13.107812383994204,15.75586617852173]}"
-0.3628931,19,0,train,"{""geodesic"":false,""type"":""Point"",""coordinates"":[-13.126677004960715,15.586623578993613]}"
-0.42331946,17,0,train,"{""geodesic"":false,""type"":""Point"",""coordinates"":[-13.24660209539067,15.621118885903803]}"
-0.42862436,59,0,test,"{""geodesic"":false,""type"":""Point"",""coordinates"":[-13.42366003789063,15.594169427380217]}"
-0.48287737,19,0,train,"{""geodesic"":false,""type"":""Point"",""coordinates"":[-13.156590903921895,15.613034048346726]}"
-0.4697483,51,0,train,"{""geodesic"":false,""type"":""Point"",""coordinates"":[-13.215071228918076,15.401750293521815]}"
-0.5612025,63,0,train,"{""geodesic"":false,""type"":""Point"",""coordinates"":[-12.990312744831371,15.67393982461003]}"
-0.3770985,53,0,train,"{""geodesic"":false,""type"":""Point"",""coordinates"":[-13.1250600374493,15.836175564922016]}"
-0.341651,17,0,test,"{""geodesic"":false,""type"":""Point"",""coordinates"":[-13.292685669466003,15.577999752266065]}"
-0.38337642,56,0,test,"{""geodesic"":false,""type"":""Point"",""coordinates"":[-13.35978982118973,15.613842532102435]}"
-0.49503165,21,0,train,"{""geodesic"":false,""type"":""Point"",""coordinates"":[-13.404795416924118,15.838870510774374]}"
-0.5074797,58,0,test,"{""geodesic"":false,""type"":""Point"",""coordinates"":[-12.997050109462268,15.566950474271396]}"
-0.49327937,63,0,train,"{""geodesic"":false,""type"":""Point"",""coordinates"":[-12.99300769068373,15.594977911135924]}"
-0.3276653,46,0,train,"{""geodesic"":false,""type"":""Point"",""coordinates"":[-12.99624162570656,15.752901738084136]}"
-0.37849778,23,0,train,"{""geodesic"":false,""type"":""Point"",""coordinates"":[-13.211837293895245,15.50361924674097]}"
-0.52897733,39,0,train,"{""geodesic"":false,""type"":""Point"",""coordinates"":[-13.144194153001045,15.378573759191532]}"
-0.47740236,73,0,test,"{""geodesic"":false,""type"":""Point"",""coordinates"":[-13.425007510816808,15.463195058955591]}"
-0.5266695,33,0,train,"{""geodesic"":false,""type"":""Point"",""coordinates"":[-13.20833386428718,15.465620510222713]}"
-0.3325825,30,0,train,"{""geodesic"":false,""type"":""Point"",""coordinates"":[-13.442794153442374,15.803566720108478]}"
-0.4464391,21,0,train,"{""geodesic"":false,""type"":""Point"",""coordinates"":[-13.10430895438614,15.597942351573518]}"
-0.38757944,74,0,train,"{""geodesic"":false,""type"":""Point"",""coordinates"":[-13.457077366459876,15.627317261364228]}"
-0.29100034,21,0,test,"{""geodesic"":false,""type"":""Point"",""coordinates"":[-13.319904622574825,15.75586617852173]}"
-0.44565195,30,0,test,"{""geodesic"":false,""type"":""Point"",""coordinates"":[-13.292416174880767,15.514938019320875]}"
-0.5068125,84,0,train,"{""geodesic"":false,""type"":""Point"",""coordinates"":[-13.337691265200391,15.385041629237191]}"
-0.4467762,76,0,test,"{""geodesic"":false,""type"":""Point"",""coordinates"":[-13.063345777430289,15.676904265047625]}"
-0.5050477,24,0,train,"{""geodesic"":false,""type"":""Point"",""coordinates"":[-13.153356968899065,15.438940546284364]}"
-0.444194,61,0,train,"{""geodesic"":false,""type"":""Point"",""coordinates"":[-13.047984586071845,15.7631425323231]}"
-0.36716357,84,0,train,"{""geodesic"":false,""type"":""Point"",""coordinates"":[-12.978185488495757,15.632437658483708]}"
-0.44109884,29,0,train,"{""geodesic"":false,""type"":""Point"",""coordinates"":[-13.17060462235416,15.462925564370355]}"
-0.5084089,56,0,train,"{""geodesic"":false,""type"":""Point"",""coordinates"":[-13.446297583050441,15.543773939941111]}"
-0.48664987,49,0,train,"{""geodesic"":false,""type"":""Point"",""coordinates"":[-13.03208440554293,15.636480077262247]}"
-0.4486555,72,0,train,"{""geodesic"":false,""type"":""Point"",""coordinates"":[-13.419887113697326,15.378573759191532]}"
-0.47302568,59,0,train,"{""geodesic"":false,""type"":""Point"",""coordinates"":[-13.178689459911235,15.708704626105456]}"
-0.42348126,30,0,test,"{""geodesic"":false,""type"":""Point"",""coordinates"":[-13.156860398507131,15.672592351683852]}"
-0.3843805,78,0,train,"{""geodesic"":false,""type"":""Point"",""coordinates"":[-13.249027546657794,15.402289282692287]}"
-0.23357497,16,0,test,"{""geodesic"":false,""type"":""Point"",""coordinates"":[-13.265197221771945,15.641869968966963]}"
-0.15554427,15,0,train,"{""geodesic"":false,""type"":""Point"",""coordinates"":[-13.34362014607558,15.680946683826162]}"
-0.34042177,53,0,train,"{""geodesic"":false,""type"":""Point"",""coordinates"":[-13.35466942407025,15.613303542931963]}"
-0.437336,87,0,train,"{""geodesic"":false,""type"":""Point"",""coordinates"":[-13.256303900459162,15.40336726103323]}"
-0.379897,20,0,train,"{""geodesic"":false,""type"":""Point"",""coordinates"":[-13.375959496303881,15.674209319195267]}"
-0.507127,29,0,test,"{""geodesic"":false,""type"":""Point"",""coordinates"":[-13.337960759785627,15.55751816378814]}"
-0.44448835,67,0,test,"{""geodesic"":false,""type"":""Point"",""coordinates"":[-13.094876643902884,15.669627911246257]}"
-0.3378576,19,0,train,"{""geodesic"":false,""type"":""Point"",""coordinates"":[-13.346584586513174,15.67986870548522]}"
-0.34158304,43,0,train,"{""geodesic"":false,""type"":""Point"",""coordinates"":[-13.360328810360203,15.463464553540826]}"
-0.060668655,17,0,train,"{""geodesic"":false,""type"":""Point"",""coordinates"":[-13.094607149317648,15.559674120470028]}"
-0.3892027,55,0,train,"{""geodesic"":false,""type"":""Point"",""coordinates"":[-13.110507329846564,15.804375203864184]}"
-0.4488248,29,0,train,"{""geodesic"":false,""type"":""Point"",""coordinates"":[-13.095415633073356,15.61411202668767]}"
-0.4806393,69,0,train,"{""geodesic"":false,""type"":""Point"",""coordinates"":[-13.02103512754826,15.768801918613052]}"
-0.5355156,52,0,train,"{""geodesic"":false,""type"":""Point"",""coordinates"":[-13.0326233947134,15.599020329914461]}"
-0.4230794,53,0,train,"{""geodesic"":false,""type"":""Point"",""coordinates"":[-13.212645777650954,15.737001557555221]}"
-0.38324457,14,0,train,"{""geodesic"":false,""type"":""Point"",""coordinates"":[-13.336343792274212,15.64267845272267]}"
-0.08638469,20,0,train,"{""geodesic"":false,""type"":""Point"",""coordinates"":[-13.13799577754062,15.475861304461676]}"
-0.3133779,16,0,train,"{""geodesic"":false,""type"":""Point"",""coordinates"":[-13.06065083157793,15.491491990405356]}"
-0.44294348,33,0,train,"{""geodesic"":false,""type"":""Point"",""coordinates"":[-13.185157329956896,15.483676647433516]}"
-0.4247555,72,0,train,"{""geodesic"":false,""type"":""Point"",""coordinates"":[-13.04636761856043,15.67528729753621]}"
-0.43769667,73,0,train,"{""geodesic"":false,""type"":""Point"",""coordinates"":[-12.979263466836702,15.815963471029328]}"
-0.43842465,46,0,train,"{""geodesic"":false,""type"":""Point"",""coordinates"":[-13.375420507133411,15.517902459758469]}"
-0.43149808,20,0,train,"{""geodesic"":false,""type"":""Point"",""coordinates"":[-13.192164189173027,15.613034048346726]}"
-0.37980008,46,0,test,"{""geodesic"":false,""type"":""Point"",""coordinates"":[-13.085713828004865,15.70196726147456]}"
-0.46559498,43,0,train,"{""geodesic"":false,""type"":""Point"",""coordinates"":[-13.039899748514769,15.578808236021773]}"
-0.43797368,39,0,train,"{""geodesic"":false,""type"":""Point"",""coordinates"":[-13.412341265310722,15.715441990736352]}"
-0.37889558,79,0,test,"{""geodesic"":false,""type"":""Point"",""coordinates"":[-13.40533440609459,15.427891268289693]}"
-0.3905707,23,0,train,"{""geodesic"":false,""type"":""Point"",""coordinates"":[-13.048254080657081,15.493647947087242]}"
-0.5259925,27,0,train,"{""geodesic"":false,""type"":""Point"",""coordinates"":[-13.111046319017035,15.618962929221915]}"
-0.47774023,82,0,train,"{""geodesic"":false,""type"":""Point"",""coordinates"":[-13.363832239968268,15.374531340412993]}"
-0.49630177,61,0,train,"{""geodesic"":false,""type"":""Point"",""coordinates"":[-12.984114369370946,15.673131340854322]}"
-0.2941652,36,0,train,"{""geodesic"":false,""type"":""Point"",""coordinates"":[-13.2746295322552,15.522753362292715]}"
-0.46513683,65,0,test,"{""geodesic"":false,""type"":""Point"",""coordinates"":[-12.976568520984342,15.807878633472251]}"
-0.49988356,55,0,test,"{""geodesic"":false,""type"":""Point"",""coordinates"":[-13.431744875447704,15.54512141286729]}"
-0.42475262,87,0,train,"{""geodesic"":false,""type"":""Point"",""coordinates"":[-13.323138557597654,15.375878813339174]}"
-0.3775481,29,0,train,"{""geodesic"":false,""type"":""Point"",""coordinates"":[-13.18354036244548,15.442982965062901]}"
-0.48846757,24,0,test,"{""geodesic"":false,""type"":""Point"",""coordinates"":[-13.309933322921097,15.536497586139744]}"
-0.3362958,48,0,train,"{""geodesic"":false,""type"":""Point"",""coordinates"":[-13.13476184251779,15.76826292944258]}"
-0.5277448,69,0,train,"{""geodesic"":false,""type"":""Point"",""coordinates"":[-12.989504261075664,15.65372773071734]}"
-0.44437152,61,0,train,"{""geodesic"":false,""type"":""Point"",""coordinates"":[-13.074664550010194,15.668010943734842]}"
-0.5162464,30,0,train,"{""geodesic"":false,""type"":""Point"",""coordinates"":[-13.145002636756754,15.410104625664127]}"
-0.47137773,72,0,train,"{""geodesic"":false,""type"":""Point"",""coordinates"":[-13.289182239857936,15.432203181653467]}"
-0.4707718,68,0,train,"{""geodesic"":false,""type"":""Point"",""coordinates"":[-13.27597700518138,15.424118344096392]}"
-0.43541467,78,0,train,"{""geodesic"":false,""type"":""Point"",""coordinates"":[-13.292955164051238,15.428430257460166]}"
-0.37091276,80,0,train,"{""geodesic"":false,""type"":""Point"",""coordinates"":[-13.412880254481195,15.386119607578136]}"
-0.31865284,21,0,train,"{""geodesic"":false,""type"":""Point"",""coordinates"":[-13.084635849663922,15.452684770131393]}"
-0.3390111,34,0,train,"{""geodesic"":false,""type"":""Point"",""coordinates"":[-13.404256427753648,15.70520119649739]}"
-0.40216234,48,0,train,"{""geodesic"":false,""type"":""Point"",""coordinates"":[-13.214262745162369,15.754249211010315]}"
-0.5785088,24,0,train,"{""geodesic"":false,""type"":""Point"",""coordinates"":[-13.110507329846564,15.403097766447994]}"
-0.45265916,55,0,train,"{""geodesic"":false,""type"":""Point"",""coordinates"":[-13.437134767152422,15.497959860451017]}"
-0.43533352,45,0,train,"{""geodesic"":false,""type"":""Point"",""coordinates"":[-13.000284044485099,15.718945420344419]}"
-0.4002475,53,0,test,"{""geodesic"":false,""type"":""Point"",""coordinates"":[-13.025616535497269,15.705740185667862]}"
-0.42729846,85,0,train,"{""geodesic"":false,""type"":""Point"",""coordinates"":[-13.27597700518138,15.390162026356673]}"
-0.5330549,24,0,test,"{""geodesic"":false,""type"":""Point"",""coordinates"":[-13.08733079551628,15.593630438209745]}"
-0.4034429,71,0,train,"{""geodesic"":false,""type"":""Point"",""coordinates"":[-13.091373214294817,15.67205336251338]}"
-0.3290939,79,0,train,"{""geodesic"":false,""type"":""Point"",""coordinates"":[-13.463006247335064,15.681755167581871]}"
-0.36119053,71,0,test,"{""geodesic"":false,""type"":""Point"",""coordinates"":[-13.306160398727796,15.416841990295023]}"
-0.34080687,52,0,train,"{""geodesic"":false,""type"":""Point"",""coordinates"":[-13.122095597011706,15.804105709278948]}"
-0.3528236,26,0,train,"{""geodesic"":false,""type"":""Point"",""coordinates"":[-13.125329532034536,15.607374662056774]}"
-0.3083954,19,0,train,"{""geodesic"":false,""type"":""Point"",""coordinates"":[-13.046906607730902,15.458883145591816]}"
-0.38409707,44,0,train,"{""geodesic"":false,""type"":""Point"",""coordinates"":[-13.370569604599165,15.629203723460877]}"
-0.058113307,22,0,train,"{""geodesic"":false,""type"":""Point"",""coordinates"":[-13.092451192635762,15.589049030260735]}"
-0.4728889,46,0,test,"{""geodesic"":false,""type"":""Point"",""coordinates"":[-12.988965271905192,15.723257333708192]}"
-0.5189531,42,0,train,"{""geodesic"":false,""type"":""Point"",""coordinates"":[-13.180845416593122,15.797098850062817]}"
-0.49712756,68,0,train,"{""geodesic"":false,""type"":""Point"",""coordinates"":[-12.984653358541419,15.654805709058284]}"
-0.48282638,26,0,test,"{""geodesic"":false,""type"":""Point"",""coordinates"":[-13.163058773967556,15.45214578096092]}"
-0.5316337,65,0,train,"{""geodesic"":false,""type"":""Point"",""coordinates"":[-13.23824776324836,15.414147044442664]}"
-0.41970935,59,0,train,"{""geodesic"":false,""type"":""Point"",""coordinates"":[-13.398058052293223,15.465351015637477]}"
-0.31366643,24,0,train,"{""geodesic"":false,""type"":""Point"",""coordinates"":[-13.1250600374493,15.5887795356755]}"
-0.53603244,77,0,train,"{""geodesic"":false,""type"":""Point"",""coordinates"":[-13.46192826899412,15.473974842365024]}"
-0.3537975,37,0,train,"{""geodesic"":false,""type"":""Point"",""coordinates"":[-13.31694018213723,15.505505708837621]}"
-0.45242393,60,0,test,"{""geodesic"":false,""type"":""Point"",""coordinates"":[-12.99489415278038,15.766376467345928]}"
-0.4336022,55,0,train,"{""geodesic"":false,""type"":""Point"",""coordinates"":[-13.300501012437842,15.481251196166394]}"
-0.34791043,21,0,train,"{""geodesic"":false,""type"":""Point"",""coordinates"":[-13.34739307026888,15.678251737973804]}"
-0.4467905,46,0,train,"{""geodesic"":false,""type"":""Point"",""coordinates"":[-12.974682058887693,15.737001557555221]}"
-0.15936843,17,0,train,"{""geodesic"":false,""type"":""Point"",""coordinates"":[-13.046098123975193,15.435437116676297]}"
-0.50833493,26,0,test,"{""geodesic"":false,""type"":""Point"",""coordinates"":[-13.100805524778073,15.613842532102435]}"
-0.47598618,84,0,train,"{""geodesic"":false,""type"":""Point"",""coordinates"":[-13.331492889739966,15.386119607578136]}"
-0.38864022,76,0,test,"{""geodesic"":false,""type"":""Point"",""coordinates"":[-13.337152276029919,15.39501292889092]}"
-0.06937335,17,0,train,"{""geodesic"":false,""type"":""Point"",""coordinates"":[-13.141499207148687,15.485563109530167]}"
-0.41677645,73,0,train,"{""geodesic"":false,""type"":""Point"",""coordinates"":[-13.458155344800819,15.397168885572805]}"
-0.46206105,34,0,train,"{""geodesic"":false,""type"":""Point"",""coordinates"":[-13.130719423739253,15.643486936478379]}"
-0.5209274,25,0,train,"{""geodesic"":false,""type"":""Point"",""coordinates"":[-13.290529712784116,15.537036575310216]}"
-0.47381836,22,0,train,"{""geodesic"":false,""type"":""Point"",""coordinates"":[-13.074125560839724,15.41253007693125]}"
-0.11784639,16,0,train,"{""geodesic"":false,""type"":""Point"",""coordinates"":[-13.043403178122835,15.420614914488326]}"
-0.36494282,44,0,train,"{""geodesic"":false,""type"":""Point"",""coordinates"":[-13.041516716026184,15.73511509545857]}"
-0.4494238,68,0,train,"{""geodesic"":false,""type"":""Point"",""coordinates"":[-13.069274658305478,15.665315997882482]}"
-0.3845109,20,0,train,"{""geodesic"":false,""type"":""Point"",""coordinates"":[-13.257920867970578,15.55293675583913]}"
-0.4627247,42,0,train,"{""geodesic"":false,""type"":""Point"",""coordinates"":[-13.429319424180582,15.761795059396919]}"
-0.38230732,84,0,train,"{""geodesic"":false,""type"":""Point"",""coordinates"":[-13.28837375610223,15.39420444513521]}"
-0.4871236,57,0,train,"{""geodesic"":false,""type"":""Point"",""coordinates"":[-13.186235308297839,15.708974120690693]}"
-0.38468063,52,0,train,"{""geodesic"":false,""type"":""Point"",""coordinates"":[-12.973873575131984,15.70520119649739]}"
-0.38606474,24,0,train,"{""geodesic"":false,""type"":""Point"",""coordinates"":[-13.306699387898266,15.580694698118425]}"
-0.35305718,66,0,train,"{""geodesic"":false,""type"":""Point"",""coordinates"":[-13.04043873768524,15.768801918613052]}"
-0.33642295,60,0,train,"{""geodesic"":false,""type"":""Point"",""coordinates"":[-13.426085489157751,15.507122676349034]}"
-0.49162105,29,0,train,"{""geodesic"":false,""type"":""Point"",""coordinates"":[-13.275438016010908,15.529221232338376]}"
-0.4794116,59,0,train,"{""geodesic"":false,""type"":""Point"",""coordinates"":[-13.420426102867799,15.482598669092573]}"
-0.30802834,16,0,train,"{""geodesic"":false,""type"":""Point"",""coordinates"":[-13.287026283176049,15.755057694766023]}"
-0.4390664,86,0,train,"{""geodesic"":false,""type"":""Point"",""coordinates"":[-13.31882664423388,15.379651737532475]}"
-0.43150476,50,0,test,"{""geodesic"":false,""type"":""Point"",""coordinates"":[-13.418539640771147,15.481790185336864]}"
-0.46890754,35,0,train,"{""geodesic"":false,""type"":""Point"",""coordinates"":[-13.06388476660076,15.715172496151116]}"
-0.48553526,61,0,test,"{""geodesic"":false,""type"":""Point"",""coordinates"":[-13.018609676281136,15.600906792011113]}"
-0.48932058,59,0,train,"{""geodesic"":false,""type"":""Point"",""coordinates"":[-13.441716175101432,15.726760763316259]}"
-0.47948262,76,0,train,"{""geodesic"":false,""type"":""Point"",""coordinates"":[-12.97872447766623,15.642408958137436]}"
-0.47849923,65,0,train,"{""geodesic"":false,""type"":""Point"",""coordinates"":[-13.4241990270611,15.475052820705969]}"
-0.3076526,67,0,train,"{""geodesic"":false,""type"":""Point"",""coordinates"":[-13.229893431106047,15.743199933015646]}"
-0.411823,23,0,test,"{""geodesic"":false,""type"":""Point"",""coordinates"":[-13.39105119307709,15.714364012395409]}"
-0.44419035,46,0,train,"{""geodesic"":false,""type"":""Point"",""coordinates"":[-13.401561481901288,15.665854987052954]}"
-0.5109989,78,0,train,"{""geodesic"":false,""type"":""Point"",""coordinates"":[-13.343081156905107,15.383424661725778]}"
-0.41820303,48,0,train,"{""geodesic"":false,""type"":""Point"",""coordinates"":[-13.078976463373968,15.631359680142765]}"
-0.5153264,69,0,train,"{""geodesic"":false,""type"":""Point"",""coordinates"":[-13.319904622574825,15.427082784533987]}"
-0.434195,74,0,train,"{""geodesic"":false,""type"":""Point"",""coordinates"":[-13.2889127452727,15.406062206885588]}"
-0.38506007,19,0,test,"{""geodesic"":false,""type"":""Point"",""coordinates"":[-13.03666581349194,15.459152640177052]}"
-0.3136099,26,0,train,"{""geodesic"":false,""type"":""Point"",""coordinates"":[-13.34038621105275,15.621657875074273]}"
-0.47678694,83,0,test,"{""geodesic"":false,""type"":""Point"",""coordinates"":[-13.417192167844968,15.380729715873418]}"
-0.49697083,74,0,train,"{""geodesic"":false,""type"":""Point"",""coordinates"":[-12.985461842297125,15.80087177425612]}"
-0.22863545,16,0,train,"{""geodesic"":false,""type"":""Point"",""coordinates"":[-13.06065083157793,15.503888741326206]}"
-0.36229953,27,0,test,"{""geodesic"":false,""type"":""Point"",""coordinates"":[-13.396171590196571,15.707896142349748]}"
-0.50055116,36,0,train,"{""geodesic"":false,""type"":""Point"",""coordinates"":[-13.174108051962225,15.836445059507252]}"
-0.43068326,26,0,train,"{""geodesic"":false,""type"":""Point"",""coordinates"":[-13.244446138708785,15.75910011354456]}"
-0.34816703,47,0,train,"{""geodesic"":false,""type"":""Point"",""coordinates"":[-13.054452456117506,15.706009680253096]}"
-0.4783482,57,0,train,"{""geodesic"":false,""type"":""Point"",""coordinates"":[-13.438212745493365,15.710321593616872]}"
-0.32928693,54,0,train,"{""geodesic"":false,""type"":""Point"",""coordinates"":[-13.392937655173741,15.673670330024795]}"
-0.48248938,84,0,train,"{""geodesic"":false,""type"":""Point"",""coordinates"":[-13.30589090414256,15.383424661725778]}"
-0.4574103,25,0,train,"{""geodesic"":false,""type"":""Point"",""coordinates"":[-13.105386932727082,15.617076467125264]}"
-0.447718,18,0,train,"{""geodesic"":false,""type"":""Point"",""coordinates"":[-13.304273936631144,15.75910011354456]}"
-0.16657649,17,0,train,"{""geodesic"":false,""type"":""Point"",""coordinates"":[-13.30589090414256,15.556440185447197]}"
-0.47841775,45,0,test,"{""geodesic"":false,""type"":""Point"",""coordinates"":[-13.048523575242317,15.615190005028614]}"
-0.49380782,62,0,train,"{""geodesic"":false,""type"":""Point"",""coordinates"":[-12.9754905426434,15.681485672996635]}"
-0.46644926,62,0,train,"{""geodesic"":false,""type"":""Point"",""coordinates"":[-13.408837835702657,15.465081521052241]}"
-0.4578234,78,0,train,"{""geodesic"":false,""type"":""Point"",""coordinates"":[-13.446567077635677,15.39366545596474]}"
-0.34984338,23,0,train,"{""geodesic"":false,""type"":""Point"",""coordinates"":[-13.087600290101516,15.494725925428186]}"
-0.38042882,40,0,train,"{""geodesic"":false,""type"":""Point"",""coordinates"":[-13.239595236174539,15.451876286375684]}"
-0.30580372,15,0,train,"{""geodesic"":false,""type"":""Point"",""coordinates"":[-13.113202275698923,15.540270510333045]}"
-0.43297738,33,0,train,"{""geodesic"":false,""type"":""Point"",""coordinates"":[-13.126946499545951,15.657231160325408]}"
-0.3834646,14,0,train,"{""geodesic"":false,""type"":""Point"",""coordinates"":[-13.31694018213723,15.624891810097104]}"
-0.49692723,49,0,train,"{""geodesic"":false,""type"":""Point"",""coordinates"":[-13.018070687110665,15.57314884973182]}"
-0.26893154,19,0,train,"{""geodesic"":false,""type"":""Point"",""coordinates"":[-13.202135488826755,15.59982881367017]}"
-0.44553787,79,0,test,"{""geodesic"":false,""type"":""Point"",""coordinates"":[-13.461119785238413,15.580694698118425]}"
-0.5385074,48,0,train,"{""geodesic"":false,""type"":""Point"",""coordinates"":[-13.42878043501011,15.754249211010315]}"
-0.08702776,16,0,train,"{""geodesic"":false,""type"":""Point"",""coordinates"":[-13.12047862950029,15.50361924674097]}"
-0.48234516,29,0,train,"{""geodesic"":false,""type"":""Point"",""coordinates"":[-13.374342528792466,15.565872495930451]}"
-0.30275974,55,0,train,"{""geodesic"":false,""type"":""Point"",""coordinates"":[-13.092181698050526,15.795481882551401]}"
-0.19534817,15,0,train,"{""geodesic"":false,""type"":""Point"",""coordinates"":[-13.350896499876947,15.80087177425612]}"
-0.50701296,83,0,train,"{""geodesic"":false,""type"":""Point"",""coordinates"":[-13.439021229249073,15.45214578096092]}"
-0.51970756,21,0,test,"{""geodesic"":false,""type"":""Point"",""coordinates"":[-13.28567881024987,15.775539283243948]}"
-0.13151175,16,0,test,"{""geodesic"":false,""type"":""Point"",""coordinates"":[-13.278941445618974,15.61545949961385]}"
-0.46568134,62,0,train,"{""geodesic"":false,""type"":""Point"",""coordinates"":[-13.106734405653262,15.797637839233289]}"
-0.41859156,84,0,train,"{""geodesic"":false,""type"":""Point"",""coordinates"":[-13.31047231209157,15.439479535454835]}"
-0.33459094,16,0,train,"{""geodesic"":false,""type"":""Point"",""coordinates"":[-13.109159856920384,15.516285492247054]}"
-0.5188595,81,0,train,"{""geodesic"":false,""type"":""Point"",""coordinates"":[-13.454112926022281,15.594169427380217]}"
-0.4143744,52,0,train,"{""geodesic"":false,""type"":""Point"",""coordinates"":[-13.119670145744582,15.662351557444888]}"
-0.39804563,28,0,train,"{""geodesic"":false,""type"":""Point"",""coordinates"":[-13.21291527223619,15.503888741326206]}"
-0.5462687,47,0,train,"{""geodesic"":false,""type"":""Point"",""coordinates"":[-13.0964936114143,15.736462568384749]}"
-0.4979303,66,0,train,"{""geodesic"":false,""type"":""Point"",""coordinates"":[-13.35143548904742,15.385311123822428]}"
-0.29508537,22,0,train,"{""geodesic"":false,""type"":""Point"",""coordinates"":[-13.071969604157836,15.420884409073562]}"
-0.3383786,49,0,train,"{""geodesic"":false,""type"":""Point"",""coordinates"":[-13.087061300931044,15.819466900637392]}"
-0.37011755,50,0,train,"{""geodesic"":false,""type"":""Point"",""coordinates"":[-13.080593430885383,15.819736395222629]}"
-0.279694,23,0,train,"{""geodesic"":false,""type"":""Point"",""coordinates"":[-13.223695055645623,15.624083326341397]}"
-0.44202304,25,0,train,"{""geodesic"":false,""type"":""Point"",""coordinates"":[-13.29672808824454,15.837253543262959]}"
-0.42609617,30,0,train,"{""geodesic"":false,""type"":""Point"",""coordinates"":[-13.161441806456141,15.661543073689181]}"
-0.34900635,49,0,train,"{""geodesic"":false,""type"":""Point"",""coordinates"":[-13.05283548860609,15.832133146143478]}"
-0.39106926,49,0,test,"{""geodesic"":false,""type"":""Point"",""coordinates"":[-13.092451192635762,15.830516178632063]}"
-0.3599951,24,0,train,"{""geodesic"":false,""type"":""Point"",""coordinates"":[-13.213993250577133,15.492030979575826]}"
-0.43367946,49,0,train,"{""geodesic"":false,""type"":""Point"",""coordinates"":[-13.044211661878544,15.745894878868004]}"
-0.52031726,43,0,test,"{""geodesic"":false,""type"":""Point"",""coordinates"":[-13.110776824431799,15.814885492688383]}"
-0.49298146,29,0,train,"{""geodesic"":false,""type"":""Point"",""coordinates"":[-13.131797402080196,15.63432412058036]}"
-0.3188925,16,0,train,"{""geodesic"":false,""type"":""Point"",""coordinates"":[-13.21022032638383,15.674478813780501]}"
-0.42947397,75,0,train,"{""geodesic"":false,""type"":""Point"",""coordinates"":[-13.222886571889916,15.374261845827759]}"
-0.1579706,21,0,train,"{""geodesic"":false,""type"":""Point"",""coordinates"":[-13.239325741589303,15.666393976223427]}"
-0.3627002,33,0,train,"{""geodesic"":false,""type"":""Point"",""coordinates"":[-13.308046860824446,15.522483867707479]}"
-0.48186865,64,0,train,"{""geodesic"":false,""type"":""Point"",""coordinates"":[-13.46192826899412,15.523022856877951]}"
-0.25699243,22,0,train,"{""geodesic"":false,""type"":""Point"",""coordinates"":[-13.080054441714912,15.455649210568987]}"
-0.48312494,43,0,train,"{""geodesic"":false,""type"":""Point"",""coordinates"":[-13.15955534435949,15.786588561238618]}"
-0.45991644,24,0,train,"{""geodesic"":false,""type"":""Point"",""coordinates"":[-13.040977726855713,15.549433326231064]}"
-0.4764117,32,0,train,"{""geodesic"":false,""type"":""Point"",""coordinates"":[-13.144733142171518,15.624891810097104]}"
-0.40962705,30,0,train,"{""geodesic"":false,""type"":""Point"",""coordinates"":[-13.027233503008684,15.548894337060593]}"
-0.47832224,41,0,train,"{""geodesic"":false,""type"":""Point"",""coordinates"":[-13.060111842407458,15.617076467125264]}"
-0.4321043,42,0,test,"{""geodesic"":false,""type"":""Point"",""coordinates"":[-13.122365091596942,15.74670336262371]}"
-0.39471108,36,0,test,"{""geodesic"":false,""type"":""Point"",""coordinates"":[-13.284870326494163,15.512782062638989]}"
-0.5009232,45,0,test,"{""geodesic"":false,""type"":""Point"",""coordinates"":[-13.443872131783317,15.76502899441975]}"
-0.42313436,76,0,test,"{""geodesic"":false,""type"":""Point"",""coordinates"":[-13.426354983742987,15.468584950660308]}"
-0.45967114,30,0,test,"{""geodesic"":false,""type"":""Point"",""coordinates"":[-13.338499748956098,15.523561846048423]}"
-0.09377832,18,0,test,"{""geodesic"":false,""type"":""Point"",""coordinates"":[-13.085983322590101,15.57773025768083]}"
-0.38546893,20,0,train,"{""geodesic"":false,""type"":""Point"",""coordinates"":[-13.379732420497184,15.78712755040909]}"
-0.39570817,52,0,train,"{""geodesic"":false,""type"":""Point"",""coordinates"":[-13.089486752198166,15.738618525066636]}"
-0.39310458,25,0,train,"{""geodesic"":false,""type"":""Point"",""coordinates"":[-13.287834766931757,15.54000101574781]}"
-0.20147288,16,0,test,"{""geodesic"":false,""type"":""Point"",""coordinates"":[-13.139882239637272,15.569106430953282]}"
-0.5330805,30,0,train,"{""geodesic"":false,""type"":""Point"",""coordinates"":[-13.187313286638783,15.69145697265036]}"
-0.31220073,22,0,train,"{""geodesic"":false,""type"":""Point"",""coordinates"":[-13.306160398727796,15.705470691082626]}"
-0.42507616,37,0,train,"{""geodesic"":false,""type"":""Point"",""coordinates"":[-13.395632601026099,15.590396503186915]}"
-0.48503682,78,0,train,"{""geodesic"":false,""type"":""Point"",""coordinates"":[-13.451956969340394,15.421423398244032]}"
-0.53272265,21,0,train,"{""geodesic"":false,""type"":""Point"",""coordinates"":[-13.392937655173741,15.8059921713756]}"
-0.4885552,48,0,test,"{""geodesic"":false,""type"":""Point"",""coordinates"":[-12.971448123864862,15.72595227956055]}"
-0.46147823,27,0,test,"{""geodesic"":false,""type"":""Point"",""coordinates"":[-13.194859135025387,15.687414553871823]}"
-0.40768424,20,0,train,"{""geodesic"":false,""type"":""Point"",""coordinates"":[-13.289182239857936,15.805722676790364]}"
-0.46829733,54,0,train,"{""geodesic"":false,""type"":""Point"",""coordinates"":[-13.099188557266658,15.653458236132105]}"
-0.40840298,47,0,train,"{""geodesic"":false,""type"":""Point"",""coordinates"":[-13.088408773857223,15.74293043843041]}"
-0.3012066,20,0,train,"{""geodesic"":false,""type"":""Point"",""coordinates"":[-13.311550290432512,15.719484409514891]}"
-0.34260342,27,0,train,"{""geodesic"":false,""type"":""Point"",""coordinates"":[-13.267353178453831,15.505236214252385]}"
-0.33443323,16,0,train,"{""geodesic"":false,""type"":""Point"",""coordinates"":[-13.294033142392182,15.714903001565881]}"
-0.5360836,23,0,train,"{""geodesic"":false,""type"":""Point"",""coordinates"":[-13.28837375610223,15.534880618628328]}"
-0.45627913,17,0,train,"{""geodesic"":false,""type"":""Point"",""coordinates"":[-13.413419243651667,15.82809072736494]}"
-0.35670933,72,0,train,"{""geodesic"":false,""type"":""Point"",""coordinates"":[-13.038821770173826,15.782276647874845]}"
-0.4936584,31,0,train,"{""geodesic"":false,""type"":""Point"",""coordinates"":[-13.151201012217179,15.390162026356673]}"
-0.48093584,45,0,train,"{""geodesic"":false,""type"":""Point"",""coordinates"":[-13.408029351946949,15.512243073468516]}"
-0.52980906,17,0,train,"{""geodesic"":false,""type"":""Point"",""coordinates"":[-13.442255164271902,15.837792532433431]}"
-0.49004847,40,0,train,"{""geodesic"":false,""type"":""Point"",""coordinates"":[-13.372995055866287,15.480173217825449]}"
-0.46757382,81,0,train,"{""geodesic"":false,""type"":""Point"",""coordinates"":[-13.43201437003294,15.400402820595636]}"
-0.45536065,64,0,train,"{""geodesic"":false,""type"":""Point"",""coordinates"":[-13.39886653604893,15.44567791091526]}"
-0.4473162,62,0,train,"{""geodesic"":false,""type"":""Point"",""coordinates"":[-13.375959496303881,15.408487658152712]}"
-0.43803707,37,0,train,"{""geodesic"":false,""type"":""Point"",""coordinates"":[-13.190277727076378,15.815154987273619]}"
-0.50250435,80,0,test,"{""geodesic"":false,""type"":""Point"",""coordinates"":[-13.421773575793978,15.416572495709788]}"
-0.46699598,37,0,train,"{""geodesic"":false,""type"":""Point"",""coordinates"":[-13.177611481570292,15.811921052250788]}"
-0.5023069,21,0,train,"{""geodesic"":false,""type"":""Point"",""coordinates"":[-13.130988918324489,15.427891268289693]}"
-0.42146668,22,0,train,"{""geodesic"":false,""type"":""Point"",""coordinates"":[-13.336882781444682,15.633785131409887]}"
-0.09309073,18,0,train,"{""geodesic"":false,""type"":""Point"",""coordinates"":[-13.375151012548175,15.78847502333527]}"
-0.33843678,74,0,train,"{""geodesic"":false,""type"":""Point"",""coordinates"":[-13.030467438031515,15.780929174948666]}"
-0.4697045,84,0,train,"{""geodesic"":false,""type"":""Point"",""coordinates"":[-13.32152159008624,15.375339824168702]}"
-0.44933617,42,0,train,"{""geodesic"":false,""type"":""Point"",""coordinates"":[-13.128024477886894,15.74293043843041]}"
-0.48563385,61,0,train,"{""geodesic"":false,""type"":""Point"",""coordinates"":[-13.27786346727803,15.438401557113892]}"
-0.50461423,50,0,train,"{""geodesic"":false,""type"":""Point"",""coordinates"":[-13.011333322479768,15.580694698118425]}"
-0.17423096,20,0,test,"{""geodesic"":false,""type"":""Point"",""coordinates"":[-13.14257718548963,15.549972315401536]}"
-0.464101,57,0,train,"{""geodesic"":false,""type"":""Point"",""coordinates"":[-13.229354441935577,15.419267441562146]}"
-0.4120851,84,0,train,"{""geodesic"":false,""type"":""Point"",""coordinates"":[-13.395632601026099,15.383155167140542]}"
-0.47289225,26,0,train,"{""geodesic"":false,""type"":""Point"",""coordinates"":[-13.196745597122037,15.803566720108478]}"
-0.5012294,25,0,test,"{""geodesic"":false,""type"":""Point"",""coordinates"":[-13.25522592211822,15.779851196607721]}"
-0.41110617,39,0,test,"{""geodesic"":false,""type"":""Point"",""coordinates"":[-13.386739279713316,15.502810762985261]}"
-0.47531387,60,0,train,"{""geodesic"":false,""type"":""Point"",""coordinates"":[-13.439290723834308,15.559943615055262]}"
-0.35524425,72,0,train,"{""geodesic"":false,""type"":""Point"",""coordinates"":[-13.370030615428693,15.39366545596474]}"
-0.4801089,44,0,train,"{""geodesic"":false,""type"":""Point"",""coordinates"":[-13.09972754643713,15.734037117117627]}"
-0.48266742,36,0,train,"{""geodesic"":false,""type"":""Point"",""coordinates"":[-13.018070687110665,15.548624842475357]}"
-0.36210716,22,0,train,"{""geodesic"":false,""type"":""Point"",""coordinates"":[-13.052565994020854,15.486102098700638]}"
-0.41258258,49,0,train,"{""geodesic"":false,""type"":""Point"",""coordinates"":[-13.401561481901288,15.606835672886302]}"
-0.32247186,70,0,train,"{""geodesic"":false,""type"":""Point"",""coordinates"":[-13.060920326163165,15.787936034164797]}"
-0.41682008,39,0,train,"{""geodesic"":false,""type"":""Point"",""coordinates"":[-13.152548485143358,15.748050835549892]}"
-0.3713999,48,0,train,"{""geodesic"":false,""type"":""Point"",""coordinates"":[-13.38781725805426,15.626239283023283]}"
-0.38548866,62,0,train,"{""geodesic"":false,""type"":""Point"",""coordinates"":[-13.044211661878544,15.794403904210458]}"
-0.5103906,21,0,train,"{""geodesic"":false,""type"":""Point"",""coordinates"":[-13.327450470961429,15.623274842585689]}"
-0.2995822,22,0,train,"{""geodesic"":false,""type"":""Point"",""coordinates"":[-13.132066896665432,15.539731521162574]}"
-0.38331735,32,0,train,"{""geodesic"":false,""type"":""Point"",""coordinates"":[-13.237169784907415,15.520866900196063]}"
-0.49069107,54,0,train,"{""geodesic"":false,""type"":""Point"",""coordinates"":[-13.10808187857944,15.666393976223427]}"
-0.42370096,49,0,train,"{""geodesic"":false,""type"":""Point"",""coordinates"":[-13.031545416372458,15.688492532212766]}"
-0.4607489,46,0,train,"{""geodesic"":false,""type"":""Point"",""coordinates"":[-13.420695597453035,15.652110763205926]}"
-0.47323745,54,0,train,"{""geodesic"":false,""type"":""Point"",""coordinates"":[-13.418270146185911,15.656961665740171]}"
-0.43272313,47,0,train,"{""geodesic"":false,""type"":""Point"",""coordinates"":[-13.392668160588505,15.615728994199085]}"
-0.31511948,18,0,test,"{""geodesic"":false,""type"":""Point"",""coordinates"":[-13.05094902650944,15.46642899397842]}"
-0.54253244,23,0,test,"{""geodesic"":false,""type"":""Point"",""coordinates"":[-13.110507329846564,15.386119607578136]}"
-0.50083673,65,0,train,"{""geodesic"":false,""type"":""Point"",""coordinates"":[-13.457077366459876,15.55428422876531]}"
-0.361092,75,0,test,"{""geodesic"":false,""type"":""Point"",""coordinates"":[-13.463006247335064,15.715980979906824]}"
-0.41851738,61,0,test,"{""geodesic"":false,""type"":""Point"",""coordinates"":[-13.1002665356076,15.798446322988996]}"
-0.45280275,52,0,train,"{""geodesic"":false,""type"":""Point"",""coordinates"":[-13.056069423628921,15.829707694876355]}"
-0.4960627,24,0,train,"{""geodesic"":false,""type"":""Point"",""coordinates"":[-13.1536264634843,15.457805167250873]}"
-0.44646904,43,0,train,"{""geodesic"":false,""type"":""Point"",""coordinates"":[-13.0964936114143,15.704662207326917]}"
-0.4787965,27,0,train,"{""geodesic"":false,""type"":""Point"",""coordinates"":[-13.293763647806946,15.532455167361206]}"
-0.6130859,42,0,test,"{""geodesic"":false,""type"":""Point"",""coordinates"":[-13.109968340676092,15.817849933125977]}"
-0.36896127,30,0,train,"{""geodesic"":false,""type"":""Point"",""coordinates"":[-13.185965813712603,15.480173217825449]}"
-0.4362981,28,0,train,"{""geodesic"":false,""type"":""Point"",""coordinates"":[-13.23501382822553,15.777425745340599]}"
-0.32606786,50,0,train,"{""geodesic"":false,""type"":""Point"",""coordinates"":[-13.308316355409682,15.474513831535496]}"
-0.39366147,79,0,train,"{""geodesic"":false,""type"":""Point"",""coordinates"":[-12.985731336882361,15.62650877760852]}"
-0.48217732,83,0,train,"{""geodesic"":false,""type"":""Point"",""coordinates"":[-13.45680787187464,15.459422134762288]}"
-0.52144027,75,0,train,"{""geodesic"":false,""type"":""Point"",""coordinates"":[-12.986809315223306,15.638905528529369]}"
-0.59056413,24,0,train,"{""geodesic"":false,""type"":""Point"",""coordinates"":[-13.15039252846147,15.418458957806438]}"
-0.47097412,18,0,train,"{""geodesic"":false,""type"":""Point"",""coordinates"":[-13.202135488826755,15.523831340633658]}"
-0.39939705,46,0,train,"{""geodesic"":false,""type"":""Point"",""coordinates"":[-13.412610759895959,15.665854987052954]}"
-0.46448955,32,0,train,"{""geodesic"":false,""type"":""Point"",""coordinates"":[-13.182192889519301,15.820544878978335]}"
-0.31696597,23,0,test,"{""geodesic"":false,""type"":""Point"",""coordinates"":[-13.042864188952363,15.39689939098757]}"
-0.40343618,46,0,train,"{""geodesic"":false,""type"":""Point"",""coordinates"":[-13.410454803214073,15.597133867817812]}"
-0.4085644,79,0,test,"{""geodesic"":false,""type"":""Point"",""coordinates"":[-13.449531518073272,15.591743976113094]}"
-0.48952192,64,0,train,"{""geodesic"":false,""type"":""Point"",""coordinates"":[-13.213723755991897,15.727569247071965]}"
-0.4946562,42,0,train,"{""geodesic"":false,""type"":""Point"",""coordinates"":[-13.402639460242233,15.49769036586578]}"
-0.48411676,44,0,train,"{""geodesic"":false,""type"":""Point"",""coordinates"":[-12.96956166176821,15.767993434857344]}"
-0.24117465,17,0,train,"{""geodesic"":false,""type"":""Point"",""coordinates"":[-13.302117979949257,15.756135673106966]}"
-0.47896567,63,0,train,"{""geodesic"":false,""type"":""Point"",""coordinates"":[-13.432822853788648,15.590127008601678]}"
-0.37197876,80,0,train,"{""geodesic"":false,""type"":""Point"",""coordinates"":[-13.4527654530961,15.601176286596349]}"
-0.20424776,16,0,train,"{""geodesic"":false,""type"":""Point"",""coordinates"":[-13.138804261296329,15.494725925428186]}"
-0.4061858,38,0,train,"{""geodesic"":false,""type"":""Point"",""coordinates"":[-13.10484794355661,15.697116358940313]}"
-0.08842957,15,0,train,"{""geodesic"":false,""type"":""Point"",""coordinates"":[-13.260615813822936,15.772305348221117]}"
-0.45395556,24,0,test,"{""geodesic"":false,""type"":""Point"",""coordinates"":[-13.116975199892224,15.430047224971581]}"
-0.43833685,35,0,train,"{""geodesic"":false,""type"":""Point"",""coordinates"":[-13.2746295322552,15.51601599766182]}"
-0.3358508,22,0,train,"{""geodesic"":false,""type"":""Point"",""coordinates"":[-13.182462384104538,15.48987502289394]}"
-0.41826367,21,0,train,"{""geodesic"":false,""type"":""Point"",""coordinates"":[-13.265197221771945,15.54512141286729]}"
-0.52827376,66,0,train,"{""geodesic"":false,""type"":""Point"",""coordinates"":[-13.06199830450411,15.654266719887813]}"
-0.38436618,27,0,test,"{""geodesic"":false,""type"":""Point"",""coordinates"":[-13.321252095501004,15.513051557224225]}"
-0.55650395,16,0,train,"{""geodesic"":false,""type"":""Point"",""coordinates"":[-13.332570868080909,15.63297664765418]}"
-0.43194646,54,0,train,"{""geodesic"":false,""type"":""Point"",""coordinates"":[-13.429588918765818,15.557787658373377]}"
-0.33271173,50,0,train,"{""geodesic"":false,""type"":""Point"",""coordinates"":[-13.097571589755242,15.769340907783523]}"
-0.4492989,33,0,train,"{""geodesic"":false,""type"":""Point"",""coordinates"":[-13.170065633183688,15.75074578140225]}"
-0.4406427,44,0,train,"{""geodesic"":false,""type"":""Point"",""coordinates"":[-13.202135488826755,15.413069066101722]}"
-0.50164527,73,0,test,"{""geodesic"":false,""type"":""Point"",""coordinates"":[-13.018340181695901,15.795212387966165]}"
-0.4899649,53,0,train,"{""geodesic"":false,""type"":""Point"",""coordinates"":[-13.082210398396798,15.782276647874845]}"
-0.46856043,80,0,train,"{""geodesic"":false,""type"":""Point"",""coordinates"":[-12.986000831467598,15.620310402148094]}"
-0.5140323,29,0,train,"{""geodesic"":false,""type"":""Point"",""coordinates"":[-13.166292708990387,15.415494517368844]}"
-0.37293598,17,0,train,"{""geodesic"":false,""type"":""Point"",""coordinates"":[-13.126138015790243,15.51601599766182]}"
-0.2613755,15,0,test,"{""geodesic"":false,""type"":""Point"",""coordinates"":[-13.359520326604494,15.799254806744704]}"
-0.63804674,23,0,train,"{""geodesic"":false,""type"":""Point"",""coordinates"":[-13.259807330067227,15.532455167361206]}"
-0.54187363,19,0,test,"{""geodesic"":false,""type"":""Point"",""coordinates"":[-13.070622131231657,15.508470149275215]}"
-0.4955615,70,0,train,"{""geodesic"":false,""type"":""Point"",""coordinates"":[-12.99112122858708,15.815693976444091]}"
-0.43231732,24,0,test,"{""geodesic"":false,""type"":""Point"",""coordinates"":[-13.0717001095726,15.383963650896249]}"
-0.42057145,19,0,train,"{""geodesic"":false,""type"":""Point"",""coordinates"":[-13.369222131672986,15.67205336251338]}"
-0.4400414,56,0,train,"{""geodesic"":false,""type"":""Point"",""coordinates"":[-13.146080615097697,15.687953543042294]}"
-0.5409355,48,0,train,"{""geodesic"":false,""type"":""Point"",""coordinates"":[-13.20509992926435,15.39501292889092]}"
-0.44727394,56,0,train,"{""geodesic"":false,""type"":""Point"",""coordinates"":[-13.415305705748317,15.626239283023283]}"
-0.4188235,54,0,train,"{""geodesic"":false,""type"":""Point"",""coordinates"":[-13.09838007351095,15.738079535896164]}"
-0.4496437,28,0,train,"{""geodesic"":false,""type"":""Point"",""coordinates"":[-13.411802276140252,15.75586617852173]}"
-0.54061085,69,0,train,"{""geodesic"":false,""type"":""Point"",""coordinates"":[-12.993816174439438,15.6459123877455]}"
-0.43359604,57,0,train,"{""geodesic"":false,""type"":""Point"",""coordinates"":[-13.45087899099945,15.707896142349748]}"
-0.43540812,50,0,test,"{""geodesic"":false,""type"":""Point"",""coordinates"":[-13.406951373606006,15.608722134982953]}"
-0.4812468,39,0,train,"{""geodesic"":false,""type"":""Point"",""coordinates"":[-13.459233323141762,15.755596683936496]}"
-0.44361585,47,0,train,"{""geodesic"":false,""type"":""Point"",""coordinates"":[-13.140960217978215,15.811921052250788]}"
-0.54881865,27,0,train,"{""geodesic"":false,""type"":""Point"",""coordinates"":[-13.160363828115196,15.732689644191447]}"
-0.4645781,39,0,train,"{""geodesic"":false,""type"":""Point"",""coordinates"":[-13.114819243210338,15.698463831866492]}"
-0.5169401,60,0,train,"{""geodesic"":false,""type"":""Point"",""coordinates"":[-13.454921409777988,15.537036575310216]}"
-0.47656596,75,0,train,"{""geodesic"":false,""type"":""Point"",""coordinates"":[-13.455999388118931,15.512512568053753]}"
-0.11620244,21,0,train,"{""geodesic"":false,""type"":""Point"",""coordinates"":[-13.055530434458449,15.414147044442664]}"
-0.45671162,55,0,train,"{""geodesic"":false,""type"":""Point"",""coordinates"":[-13.38970372015091,15.447564373011911]}"
-0.44024637,40,0,test,"{""geodesic"":false,""type"":""Point"",""coordinates"":[-13.154434947240008,15.679060221729511]}"
-0.47943547,16,0,train,"{""geodesic"":false,""type"":""Point"",""coordinates"":[-13.307507871653975,15.829168705705884]}"
-0.4195295,47,0,test,"{""geodesic"":false,""type"":""Point"",""coordinates"":[-13.169257149427981,15.79629036630711]}"
-0.38974422,36,0,train,"{""geodesic"":false,""type"":""Point"",""coordinates"":[-13.334187835592324,15.585545600652669]}"
-0.43913582,33,0,train,"{""geodesic"":false,""type"":""Point"",""coordinates"":[-13.173299568206518,15.734037117117627]}"
-0.5385532,20,0,train,"{""geodesic"":false,""type"":""Point"",""coordinates"":[-13.391859676832798,15.805722676790364]}"
-0.4658405,26,0,train,"{""geodesic"":false,""type"":""Point"",""coordinates"":[-13.316670687551994,15.51655498683229]}"
-0.24621007,18,0,test,"{""geodesic"":false,""type"":""Point"",""coordinates"":[-13.224773033986567,15.785780077482912]}"
-0.50366014,46,0,train,"{""geodesic"":false,""type"":""Point"",""coordinates"":[-13.412071770725486,15.540270510333045]}"
-0.29317617,29,0,train,"{""geodesic"":false,""type"":""Point"",""coordinates"":[-13.342003178564164,15.622735853415218]}"
-0.20769002,20,0,train,"{""geodesic"":false,""type"":""Point"",""coordinates"":[-13.01187231165024,15.520866900196063]}"
-0.32469848,50,0,train,"{""geodesic"":false,""type"":""Point"",""coordinates"":[-13.426354983742987,15.79224794752857]}"
-0.43720058,29,0,train,"{""geodesic"":false,""type"":""Point"",""coordinates"":[-13.461119785238413,15.81380751434744]}"
-0.4960472,72,0,train,"{""geodesic"":false,""type"":""Point"",""coordinates"":[-13.462467258164592,15.379382242947239]}"
-0.47272438,55,0,test,"{""geodesic"":false,""type"":""Point"",""coordinates"":[-13.02615552466774,15.690378994309418]}"
-0.4891769,53,0,test,"{""geodesic"":false,""type"":""Point"",""coordinates"":[-13.118592167403639,15.677443254218096]}"
-0.5452092,22,0,train,"{""geodesic"":false,""type"":""Point"",""coordinates"":[-13.087600290101516,15.399055347669456]}"
-0.4122479,31,0,test,"{""geodesic"":false,""type"":""Point"",""coordinates"":[-13.195667618781094,15.438940546284364]}"
-0.48202682,31,0,train,"{""geodesic"":false,""type"":""Point"",""coordinates"":[-13.384044333860958,15.549433326231064]}"
-0.41519433,44,0,test,"{""geodesic"":false,""type"":""Point"",""coordinates"":[-13.097841084340478,15.64267845272267]}"
-0.47217432,19,0,train,"{""geodesic"":false,""type"":""Point"",""coordinates"":[-13.29807556117072,15.814346503517912]}"
-0.3971853,57,0,train,"{""geodesic"":false,""type"":""Point"",""coordinates"":[-13.100805524778073,15.801949752597062]}"
-0.4690295,33,0,train,"{""geodesic"":false,""type"":""Point"",""coordinates"":[-13.185426824542132,15.815424481858855]}"
-0.44686615,72,0,train,"{""geodesic"":false,""type"":""Point"",""coordinates"":[-13.457616355630346,15.491491990405356]}"
-0.4316073,38,0,train,"{""geodesic"":false,""type"":""Point"",""coordinates"":[-13.228815452765105,15.49957682796243]}"
-0.46207854,26,0,train,"{""geodesic"":false,""type"":""Point"",""coordinates"":[-13.088139279271987,15.604679716204416]}"
-0.45545334,19,0,train,"{""geodesic"":false,""type"":""Point"",""coordinates"":[-13.275438016010908,15.823509319415932]}"
-0.5132246,27,0,test,"{""geodesic"":false,""type"":""Point"",""coordinates"":[-13.253339460021568,15.516285492247054]}"
-0.36452195,51,0,test,"{""geodesic"":false,""type"":""Point"",""coordinates"":[-13.362754261627325,15.43974903004007]}"
-0.4352566,46,0,test,"{""geodesic"":false,""type"":""Point"",""coordinates"":[-12.99624162570656,15.745894878868004]}"
-0.5729913,22,0,test,"{""geodesic"":false,""type"":""Point"",""coordinates"":[-13.094607149317648,15.383963650896249]}"
-0.37969485,69,0,train,"{""geodesic"":false,""type"":""Point"",""coordinates"":[-12.990851734001843,15.59659487864734]}"
-0.40453032,40,0,train,"{""geodesic"":false,""type"":""Point"",""coordinates"":[-12.957434405432597,15.745086395112297]}"
-0.39441922,41,0,train,"{""geodesic"":false,""type"":""Point"",""coordinates"":[-13.246332600805435,15.490414012064413]}"
-0.38027292,20,0,train,"{""geodesic"":false,""type"":""Point"",""coordinates"":[-13.420426102867799,15.831594156973006]}"
-0.4436525,87,0,train,"{""geodesic"":false,""type"":""Point"",""coordinates"":[-13.288643250687464,15.372375383731107]}"
-0.39699772,50,0,test,"{""geodesic"":false,""type"":""Point"",""coordinates"":[-13.398058052293223,15.60764415664201]}"
-0.42237076,49,0,train,"{""geodesic"":false,""type"":""Point"",""coordinates"":[-13.366796680405862,15.483676647433516]}"
-0.37879738,23,0,train,"{""geodesic"":false,""type"":""Point"",""coordinates"":[-13.315323214625815,15.59982881367017]}"
-0.29884127,52,0,test,"{""geodesic"":false,""type"":""Point"",""coordinates"":[-13.093529170976705,15.773383326562062]}"
-0.49019027,24,0,train,"{""geodesic"":false,""type"":""Point"",""coordinates"":[-13.436056788811479,15.818658416881686]}"
-0.41862956,29,0,train,"{""geodesic"":false,""type"":""Point"",""coordinates"":[-13.101344513948545,15.619232423807151]}"
-0.18631673,19,0,train,"{""geodesic"":false,""type"":""Point"",""coordinates"":[-13.249836030413501,15.687145059286587]}"
-0.38842496,33,0,train,"{""geodesic"":false,""type"":""Point"",""coordinates"":[-13.365179712894449,15.639714012285076]}"
-0.48055857,52,0,train,"{""geodesic"":false,""type"":""Point"",""coordinates"":[-12.963632780893022,15.780120691192957]}"
-0.43124434,27,0,train,"{""geodesic"":false,""type"":""Point"",""coordinates"":[-13.266275200112888,15.818119427711213]}"
-0.4106244,38,0,train,"{""geodesic"":false,""type"":""Point"",""coordinates"":[-13.150931517631943,15.745355889697532]}"
-0.4721865,64,0,train,"{""geodesic"":false,""type"":""Point"",""coordinates"":[-12.97872447766623,15.787397044994325]}"
-0.50701517,58,0,test,"{""geodesic"":false,""type"":""Point"",""coordinates"":[-13.227737474424162,15.42223188199974]}"
-0.33070388,21,0,test,"{""geodesic"":false,""type"":""Point"",""coordinates"":[-13.274090543084728,15.739427008822343]}"
-0.3422787,29,0,test,"{""geodesic"":false,""type"":""Point"",""coordinates"":[-13.340655705637985,15.62057989673333]}"
-0.48979992,79,0,train,"{""geodesic"":false,""type"":""Point"",""coordinates"":[-13.426354983742987,15.406062206885588]}"
-0.31772307,66,0,train,"{""geodesic"":false,""type"":""Point"",""coordinates"":[-13.145541625927224,15.807070149716543]}"
-0.42711428,35,0,train,"{""geodesic"":false,""type"":""Point"",""coordinates"":[-13.021843611303966,15.545929896622999]}"
-0.4923381,34,0,train,"{""geodesic"":false,""type"":""Point"",""coordinates"":[-13.178958954496471,15.463464553540826]}"
-0.4633272,66,0,train,"{""geodesic"":false,""type"":""Point"",""coordinates"":[-13.250914008754444,15.417650474050731]}"
-0.35924983,80,0,train,"{""geodesic"":false,""type"":""Point"",""coordinates"":[-13.445489099294733,15.579886214362716]}"
-0.49960375,52,0,test,"{""geodesic"":false,""type"":""Point"",""coordinates"":[-13.444141626368554,15.745086395112297]}"
-0.24023645,14,0,test,"{""geodesic"":false,""type"":""Point"",""coordinates"":[-13.25064451416921,15.610069607909132]}"
-0.44070432,79,0,train,"{""geodesic"":false,""type"":""Point"",""coordinates"":[-13.42285155413492,15.379921232117711]}"
-0.52809507,19,0,test,"{""geodesic"":false,""type"":""Point"",""coordinates"":[-13.380810398838127,15.744277911356589]}"
-0.4113593,41,0,train,"{""geodesic"":false,""type"":""Point"",""coordinates"":[-13.319096138819116,15.488527549967761]}"
-0.15514556,22,0,train,"{""geodesic"":false,""type"":""Point"",""coordinates"":[-13.32017411716006,15.782276647874845]}"
-0.4414336,42,0,test,"{""geodesic"":false,""type"":""Point"",""coordinates"":[-13.409107330287892,15.493917441672478]}"
-0.4358756,48,0,train,"{""geodesic"":false,""type"":""Point"",""coordinates"":[-12.997589098632739,15.743738922186116]}"
-0.5635709,75,0,train,"{""geodesic"":false,""type"":""Point"",""coordinates"":[-12.984114369370946,15.837523037848195]}"
-0.10735783,17,0,train,"{""geodesic"":false,""type"":""Point"",""coordinates"":[-13.097841084340478,15.442174481307195]}"
-0.360224,56,0,test,"{""geodesic"":false,""type"":""Point"",""coordinates"":[-13.05930335865175,15.766106972760694]}"
-0.45805854,65,0,train,"{""geodesic"":false,""type"":""Point"",""coordinates"":[-13.424738016231572,15.474783326120733]}"
-0.30404255,22,0,train,"{""geodesic"":false,""type"":""Point"",""coordinates"":[-13.036126824321467,15.447294878426675]}"
-0.3990627,25,0,train,"{""geodesic"":false,""type"":""Point"",""coordinates"":[-13.398058052293223,15.724874301219607]}"
-0.40244973,55,0,train,"{""geodesic"":false,""type"":""Point"",""coordinates"":[-12.972795596791041,15.707896142349748]}"
-0.43813318,24,0,train,"{""geodesic"":false,""type"":""Point"",""coordinates"":[-13.164406246893735,15.480981701581157]}"
-0.38930762,20,0,train,"{""geodesic"":false,""type"":""Point"",""coordinates"":[-13.262502275919587,15.72595227956055]}"
-0.49337822,46,0,train,"{""geodesic"":false,""type"":""Point"",""coordinates"":[-13.065501734112175,15.68822303762753]}"
-0.4411535,22,0,train,"{""geodesic"":false,""type"":""Point"",""coordinates"":[-13.227467979838925,15.64725986067168]}"
-0.4416438,27,0,train,"{""geodesic"":false,""type"":""Point"",""coordinates"":[-13.07628151752161,15.39043152094191]}"
-0.4069472,73,0,train,"{""geodesic"":false,""type"":""Point"",""coordinates"":[-13.303734947460672,15.456457694324694]}"
-0.46355504,28,0,train,"{""geodesic"":false,""type"":""Point"",""coordinates"":[-13.137187293784914,15.646990366086445]}"
-0.4825215,38,0,train,"{""geodesic"":false,""type"":""Point"",""coordinates"":[-13.447106066806148,15.797637839233289]}"
-0.38674876,16,0,train,"{""geodesic"":false,""type"":""Point"",""coordinates"":[-13.293224658636474,15.579886214362716]}"
-0.4488694,56,0,train,"{""geodesic"":false,""type"":""Point"",""coordinates"":[-13.423390543305393,15.482598669092573]}"
-0.46496758,40,0,train,"{""geodesic"":false,""type"":""Point"",""coordinates"":[-13.109968340676092,15.641330979796491]}"
-0.42088452,87,0,train,"{""geodesic"":false,""type"":""Point"",""coordinates"":[-13.282175380641805,15.374261845827759]}"
-0.4991004,77,0,train,"{""geodesic"":false,""type"":""Point"",""coordinates"":[-13.410454803214073,15.452684770131393]}"
-0.5313093,37,0,train,"{""geodesic"":false,""type"":""Point"",""coordinates"":[-13.202943972582462,15.753710221839844]}"
-0.44626358,72,0,train,"{""geodesic"":false,""type"":""Point"",""coordinates"":[-13.300231517852607,15.440827008381014]}"
-0.49719068,48,0,train,"{""geodesic"":false,""type"":""Point"",""coordinates"":[-13.059842347822222,15.639714012285076]}"
-0.44524413,42,0,train,"{""geodesic"":false,""type"":""Point"",""coordinates"":[-13.108620867749913,15.636480077262247]}"
-0.39368376,67,0,train,"{""geodesic"":false,""type"":""Point"",""coordinates"":[-12.999745055314627,15.694421413087955]}"
-0.43702567,63,0,test,"{""geodesic"":false,""type"":""Point"",""coordinates"":[-13.00082303365557,15.77473079948824]}"
-0.46555975,29,0,train,"{""geodesic"":false,""type"":""Point"",""coordinates"":[-13.415305705748317,15.817310943955507]}"
-0.5691563,33,0,train,"{""geodesic"":false,""type"":""Point"",""coordinates"":[-13.02938945969057,15.546738380378706]}"
-0.45400745,24,0,test,"{""geodesic"":false,""type"":""Point"",""coordinates"":[-13.079784947129676,15.384233145481485]}"
-0.48455957,50,0,train,"{""geodesic"":false,""type"":""Point"",""coordinates"":[-12.960129351284955,15.78847502333527]}"
-0.41186646,50,0,train,"{""geodesic"":false,""type"":""Point"",""coordinates"":[-12.94934956787552,15.80922610639843]}"
-0.5073851,47,0,test,"{""geodesic"":false,""type"":""Point"",""coordinates"":[-13.24336816036784,15.443791448818608]}"
-0.4559949,63,0,train,"{""geodesic"":false,""type"":""Point"",""coordinates"":[-13.378115452985769,15.42681328994875]}"
-0.4285419,23,0,train,"{""geodesic"":false,""type"":""Point"",""coordinates"":[-13.266275200112888,15.7631425323231]}"
-0.40976283,36,0,train,"{""geodesic"":false,""type"":""Point"",""coordinates"":[-13.401561481901288,15.7240658174639]}"
-0.46065113,50,0,train,"{""geodesic"":false,""type"":""Point"",""coordinates"":[-12.970639640109153,15.752901738084136]}"
-0.51201385,46,0,train,"{""geodesic"":false,""type"":""Point"",""coordinates"":[-13.18354036244548,15.3858501129929]}"
-0.4508753,64,0,train,"{""geodesic"":false,""type"":""Point"",""coordinates"":[-13.0040569686784,15.765298489004985]}"
-0.47302368,27,0,train,"{""geodesic"":false,""type"":""Point"",""coordinates"":[-13.132605885835904,15.644295420234085]}"
-0.47118795,24,0,train,"{""geodesic"":false,""type"":""Point"",""coordinates"":[-13.000014549899863,15.519519427269884]}"
-0.42870694,45,0,train,"{""geodesic"":false,""type"":""Point"",""coordinates"":[-13.341194694808456,15.49957682796243]}"
-0.525812,51,0,test,"{""geodesic"":false,""type"":""Point"",""coordinates"":[-13.00082303365557,15.56991491470899]}"
-0.49054164,50,0,test,"{""geodesic"":false,""type"":""Point"",""coordinates"":[-13.182731878689774,15.38126870504389]}"
-0.5539704,24,0,train,"{""geodesic"":false,""type"":""Point"",""coordinates"":[-13.072508593328308,15.375070329583465]}"
-0.39792806,21,0,train,"{""geodesic"":false,""type"":""Point"",""coordinates"":[-13.2851398210794,15.775000294073477]}"
-0.51810193,83,0,train,"{""geodesic"":false,""type"":""Point"",""coordinates"":[-13.430127907936289,15.44109650296625]}"
-0.43009752,60,0,train,"{""geodesic"":false,""type"":""Point"",""coordinates"":[-13.352513467388363,15.440827008381014]}"
-0.25651452,20,0,test,"{""geodesic"":false,""type"":""Point"",""coordinates"":[-13.356286391581664,15.760178091885505]}"
-0.41630712,44,0,train,"{""geodesic"":false,""type"":""Point"",""coordinates"":[-13.344967619001759,15.506583687178564]}"
-0.41686875,39,0,train,"{""geodesic"":false,""type"":""Point"",""coordinates"":[-13.054452456117506,15.726221774145786]}"
-0.355182,25,0,test,"{""geodesic"":false,""type"":""Point"",""coordinates"":[-13.363562745383033,15.821892351904516]}"
-0.47318763,40,0,train,"{""geodesic"":false,""type"":""Point"",""coordinates"":[-13.171682600695103,15.690378994309418]}"
-0.52446604,71,0,train,"{""geodesic"":false,""type"":""Point"",""coordinates"":[-13.093798665561941,15.67852123255904]}"
-0.15266953,20,0,test,"{""geodesic"":false,""type"":""Point"",""coordinates"":[-13.283522853567984,15.60441022161918]}"
-0.50201523,44,0,train,"{""geodesic"":false,""type"":""Point"",""coordinates"":[-13.209142348042887,15.748050835549892]}"
-0.31345952,29,0,train,"{""geodesic"":false,""type"":""Point"",""coordinates"":[-13.274090543084728,15.501732784644318]}"
-0.1271953,21,0,train,"{""geodesic"":false,""type"":""Point"",""coordinates"":[-13.042325199781892,15.384233145481485]}"
-0.34845865,68,0,train,"{""geodesic"":false,""type"":""Point"",""coordinates"":[-13.44764505597662,15.660465095348238]}"
-0.51336396,20,0,train,"{""geodesic"":false,""type"":""Point"",""coordinates"":[-13.36895263708775,15.822431341074987]}"
-0.49150404,42,0,test,"{""geodesic"":false,""type"":""Point"",""coordinates"":[-13.029928448861043,15.56991491470899]}"
-0.5550594,20,0,test,"{""geodesic"":false,""type"":""Point"",""coordinates"":[-13.39886653604893,15.809765095568903]}"
-0.42748502,88,0,test,"{""geodesic"":false,""type"":""Point"",""coordinates"":[-13.266275200112888,15.37803477002106]}"
-0.39425847,73,0,train,"{""geodesic"":false,""type"":""Point"",""coordinates"":[-13.399405525219402,15.435706611261534]}"
-0.5160255,39,0,test,"{""geodesic"":false,""type"":""Point"",""coordinates"":[-13.161980795626611,15.748050835549892]}"
-0.5059729,78,0,train,"{""geodesic"":false,""type"":""Point"",""coordinates"":[-13.259537835481993,15.413338560686958]}"
-0.4431053,68,0,train,"{""geodesic"":false,""type"":""Point"",""coordinates"":[-13.349010037780296,15.387736575089551]}"
-0.5317346,67,0,train,"{""geodesic"":false,""type"":""Point"",""coordinates"":[-13.007021409115994,15.646990366086445]}"
-0.32098478,31,0,test,"{""geodesic"":false,""type"":""Point"",""coordinates"":[-13.362754261627325,15.559404625884792]}"
-0.32717595,19,0,train,"{""geodesic"":false,""type"":""Point"",""coordinates"":[-13.287565272346521,15.769071413198288]}"
-0.4719109,82,0,train,"{""geodesic"":false,""type"":""Point"",""coordinates"":[-13.423929532475865,15.408757152737948]}"
-0.43054175,60,0,train,"{""geodesic"":false,""type"":""Point"",""coordinates"":[-13.375151012548175,15.429777730386345]}"
-0.44900736,39,0,train,"{""geodesic"":false,""type"":""Point"",""coordinates"":[-13.366257691235392,15.523022856877951]}"
-0.50774556,75,0,train,"{""geodesic"":false,""type"":""Point"",""coordinates"":[-13.388086752639495,15.421962387414505]}"
-0.4954001,51,0,train,"{""geodesic"":false,""type"":""Point"",""coordinates"":[-13.198632059218689,15.393934950549976]}"
-0.32006335,60,0,train,"{""geodesic"":false,""type"":""Point"",""coordinates"":[-13.072508593328308,15.7917089583581]}"
-0.5128647,58,0,train,"{""geodesic"":false,""type"":""Point"",""coordinates"":[-13.209411842628123,15.384772134651957]}"
-0.389286,18,0,test,"{""geodesic"":false,""type"":""Point"",""coordinates"":[-13.383774839275722,15.724335312049135]}"
-0.4891679,55,0,train,"{""geodesic"":false,""type"":""Point"",""coordinates"":[-13.036935308077174,15.827282243609233]}"
-0.4406778,67,0,train,"{""geodesic"":false,""type"":""Point"",""coordinates"":[-13.009177365797882,15.695768886014134]}"
-0.5023808,85,0,train,"{""geodesic"":false,""type"":""Point"",""coordinates"":[-13.307777366239211,15.379382242947239]}"
-0.40642408,86,0,test,"{""geodesic"":false,""type"":""Point"",""coordinates"":[-13.2603463192377,15.373722856657286]}"
-0.5100193,27,0,train,"{""geodesic"":false,""type"":""Point"",""coordinates"":[-13.347123575683646,15.54646888579347]}"
-0.54686004,61,0,train,"{""geodesic"":false,""type"":""Point"",""coordinates"":[-13.273821048499492,15.438401557113892]}"
-0.46192682,43,0,train,"{""geodesic"":false,""type"":""Point"",""coordinates"":[-13.42689397291346,15.757483146033145]}"
-0.43772107,33,0,train,"{""geodesic"":false,""type"":""Point"",""coordinates"":[-13.174916535717934,15.744547405941825]}"
-0.45608416,39,0,test,"{""geodesic"":false,""type"":""Point"",""coordinates"":[-13.23420534446982,15.736462568384749]}"
-0.5119287,60,0,train,"{""geodesic"":false,""type"":""Point"",""coordinates"":[-13.02750299759392,15.647798849842152]}"
-0.37651956,52,0,train,"{""geodesic"":false,""type"":""Point"",""coordinates"":[-13.32987592222855,15.414955528198373]}"
-0.32588154,22,0,train,"{""geodesic"":false,""type"":""Point"",""coordinates"":[-13.159016355189017,15.607913651227246]}"
-0.42681453,45,0,train,"{""geodesic"":false,""type"":""Point"",""coordinates"":[-13.431205886277233,15.762064553982155]}"
-0.45984337,20,0,train,"{""geodesic"":false,""type"":""Point"",""coordinates"":[-13.00863837662741,15.474513831535496]}"
-0.48101357,70,0,train,"{""geodesic"":false,""type"":""Point"",""coordinates"":[-13.4527654530961,15.71813693658871]}"
-0.32520017,20,0,test,"{""geodesic"":false,""type"":""Point"",""coordinates"":[-13.33580480310374,15.624891810097104]}"
-0.12022398,17,0,train,"{""geodesic"":false,""type"":""Point"",""coordinates"":[-13.244176644123549,15.794403904210458]}"
-0.61294156,29,0,train,"{""geodesic"":false,""type"":""Point"",""coordinates"":[-13.115627726966045,15.397707874743277]}"
-0.30468583,18,0,train,"{""geodesic"":false,""type"":""Point"",""coordinates"":[-13.227467979838925,15.635132604336068]}"
-0.469469,24,0,train,"{""geodesic"":false,""type"":""Point"",""coordinates"":[-13.090295235953874,15.605218705374886]}"
-0.4694173,65,0,test,"{""geodesic"":false,""type"":""Point"",""coordinates"":[-12.999745055314627,15.555362207106253]}"
-0.21937904,17,0,train,"{""geodesic"":false,""type"":""Point"",""coordinates"":[-13.129371950813074,15.49445643084295]}"
-0.44175214,53,0,train,"{""geodesic"":false,""type"":""Point"",""coordinates"":[-13.173299568206518,15.7135555286397]}"
-0.4269652,46,0,train,"{""geodesic"":false,""type"":""Point"",""coordinates"":[-12.982766896444767,15.723796322878664]}"
-0.49198458,34,0,train,"{""geodesic"":false,""type"":""Point"",""coordinates"":[-13.396710579367044,15.543504445355875]}"
-0.45825016,36,0,train,"{""geodesic"":false,""type"":""Point"",""coordinates"":[-13.20375245633817,15.748050835549892]}"
-0.43780228,50,0,train,"{""geodesic"":false,""type"":""Point"",""coordinates"":[-13.088947763027695,15.783085131630552]}"
-0.41614002,54,0,test,"{""geodesic"":false,""type"":""Point"",""coordinates"":[-13.21480173433284,15.408218163567476]}"
-0.48168904,45,0,train,"{""geodesic"":false,""type"":""Point"",""coordinates"":[-12.949619062460757,15.739696503407579]}"
-0.46192324,32,0,train,"{""geodesic"":false,""type"":""Point"",""coordinates"":[-13.3565558861669,15.642408958137436]}"
-0.37420198,33,0,train,"{""geodesic"":false,""type"":""Point"",""coordinates"":[-13.191894694587793,15.48664108787111]}"
-0.11708313,19,0,train,"{""geodesic"":false,""type"":""Point"",""coordinates"":[-13.334187835592324,15.777964734511071]}"
-0.38455614,81,0,train,"{""geodesic"":false,""type"":""Point"",""coordinates"":[-13.458155344800819,15.660465095348238]}"
-0.38734898,52,0,train,"{""geodesic"":false,""type"":""Point"",""coordinates"":[-13.052027004850382,15.694690907673191]}"
-0.4604153,71,0,train,"{""geodesic"":false,""type"":""Point"",""coordinates"":[-13.456538377289403,15.486371593285874]}"
-0.66558236,22,0,train,"{""geodesic"":false,""type"":""Point"",""coordinates"":[-13.147428088023876,15.447564373011911]}"
-0.38098246,56,0,train,"{""geodesic"":false,""type"":""Point"",""coordinates"":[-13.342811662319871,15.416303001124552]}"
-0.40860555,53,0,train,"{""geodesic"":false,""type"":""Point"",""coordinates"":[-12.950427546216465,15.826473759853526]}"
-0.33466235,70,0,test,"{""geodesic"":false,""type"":""Point"",""coordinates"":[-13.06199830450411,15.781468164119136]}"
-0.5409409,49,0,train,"{""geodesic"":false,""type"":""Point"",""coordinates"":[-13.007021409115994,15.561291087981441]}"
-0.08821906,18,0,train,"{""geodesic"":false,""type"":""Point"",""coordinates"":[-13.270856608061898,15.567219968856632]}"
-0.431973,31,0,train,"{""geodesic"":false,""type"":""Point"",""coordinates"":[-13.170335127768924,15.463734048126062]}"
-0.47727817,36,0,train,"{""geodesic"":false,""type"":""Point"",""coordinates"":[-13.123712564523121,15.643486936478379]}"
-0.3623654,28,0,test,"{""geodesic"":false,""type"":""Point"",""coordinates"":[-13.152548485143358,15.408218163567476]}"
-0.49228692,50,0,train,"{""geodesic"":false,""type"":""Point"",""coordinates"":[-13.128024477886894,15.690917983479888]}"
-0.17538898,16,0,train,"{""geodesic"":false,""type"":""Point"",""coordinates"":[-13.186235308297839,15.57961671977748]}"
-0.22987415,17,0,test,"{""geodesic"":false,""type"":""Point"",""coordinates"":[-13.102422492289488,15.505236214252385]}"
-0.42065826,81,0,train,"{""geodesic"":false,""type"":""Point"",""coordinates"":[-13.458963828556525,15.644834409404558]}"
-0.4476596,52,0,train,"{""geodesic"":false,""type"":""Point"",""coordinates"":[-13.413688738236901,15.655614192813992]}"
-0.37222424,58,0,test,"{""geodesic"":false,""type"":""Point"",""coordinates"":[-13.072239098743072,15.767184951101637]}"
-0.30172554,22,0,train,"{""geodesic"":false,""type"":""Point"",""coordinates"":[-13.294841626147889,15.729725203753853]}"
-0.3617031,44,0,train,"{""geodesic"":false,""type"":""Point"",""coordinates"":[-13.368683142502514,15.60953061873866]}"
-0.41970915,35,0,test,"{""geodesic"":false,""type"":""Point"",""coordinates"":[-13.35197447821789,15.523022856877951]}"
-0.33095533,20,0,train,"{""geodesic"":false,""type"":""Point"",""coordinates"":[-13.025077546326797,15.460230618517997]}"
-0.41859496,32,0,train,"{""geodesic"":false,""type"":""Point"",""coordinates"":[-13.215340723503312,15.481790185336864]}"
-0.28530258,20,0,train,"{""geodesic"":false,""type"":""Point"",""coordinates"":[-13.334726824762797,15.794134409625222]}"
-0.31387424,21,0,train,"{""geodesic"":false,""type"":""Point"",""coordinates"":[-13.13745678837015,15.46642899397842]}"
-0.38349435,78,0,train,"{""geodesic"":false,""type"":""Point"",""coordinates"":[-13.41449722199261,15.441635492136722]}"
-0.47456133,29,0,train,"{""geodesic"":false,""type"":""Point"",""coordinates"":[-13.142846680074866,15.403636755618466]}"
-0.46354032,52,0,train,"{""geodesic"":false,""type"":""Point"",""coordinates"":[-13.214262745162369,15.39824686391375]}"
-0.46029413,42,0,train,"{""geodesic"":false,""type"":""Point"",""coordinates"":[-13.420156608282563,15.788205528750034]}"
-0.35504353,87,0,test,"{""geodesic"":false,""type"":""Point"",""coordinates"":[-13.232318882373171,15.379382242947239]}"
-0.3373536,21,0,train,"{""geodesic"":false,""type"":""Point"",""coordinates"":[-13.036396318906704,15.493108957916771]}"
-0.34825575,20,0,train,"{""geodesic"":false,""type"":""Point"",""coordinates"":[-13.024538557156326,15.458613651006582]}"
-0.33690786,20,0,train,"{""geodesic"":false,""type"":""Point"",""coordinates"":[-13.12047862950029,15.493917441672478]}"
-0.37630698,32,0,train,"{""geodesic"":false,""type"":""Point"",""coordinates"":[-13.390781698491855,15.665585492467718]}"
-0.45219943,86,0,train,"{""geodesic"":false,""type"":""Point"",""coordinates"":[-12.994624658195145,15.829168705705884]}"
-0.46466425,43,0,train,"{""geodesic"":false,""type"":""Point"",""coordinates"":[-13.184079351615953,15.806261665960836]}"
-0.40098062,20,0,train,"{""geodesic"":false,""type"":""Point"",""coordinates"":[-13.287834766931757,15.593630438209745]}"
-0.38856742,75,0,train,"{""geodesic"":false,""type"":""Point"",""coordinates"":[-13.44441112095379,15.655614192813992]}"
-0.45314902,24,0,train,"{""geodesic"":false,""type"":""Point"",""coordinates"":[-13.190008232491142,15.76502899441975]}"
-0.49245524,55,0,train,"{""geodesic"":false,""type"":""Point"",""coordinates"":[-13.025616535497269,15.682563651337578]}"
-0.5055157,51,0,train,"{""geodesic"":false,""type"":""Point"",""coordinates"":[-13.005404441604579,15.584737116896962]}"
-0.4913523,69,0,train,"{""geodesic"":false,""type"":""Point"",""coordinates"":[-13.439021229249073,15.595786394891633]}"
-0.31376466,28,0,train,"{""geodesic"":false,""type"":""Point"",""coordinates"":[-13.043133683537599,15.39555191806139]}"
-0.41227195,53,0,train,"{""geodesic"":false,""type"":""Point"",""coordinates"":[-13.040708232270477,15.834828091995837]}"
-0.41689962,62,0,train,"{""geodesic"":false,""type"":""Point"",""coordinates"":[-13.431744875447704,15.609800113323896]}"
-0.16935742,19,0,train,"{""geodesic"":false,""type"":""Point"",""coordinates"":[-13.035048845980524,15.43328115999441]}"
-0.3896813,56,0,train,"{""geodesic"":false,""type"":""Point"",""coordinates"":[-13.429588918765818,15.626239283023283]}"
-0.48703697,38,0,train,"{""geodesic"":false,""type"":""Point"",""coordinates"":[-13.115088737795572,15.633515636824653]}"
-0.46219385,22,0,train,"{""geodesic"":false,""type"":""Point"",""coordinates"":[-13.111046319017035,15.605488199960122]}"
-0.4744733,53,0,train,"{""geodesic"":false,""type"":""Point"",""coordinates"":[-13.416653178674496,15.552667261253895]}"
-0.4679529,38,0,train,"{""geodesic"":false,""type"":""Point"",""coordinates"":[-13.418539640771147,15.75856112437409]}"
-0.5095202,30,0,train,"{""geodesic"":false,""type"":""Point"",""coordinates"":[-13.017262203354957,15.538923037406866]}"
-0.38484508,17,0,test,"{""geodesic"":false,""type"":""Point"",""coordinates"":[-13.367066174991098,15.825665276097817]}"
-0.35375118,46,0,test,"{""geodesic"":false,""type"":""Point"",""coordinates"":[-13.091373214294817,15.821083868148808]}"
-0.44494677,36,0,train,"{""geodesic"":false,""type"":""Point"",""coordinates"":[-13.20887285345765,15.704123218156447]}"
-0.5294847,80,0,train,"{""geodesic"":false,""type"":""Point"",""coordinates"":[-13.42878043501011,15.421153903658796]}"
-0.46805754,35,0,train,"{""geodesic"":false,""type"":""Point"",""coordinates"":[-13.199440542974397,15.74670336262371]}"
-0.47755143,40,0,train,"{""geodesic"":false,""type"":""Point"",""coordinates"":[-13.407220868191242,15.649415817353567]}"
-0.44042936,29,0,train,"{""geodesic"":false,""type"":""Point"",""coordinates"":[-13.157399387677602,15.666393976223427]}"
-0.22264723,19,0,test,"{""geodesic"":false,""type"":""Point"",""coordinates"":[-13.287565272346521,15.703584228985974]}"
-0.47559157,35,0,train,"{""geodesic"":false,""type"":""Point"",""coordinates"":[-13.167640181916566,15.754249211010315]}"
-0.39247733,34,0,train,"{""geodesic"":false,""type"":""Point"",""coordinates"":[-13.11724469447746,15.731611665850503]}"
-0.5032589,18,0,train,"{""geodesic"":false,""type"":""Point"",""coordinates"":[-13.20105751048581,15.505236214252385]}"
-0.31001937,19,0,train,"{""geodesic"":false,""type"":""Point"",""coordinates"":[-13.045559134804723,15.40336726103323]}"
-0.46723732,27,0,train,"{""geodesic"":false,""type"":""Point"",""coordinates"":[-13.140421228807744,15.635402098921302]}"
-0.07036286,17,0,train,"{""geodesic"":false,""type"":""Point"",""coordinates"":[-13.243907149538312,15.715980979906824]}"
-0.4894887,66,0,train,"{""geodesic"":false,""type"":""Point"",""coordinates"":[-13.012411300820713,15.832941629899185]}"
-0.51060694,73,0,train,"{""geodesic"":false,""type"":""Point"",""coordinates"":[-13.400752998145581,15.440827008381014]}"
-0.4630399,67,0,train,"{""geodesic"":false,""type"":""Point"",""coordinates"":[-12.976568520984342,15.78847502333527]}"
-0.46918714,59,0,train,"{""geodesic"":false,""type"":""Point"",""coordinates"":[-13.24148169827119,15.42034541990309]}"
-0.48472568,41,0,train,"{""geodesic"":false,""type"":""Point"",""coordinates"":[-13.424468521646336,15.764759499834515]}"
-0.39876944,32,0,train,"{""geodesic"":false,""type"":""Point"",""coordinates"":[-13.160094333529962,15.40336726103323]}"
-0.4218647,81,0,train,"{""geodesic"":false,""type"":""Point"",""coordinates"":[-13.445489099294733,15.585276106067434]}"
-0.5010919,38,0,train,"{""geodesic"":false,""type"":""Point"",""coordinates"":[-13.056338918214156,15.623005348000454]}"
-0.44716522,31,0,test,"{""geodesic"":false,""type"":""Point"",""coordinates"":[-13.09972754643713,15.622735853415218]}"
-0.3128868,23,0,test,"{""geodesic"":false,""type"":""Point"",""coordinates"":[-13.222886571889916,15.801141268841354]}"
-0.3811123,25,0,train,"{""geodesic"":false,""type"":""Point"",""coordinates"":[-13.227467979838925,15.479364734069742]}"
-0.3801664,55,0,train,"{""geodesic"":false,""type"":""Point"",""coordinates"":[-13.123173575352649,15.796559860892344]}"
-0.45358047,49,0,train,"{""geodesic"":false,""type"":""Point"",""coordinates"":[-13.008099387456937,15.58743206274932]}"
-0.38235912,63,0,train,"{""geodesic"":false,""type"":""Point"",""coordinates"":[-13.375151012548175,15.406331701470824]}"
-0.32785773,19,0,train,"{""geodesic"":false,""type"":""Point"",""coordinates"":[-13.27786346727803,15.7917089583581]}"
-0.35562822,50,0,train,"{""geodesic"":false,""type"":""Point"",""coordinates"":[-13.089756246783402,15.771227369880174]}"
-0.13232565,14,0,train,"{""geodesic"":false,""type"":""Point"",""coordinates"":[-13.156051914751423,15.50415823591144]}"
-0.30029255,17,0,train,"{""geodesic"":false,""type"":""Point"",""coordinates"":[-13.05418296153227,15.53353314570215]}"
-0.5577127,39,0,train,"{""geodesic"":false,""type"":""Point"",""coordinates"":[-13.128832961642601,15.370488921634456]}"
-0.46850395,20,0,train,"{""geodesic"":false,""type"":""Point"",""coordinates"":[-13.333379351836617,15.62192736965951]}"
-0.5293498,31,0,train,"{""geodesic"":false,""type"":""Point"",""coordinates"":[-13.377037474644826,15.539731521162574]}"
-0.31695136,18,0,test,"{""geodesic"":false,""type"":""Point"",""coordinates"":[-13.08274938756727,15.494186936257714]}"
-0.21712919,14,0,train,"{""geodesic"":false,""type"":""Point"",""coordinates"":[-13.277593972692795,15.720562387855834]}"
-0.27804732,18,0,train,"{""geodesic"":false,""type"":""Point"",""coordinates"":[-13.33122339515473,15.81704144937027]}"
-0.43397707,49,0,train,"{""geodesic"":false,""type"":""Point"",""coordinates"":[-13.256842889629633,15.829168705705884]}"
-0.34847534,48,0,test,"{""geodesic"":false,""type"":""Point"",""coordinates"":[-13.190008232491142,15.413069066101722]}"
-0.3723897,68,0,train,"{""geodesic"":false,""type"":""Point"",""coordinates"":[-13.31047231209157,15.421423398244032]}"
-0.43618375,28,0,train,"{""geodesic"":false,""type"":""Point"",""coordinates"":[-13.243907149538312,15.803297225523242]}"
-0.49165267,65,0,train,"{""geodesic"":false,""type"":""Point"",""coordinates"":[-13.446028088465205,15.521944878537008]}"
-0.36556113,53,0,test,"{""geodesic"":false,""type"":""Point"",""coordinates"":[-13.335265813933267,15.472627369438845]}"
-0.42587718,40,0,train,"{""geodesic"":false,""type"":""Point"",""coordinates"":[-13.043403178122835,15.728916719998145]}"
-0.38658106,59,0,train,"{""geodesic"":false,""type"":""Point"",""coordinates"":[-13.170065633183688,15.793325925869516]}"
-0.28922814,18,0,train,"{""geodesic"":false,""type"":""Point"",""coordinates"":[-13.287026283176049,15.710860582787342]}"
-0.6186605,20,0,train,"{""geodesic"":false,""type"":""Point"",""coordinates"":[-13.111854802772744,15.566141990515687]}"
-0.5752567,14,0,train,"{""geodesic"":false,""type"":""Point"",""coordinates"":[-13.111046319017035,15.562638560907622]}"
-0.37052566,70,0,train,"{""geodesic"":false,""type"":""Point"",""coordinates"":[-13.015645235843541,15.790361485431921]}"
-0.36746743,40,0,train,"{""geodesic"":false,""type"":""Point"",""coordinates"":[-13.124790542864064,15.407409679811769]}"
-0.2850766,18,0,train,"{""geodesic"":false,""type"":""Point"",""coordinates"":[-13.32286906301242,15.752901738084136]}"
-0.370233,45,0,test,"{""geodesic"":false,""type"":""Point"",""coordinates"":[-13.128024477886894,15.833211124484421]}"
-0.37444887,71,0,train,"{""geodesic"":false,""type"":""Point"",""coordinates"":[-13.445758593879969,15.574226828072764]}"
-0.42797816,44,0,train,"{""geodesic"":false,""type"":""Point"",""coordinates"":[-13.411532781555016,15.490683506649647]}"
-0.37774897,72,0,train,"{""geodesic"":false,""type"":""Point"",""coordinates"":[-13.379732420497184,15.415494517368844]}"
-0.5000743,80,0,test,"{""geodesic"":false,""type"":""Point"",""coordinates"":[-13.453573936851809,15.596864373232576]}"
-0.11513059,18,0,train,"{""geodesic"":false,""type"":""Point"",""coordinates"":[-13.012680795405947,15.458344156421346]}"
-0.19651423,15,0,test,"{""geodesic"":false,""type"":""Point"",""coordinates"":[-13.23824776324836,15.601176286596349]}"
-0.59757835,49,0,train,"{""geodesic"":false,""type"":""Point"",""coordinates"":[-13.091642708880054,15.8307856732173]}"
-0.32433206,19,0,test,"{""geodesic"":false,""type"":""Point"",""coordinates"":[-13.06711870162359,15.397438380158041]}"
-0.42806727,28,0,train,"{""geodesic"":false,""type"":""Point"",""coordinates"":[-13.171413106109867,15.744277911356589]}"
-0.05527405,14,0,train,"{""geodesic"":false,""type"":""Point"",""coordinates"":[-13.044750651049014,15.420614914488326]}"
-0.5245378,63,0,train,"{""geodesic"":false,""type"":""Point"",""coordinates"":[-12.979263466836702,15.675017802950974]}"
-0.46659204,16,0,train,"{""geodesic"":false,""type"":""Point"",""coordinates"":[-13.113741264869393,15.522753362292715]}"
-0.44974738,32,0,train,"{""geodesic"":false,""type"":""Point"",""coordinates"":[-13.119131156574111,15.721101377026304]}"
-0.4744168,42,0,train,"{""geodesic"":false,""type"":""Point"",""coordinates"":[-13.025077546326797,15.567219968856632]}"
-0.4984419,33,0,train,"{""geodesic"":false,""type"":""Point"",""coordinates"":[-13.072778087913544,15.59066599777215]}"
-0.47476727,16,0,test,"{""geodesic"":false,""type"":""Point"",""coordinates"":[-13.104039459800903,15.405523217715118]}"
-0.4672279,86,0,train,"{""geodesic"":false,""type"":""Point"",""coordinates"":[-13.278941445618974,15.39366545596474]}"
-0.34857816,26,0,train,"{""geodesic"":false,""type"":""Point"",""coordinates"":[-13.036126824321467,15.488258055382525]}"
-0.47425207,51,0,test,"{""geodesic"":false,""type"":""Point"",""coordinates"":[-13.123443069937885,15.710321593616872]}"
-0.48201227,31,0,train,"{""geodesic"":false,""type"":""Point"",""coordinates"":[-13.17572501947364,15.750206792231777]}"
-0.46440503,31,0,test,"{""geodesic"":false,""type"":""Point"",""coordinates"":[-13.388895236395204,15.560213109640499]}"
-0.19918491,16,0,train,"{""geodesic"":false,""type"":""Point"",""coordinates"":[-13.092451192635762,15.552397766668658]}"
-0.45510563,23,0,train,"{""geodesic"":false,""type"":""Point"",""coordinates"":[-13.1536264634843,15.447025383841439]}"
-0.41775614,35,0,train,"{""geodesic"":false,""type"":""Point"",""coordinates"":[-13.193781156684443,15.69603838059937]}"
-0.11745422,17,0,train,"{""geodesic"":false,""type"":""Point"",""coordinates"":[-13.305082420386851,15.628934228875643]}"
-0.44368756,42,0,test,"{""geodesic"":false,""type"":""Point"",""coordinates"":[-13.40344794399794,15.637019066432718]}"
-0.4235192,58,0,train,"{""geodesic"":false,""type"":""Point"",""coordinates"":[-13.30130949619355,15.467506972319365]}"
-0.48948532,24,0,train,"{""geodesic"":false,""type"":""Point"",""coordinates"":[-13.150931517631943,15.425465817022571]}"
-0.41415924,76,0,train,"{""geodesic"":false,""type"":""Point"",""coordinates"":[-13.454921409777988,15.510356611371865]}"
-0.41868138,32,0,train,"{""geodesic"":false,""type"":""Point"",""coordinates"":[-13.156321409336659,15.733228633361918]}"
-0.42146212,30,0,test,"{""geodesic"":false,""type"":""Point"",""coordinates"":[-13.180036932837414,15.784163109971496]}"
-0.5523619,17,0,train,"{""geodesic"":false,""type"":""Point"",""coordinates"":[-13.109968340676092,15.502810762985261]}"
-0.07896134,18,0,train,"{""geodesic"":false,""type"":""Point"",""coordinates"":[-13.1927031783435,15.638636033944133]}"
-0.47456905,55,0,train,"{""geodesic"":false,""type"":""Point"",""coordinates"":[-13.216957691014727,15.738079535896164]}"
-0.47056714,72,0,test,"{""geodesic"":false,""type"":""Point"",""coordinates"":[-13.237169784907415,15.399055347669456]}"
-0.47146702,20,0,test,"{""geodesic"":false,""type"":""Point"",""coordinates"":[-13.233935849884586,15.545390907452527]}"
-0.5290314,81,0,train,"{""geodesic"":false,""type"":""Point"",""coordinates"":[-13.39428512809992,15.421692892829268]}"
-0.5767827,49,0,test,"{""geodesic"":false,""type"":""Point"",""coordinates"":[-13.078976463373968,15.77931220743725]}"
-0.45039755,20,0,train,"{""geodesic"":false,""type"":""Point"",""coordinates"":[-13.2851398210794,15.547816358719649]}"
-0.38099638,49,0,test,"{""geodesic"":false,""type"":""Point"",""coordinates"":[-13.073317077084015,15.637019066432718]}"
-0.45578524,60,0,train,"{""geodesic"":false,""type"":""Point"",""coordinates"":[-13.422043070379214,15.512782062638989]}"
-0.29423395,21,0,train,"{""geodesic"":false,""type"":""Point"",""coordinates"":[-13.366796680405862,15.832672135313949]}"
-0.31665722,19,0,test,"{""geodesic"":false,""type"":""Point"",""coordinates"":[-13.232318882373171,15.552128272083424]}"
-0.42648333,44,0,train,"{""geodesic"":false,""type"":""Point"",""coordinates"":[-13.37353404503676,15.5211363947813]}"
-0.5249299,56,0,train,"{""geodesic"":false,""type"":""Point"",""coordinates"":[-13.44306364802761,15.735923579214278]}"
-0.49200612,61,0,train,"{""geodesic"":false,""type"":""Point"",""coordinates"":[-13.451956969340394,15.528412748582667]}"
-0.5130583,15,0,test,"{""geodesic"":false,""type"":""Point"",""coordinates"":[-13.394554622685156,15.781198669533902]}"
-0.44407353,47,0,train,"{""geodesic"":false,""type"":""Point"",""coordinates"":[-13.364640723723976,15.513860040979932]}"
-0.34071225,44,0,train,"{""geodesic"":false,""type"":""Point"",""coordinates"":[-13.425277005402044,15.779042712852014]}"
-0.46053836,62,0,test,"{""geodesic"":false,""type"":""Point"",""coordinates"":[-13.437673756322893,15.596864373232576]}"
-0.5309684,49,0,test,"{""geodesic"":false,""type"":""Point"",""coordinates"":[-13.05795588572557,15.838331521603903]}"
-0.43494946,68,0,train,"{""geodesic"":false,""type"":""Point"",""coordinates"":[-13.280288918545153,15.428969246630636]}"
-0.33740804,16,0,train,"{""geodesic"":false,""type"":""Point"",""coordinates"":[-13.311280795847276,15.836445059507252]}"
-0.33611736,33,0,train,"{""geodesic"":false,""type"":""Point"",""coordinates"":[-13.346045597342702,15.561291087981441]}"
-0.45786348,39,0,test,"{""geodesic"":false,""type"":""Point"",""coordinates"":[-13.068735669135005,15.62004090756286]}"
-0.5985506,19,0,train,"{""geodesic"":false,""type"":""Point"",""coordinates"":[-13.424468521646336,15.824587297756874]}"
-0.46522206,74,0,train,"{""geodesic"":false,""type"":""Point"",""coordinates"":[-13.4241990270611,15.37803477002106]}"
-0.39100277,16,0,train,"{""geodesic"":false,""type"":""Point"",""coordinates"":[-13.240134225345011,15.634054625995123]}"
-0.4398477,50,0,train,"{""geodesic"":false,""type"":""Point"",""coordinates"":[-13.09838007351095,15.65372773071734]}"
-0.46200913,46,0,test,"{""geodesic"":false,""type"":""Point"",""coordinates"":[-13.428241445839639,15.697116358940313]}"
-0.45883495,64,0,train,"{""geodesic"":false,""type"":""Point"",""coordinates"":[-12.962285307966843,15.833750113654894]}"
-0.40374416,19,0,train,"{""geodesic"":false,""type"":""Point"",""coordinates"":[-13.228276463594632,15.547007874963942]}"
-0.31345165,22,0,train,"{""geodesic"":false,""type"":""Point"",""coordinates"":[-13.022652095059675,15.503080257570497]}"
-0.41639936,43,0,train,"{""geodesic"":false,""type"":""Point"",""coordinates"":[-13.401830976486524,15.57503531182847]}"
-0.5260268,57,0,train,"{""geodesic"":false,""type"":""Point"",""coordinates"":[-13.19593711336633,15.379112748362003]}"
-0.45606327,51,0,train,"{""geodesic"":false,""type"":""Point"",""coordinates"":[-13.131527907494961,15.750206792231777]}"
-0.3823121,54,0,train,"{""geodesic"":false,""type"":""Point"",""coordinates"":[-13.429049929595346,15.496881882110072]}"
-0.5229272,56,0,train,"{""geodesic"":false,""type"":""Point"",""coordinates"":[-13.42554649998728,15.517093976002762]}"
-0.4125894,71,0,train,"{""geodesic"":false,""type"":""Point"",""coordinates"":[-13.010524838724061,15.77607827241442]}"
-0.54681605,71,0,test,"{""geodesic"":false,""type"":""Point"",""coordinates"":[-13.42878043501011,15.380460221288182]}"
-0.11441999,18,0,train,"{""geodesic"":false,""type"":""Point"",""coordinates"":[-13.327719965546663,15.696577369769843]}"
-0.53780526,39,0,test,"{""geodesic"":false,""type"":""Point"",""coordinates"":[-13.001631517411278,15.730264192924324]}"
-0.49122882,38,0,train,"{""geodesic"":false,""type"":""Point"",""coordinates"":[-13.13610931544397,15.394743434305683]}"
-0.3484883,39,0,train,"{""geodesic"":false,""type"":""Point"",""coordinates"":[-13.191625200002557,15.452954264716627]}"
-0.3538757,41,0,train,"{""geodesic"":false,""type"":""Point"",""coordinates"":[-13.338769243541334,15.5887795356755]}"
-0.45022333,73,0,train,"{""geodesic"":false,""type"":""Point"",""coordinates"":[-13.228276463594632,15.382346683384833]}"
-0.4281859,69,0,train,"{""geodesic"":false,""type"":""Point"",""coordinates"":[-13.451148485584687,15.624083326341397]}"
-0.39686456,47,0,train,"{""geodesic"":false,""type"":""Point"",""coordinates"":[-13.028311481349627,15.71759794741824]}"
-0.3982261,41,0,train,"{""geodesic"":false,""type"":""Point"",""coordinates"":[-13.28837375610223,15.486910582456346]}"
-0.42177567,59,0,train,"{""geodesic"":false,""type"":""Point"",""coordinates"":[-13.292685669466003,15.451876286375684]}"
-0.48673305,20,0,train,"{""geodesic"":false,""type"":""Point"",""coordinates"":[-13.311280795847276,15.556440185447197]}"
-0.46933985,44,0,train,"{""geodesic"":false,""type"":""Point"",""coordinates"":[-13.071969604157836,15.635132604336068]}"
-0.27892223,18,0,test,"{""geodesic"":false,""type"":""Point"",""coordinates"":[-13.375959496303881,15.808417622642724]}"
-0.48557907,64,0,test,"{""geodesic"":false,""type"":""Point"",""coordinates"":[-13.077359495862554,15.659387117007293]}"
-0.44543302,64,0,test,"{""geodesic"":false,""type"":""Point"",""coordinates"":[-13.434978810470534,15.669897405831492]}"
-0.5509576,62,0,train,"{""geodesic"":false,""type"":""Point"",""coordinates"":[-13.440907691345723,15.513590546394695]}"
-0.4604888,47,0,train,"{""geodesic"":false,""type"":""Point"",""coordinates"":[-13.165214730649442,15.793864915039986]}"
-0.45524907,72,0,train,"{""geodesic"":false,""type"":""Point"",""coordinates"":[-12.968753178012504,15.827282243609233]}"
-0.39131674,28,0,train,"{""geodesic"":false,""type"":""Point"",""coordinates"":[-13.26816166220954,15.514129535565168]}"
-0.43763056,31,0,test,"{""geodesic"":false,""type"":""Point"",""coordinates"":[-13.185426824542132,15.736462568384749]}"
-0.4782426,27,0,train,"{""geodesic"":false,""type"":""Point"",""coordinates"":[-13.35466942407025,15.538114553651159]}"
-0.35509217,20,0,test,"{""geodesic"":false,""type"":""Point"",""coordinates"":[-13.399944514389873,15.82674325443876]}"
-0.40201277,63,0,test,"{""geodesic"":false,""type"":""Point"",""coordinates"":[-12.977915993910521,15.676904265047625]}"
-0.45206565,73,0,train,"{""geodesic"":false,""type"":""Point"",""coordinates"":[-13.458155344800819,15.624083326341397]}"
-0.5058378,63,0,test,"{""geodesic"":false,""type"":""Point"",""coordinates"":[-13.018070687110665,15.646990366086445]}"
-0.3548892,19,0,train,"{""geodesic"":false,""type"":""Point"",""coordinates"":[-13.251452997924916,15.682294156752342]}"
-0.2915391,53,0,train,"{""geodesic"":false,""type"":""Point"",""coordinates"":[-13.094337654732412,15.771227369880174]}"
-0.48776963,81,0,train,"{""geodesic"":false,""type"":""Point"",""coordinates"":[-13.44117718593096,15.425196322437335]}"
-0.40828872,26,0,train,"{""geodesic"":false,""type"":""Point"",""coordinates"":[-13.23501382822553,15.77149686446541]}"
-0.5307222,33,0,train,"{""geodesic"":false,""type"":""Point"",""coordinates"":[-13.107273394823734,15.7240658174639]}"
-0.38509494,22,0,train,"{""geodesic"":false,""type"":""Point"",""coordinates"":[-13.050410037338967,15.484215636603988]}"
-0.3791965,59,0,train,"{""geodesic"":false,""type"":""Point"",""coordinates"":[-13.01645371959925,15.704123218156447]}"
-0.46198037,62,0,test,"{""geodesic"":false,""type"":""Point"",""coordinates"":[-12.998128087803211,15.699541810207437]}"
-0.38627517,32,0,train,"{""geodesic"":false,""type"":""Point"",""coordinates"":[-13.156051914751423,15.835367081166309]}"
-0.41397312,75,0,train,"{""geodesic"":false,""type"":""Point"",""coordinates"":[-13.460850290653177,15.631629174728001]}"
-0.3985591,18,0,train,"{""geodesic"":false,""type"":""Point"",""coordinates"":[-13.41773115701544,15.838062027018667]}"
-0.109727696,20,0,train,"{""geodesic"":false,""type"":""Point"",""coordinates"":[-13.028311481349627,15.426004806193042]}"
-0.49453932,55,0,train,"{""geodesic"":false,""type"":""Point"",""coordinates"":[-13.012411300820713,15.591474481527857]}"
-0.42772785,34,0,train,"{""geodesic"":false,""type"":""Point"",""coordinates"":[-13.1393432504668,15.40148079893658]}"
-0.55813223,71,0,train,"{""geodesic"":false,""type"":""Point"",""coordinates"":[-12.986270326052834,15.827551738194469]}"
-0.3770869,38,0,train,"{""geodesic"":false,""type"":""Point"",""coordinates"":[-13.118592167403639,15.738888019651872]}"
-0.45488846,57,0,train,"{""geodesic"":false,""type"":""Point"",""coordinates"":[-13.19917104838916,15.717328452833003]}"
-0.47614887,81,0,train,"{""geodesic"":false,""type"":""Point"",""coordinates"":[-12.983844874785712,15.634054625995123]}"
-0.3906499,68,0,train,"{""geodesic"":false,""type"":""Point"",""coordinates"":[-13.215879712673784,15.717867442003476]}"
-0.30153075,19,0,train,"{""geodesic"":false,""type"":""Point"",""coordinates"":[-13.253608954606804,15.658039644081114]}"
-0.45384228,25,0,train,"{""geodesic"":false,""type"":""Point"",""coordinates"":[-13.329067438472844,15.555631701691489]}"
-0.5248111,57,0,train,"{""geodesic"":false,""type"":""Point"",""coordinates"":[-13.440638196760487,15.535150113213565]}"
-0.43487805,54,0,train,"{""geodesic"":false,""type"":""Point"",""coordinates"":[-13.432822853788648,15.492839463331535]}"
-0.47339705,25,0,test,"{""geodesic"":false,""type"":""Point"",""coordinates"":[-13.324755525109069,15.551319788327715]}"
-0.48222008,85,0,train,"{""geodesic"":false,""type"":""Point"",""coordinates"":[-13.324755525109069,15.376417802509645]}"
-0.4258599,30,0,train,"{""geodesic"":false,""type"":""Point"",""coordinates"":[-13.282983864397512,15.538653542821631]}"
-0.43931976,29,0,train,"{""geodesic"":false,""type"":""Point"",""coordinates"":[-13.372725561281053,15.65184126862069]}"
-0.32231438,18,0,train,"{""geodesic"":false,""type"":""Point"",""coordinates"":[-13.365179712894449,15.823239824830695]}"
-0.51165956,79,0,train,"{""geodesic"":false,""type"":""Point"",""coordinates"":[-13.427971951254403,15.421423398244032]}"
-0.45573506,18,0,test,"{""geodesic"":false,""type"":""Point"",""coordinates"":[-13.140151734222508,15.641869968966963]}"
-0.4012308,28,0,train,"{""geodesic"":false,""type"":""Point"",""coordinates"":[-13.331492889739966,15.520866900196063]}"
-0.42390233,53,0,train,"{""geodesic"":false,""type"":""Point"",""coordinates"":[-13.413688738236901,15.65965661159253]}"
-0.27072838,19,0,train,"{""geodesic"":false,""type"":""Point"",""coordinates"":[-13.31235877418822,15.737810041310928]}"
-0.2737423,15,0,train,"{""geodesic"":false,""type"":""Point"",""coordinates"":[-13.117514189062696,15.55293675583913]}"
-0.4239465,80,0,train,"{""geodesic"":false,""type"":""Point"",""coordinates"":[-13.007021409115994,15.788205528750034]}"
-0.3271885,19,0,train,"{""geodesic"":false,""type"":""Point"",""coordinates"":[-13.103230976045195,15.538923037406866]}"
-0.25814712,28,0,train,"{""geodesic"":false,""type"":""Point"",""coordinates"":[-13.329067438472844,15.596864373232576]}"
-0.4604431,66,0,test,"{""geodesic"":false,""type"":""Point"",""coordinates"":[-13.22908494735034,15.392048488453325]}"
-0.42282996,35,0,test,"{""geodesic"":false,""type"":""Point"",""coordinates"":[-13.361676283286382,15.525448308145073]}"
-0.5074214,17,0,test,"{""geodesic"":false,""type"":""Point"",""coordinates"":[-13.06065083157793,15.380999210458654]}"
-0.5368134,38,0,test,"{""geodesic"":false,""type"":""Point"",""coordinates"":[-13.168448665672273,15.383963650896249]}"
-0.39008385,55,0,test,"{""geodesic"":false,""type"":""Point"",""coordinates"":[-13.380540904252891,15.46966292900125]}"
-0.35432312,43,0,train,"{""geodesic"":false,""type"":""Point"",""coordinates"":[-13.194050651269679,15.479903723240213]}"
-0.4539161,67,0,train,"{""geodesic"":false,""type"":""Point"",""coordinates"":[-13.462197763579356,15.727030257901495]}"
-0.450148,52,0,train,"{""geodesic"":false,""type"":""Point"",""coordinates"":[-13.173569062791755,15.797907333818525]}"
-0.28312954,23,0,train,"{""geodesic"":false,""type"":""Point"",""coordinates"":[-13.318018160478173,15.758830618959324]}"
-0.3883113,83,0,train,"{""geodesic"":false,""type"":""Point"",""coordinates"":[-13.406412384435534,15.427082784533987]}"
-0.5195854,66,0,train,"{""geodesic"":false,""type"":""Point"",""coordinates"":[-13.463545236505535,15.54000101574781]}"
-0.29377165,20,0,train,"{""geodesic"":false,""type"":""Point"",""coordinates"":[-13.29807556117072,15.744277911356589]}"
-0.45546585,80,0,train,"{""geodesic"":false,""type"":""Point"",""coordinates"":[-13.409646319458364,15.402289282692287]}"
-0.42126906,81,0,test,"{""geodesic"":false,""type"":""Point"",""coordinates"":[-13.400214008975109,15.410104625664127]}"
-0.40901348,18,0,train,"{""geodesic"":false,""type"":""Point"",""coordinates"":[-13.33122339515473,15.625700293852812]}"
-0.45455307,49,0,train,"{""geodesic"":false,""type"":""Point"",""coordinates"":[-12.994085669024674,15.747781340964655]}"
-0.37130186,81,0,train,"{""geodesic"":false,""type"":""Point"",""coordinates"":[-13.448723034317563,15.637288561017954]}"
-0.14927989,17,0,train,"{""geodesic"":false,""type"":""Point"",""coordinates"":[-13.290799207369352,15.752632243498901]}"
-0.50469524,20,0,train,"{""geodesic"":false,""type"":""Point"",""coordinates"":[-13.075203539180666,15.46184758602941]}"
-0.43301326,56,0,test,"{""geodesic"":false,""type"":""Point"",""coordinates"":[-13.154165452654773,15.772574842806353]}"
-0.6301357,66,0,train,"{""geodesic"":false,""type"":""Point"",""coordinates"":[-13.002978990337457,15.625430799267576]}"
-0.49350664,26,0,train,"{""geodesic"":false,""type"":""Point"",""coordinates"":[-13.429858413351054,15.825934770683054]}"
-0.51038927,59,0,train,"{""geodesic"":false,""type"":""Point"",""coordinates"":[-13.463814731090771,15.542156972429696]}"
-0.40490037,33,0,train,"{""geodesic"":false,""type"":""Point"",""coordinates"":[-13.138265272125857,15.407679174397003]}"
-0.4581755,62,0,train,"{""geodesic"":false,""type"":""Point"",""coordinates"":[-12.98707880980854,15.77931220743725]}"
-0.48330343,45,0,train,"{""geodesic"":false,""type"":""Point"",""coordinates"":[-13.42743296208393,15.710321593616872]}"
-0.41646877,69,0,train,"{""geodesic"":false,""type"":""Point"",""coordinates"":[-13.37353404503676,15.418728452391674]}"
-0.39993316,72,0,train,"{""geodesic"":false,""type"":""Point"",""coordinates"":[-13.449262023488036,15.66289054661536]}"
-0.39594513,38,0,test,"{""geodesic"":false,""type"":""Point"",""coordinates"":[-13.053643972361797,15.719753904100125]}"
-0.3953101,69,0,train,"{""geodesic"":false,""type"":""Point"",""coordinates"":[-13.463275741920299,15.416033506539316]}"
-0.398049,64,0,train,"{""geodesic"":false,""type"":""Point"",""coordinates"":[-13.02426906257109,15.628934228875643]}"
-0.49378175,31,0,test,"{""geodesic"":false,""type"":""Point"",""coordinates"":[-13.301040001608314,15.526526286486018]}"
-0.32865563,57,0,train,"{""geodesic"":false,""type"":""Point"",""coordinates"":[-13.177611481570292,15.699811304792673]}"
-0.51444846,64,0,train,"{""geodesic"":false,""type"":""Point"",""coordinates"":[-13.002440001166985,15.696307875184607]}"
-0.4877399,55,0,train,"{""geodesic"":false,""type"":""Point"",""coordinates"":[-13.217766174770434,15.402289282692287]}"
-0.4311205,33,0,train,"{""geodesic"":false,""type"":""Point"",""coordinates"":[-13.252261481680623,15.503888741326206]}"
-0.54763037,44,0,train,"{""geodesic"":false,""type"":""Point"",""coordinates"":[-13.451417980169921,15.765567983590222]}"
-0.5159762,61,0,train,"{""geodesic"":false,""type"":""Point"",""coordinates"":[-13.454112926022281,15.722987839122956]}"
-0.39258313,88,0,test,"{""geodesic"":false,""type"":""Point"",""coordinates"":[-13.249027546657794,15.387736575089551]}"
-0.4451451,39,0,train,"{""geodesic"":false,""type"":""Point"",""coordinates"":[-13.107003900238498,15.74293043843041]}"
-0.44339007,38,0,train,"{""geodesic"":false,""type"":""Point"",""coordinates"":[-13.444680615539026,15.780929174948666]}"
-0.48542708,30,0,train,"{""geodesic"":false,""type"":""Point"",""coordinates"":[-13.243098665782606,15.509009138445686]}"
-0.4502153,59,0,train,"{""geodesic"":false,""type"":""Point"",""coordinates"":[-13.020765632963023,15.613573037517199]}"
-0.40722492,32,0,train,"{""geodesic"":false,""type"":""Point"",""coordinates"":[-13.388086752639495,15.67852123255904]}"
-0.42834106,17,0,train,"{""geodesic"":false,""type"":""Point"",""coordinates"":[-13.264119243431002,15.75532718935126]}"
-0.51115745,44,0,train,"{""geodesic"":false,""type"":""Point"",""coordinates"":[-13.456268882704167,15.76502899441975]}"
-0.46499595,28,0,test,"{""geodesic"":false,""type"":""Point"",""coordinates"":[-13.111585308187507,15.375878813339174]}"
-0.44344348,62,0,test,"{""geodesic"":false,""type"":""Point"",""coordinates"":[-13.029928448861043,15.820814373563572]}"
-0.49408698,51,0,train,"{""geodesic"":false,""type"":""Point"",""coordinates"":[-13.073047582498779,15.698194337281258]}"
-0.32219905,19,0,train,"{""geodesic"":false,""type"":""Point"",""coordinates"":[-13.101883503119016,15.47235787485361]}"
-0.5230454,23,0,train,"{""geodesic"":false,""type"":""Point"",""coordinates"":[-13.3851223122019,15.811651557665552]}"
-0.4250226,24,0,train,"{""geodesic"":false,""type"":""Point"",""coordinates"":[-13.044481156463778,15.541617983259226]}"
-0.12771417,17,0,train,"{""geodesic"":false,""type"":""Point"",""coordinates"":[-13.20051852131534,15.616537477954793]}"
-0.4111352,81,0,test,"{""geodesic"":false,""type"":""Point"",""coordinates"":[-13.455190904363224,15.594708416550688]}"
-0.47434586,58,0,train,"{""geodesic"":false,""type"":""Point"",""coordinates"":[-13.144463647586281,15.693343434747012]}"
-0.49184048,51,0,train,"{""geodesic"":false,""type"":""Point"",""coordinates"":[-13.060381336992695,15.605218705374886]}"
-0.4824765,24,0,train,"{""geodesic"":false,""type"":""Point"",""coordinates"":[-13.202404983411991,15.773113831976826]}"
-0.48443574,81,0,train,"{""geodesic"":false,""type"":""Point"",""coordinates"":[-13.44818404514709,15.447833867597147]}"
-0.37380028,24,0,train,"{""geodesic"":false,""type"":""Point"",""coordinates"":[-13.223695055645623,15.794134409625222]}"
-0.38438463,43,0,train,"{""geodesic"":false,""type"":""Point"",""coordinates"":[-13.030197943446279,15.742121954674703]}"
-0.4631795,49,0,test,"{""geodesic"":false,""type"":""Point"",""coordinates"":[-13.158746860603783,15.76044758647074]}"
-0.5167668,14,0,test,"{""geodesic"":false,""type"":""Point"",""coordinates"":[-13.388895236395204,15.836714554092488]}"
-0.43876615,45,0,train,"{""geodesic"":false,""type"":""Point"",""coordinates"":[-13.042594694367128,15.710860582787342]}"
-0.46937257,44,0,train,"{""geodesic"":false,""type"":""Point"",""coordinates"":[-13.461119785238413,15.741313470918994]}"
-0.28247374,17,0,train,"{""geodesic"":false,""type"":""Point"",""coordinates"":[-13.280827907715626,15.746433868038476]}"
-0.54187876,40,0,train,"{""geodesic"":false,""type"":""Point"",""coordinates"":[-13.160633322700432,15.384233145481485]}"
-0.50878394,34,0,train,"{""geodesic"":false,""type"":""Point"",""coordinates"":[-13.393476644344213,15.541078994088753]}"
-0.33597773,40,0,test,"{""geodesic"":false,""type"":""Point"",""coordinates"":[-13.278941445618974,15.47424433695026]}"
-0.4096932,54,0,train,"{""geodesic"":false,""type"":""Point"",""coordinates"":[-13.073047582498779,15.644025925648851]}"
-0.48638892,72,0,train,"{""geodesic"":false,""type"":""Point"",""coordinates"":[-13.389973214736147,15.42816076287493]}"
-0.5239083,46,0,train,"{""geodesic"":false,""type"":""Point"",""coordinates"":[-13.014028268332128,15.57126238763517]}"
-0.44184887,55,0,train,"{""geodesic"":false,""type"":""Point"",""coordinates"":[-12.995163647365617,15.767454445686873]}"
-0.44338903,42,0,train,"{""geodesic"":false,""type"":""Point"",""coordinates"":[-13.064423755771232,15.607105167471538]}"
-0.45168042,34,0,train,"{""geodesic"":false,""type"":""Point"",""coordinates"":[-13.138534766711093,15.723257333708192]}"
-0.4266017,53,0,train,"{""geodesic"":false,""type"":""Point"",""coordinates"":[-13.237978268663124,15.426004806193042]}"
-0.40779048,32,0,train,"{""geodesic"":false,""type"":""Point"",""coordinates"":[-13.383774839275722,15.666663470808663]}"
-0.4597079,52,0,train,"{""geodesic"":false,""type"":""Point"",""coordinates"":[-13.069005163720242,15.823239824830695]}"
-0.4128247,38,0,train,"{""geodesic"":false,""type"":""Point"",""coordinates"":[-13.202674477997226,15.44891184593809]}"
-0.40416005,55,0,train,"{""geodesic"":false,""type"":""Point"",""coordinates"":[-13.374073034207232,15.435437116676297]}"
-0.3502181,62,0,train,"{""geodesic"":false,""type"":""Point"",""coordinates"":[-12.995972131121325,15.672322857098616]}"
-0.29226983,17,0,train,"{""geodesic"":false,""type"":""Point"",""coordinates"":[-13.10430895438614,15.545660402037763]}"
-0.12474506,13,0,train,"{""geodesic"":false,""type"":""Point"",""coordinates"":[-13.256842889629633,15.59524740572116]}"
-0.3251854,17,0,train,"{""geodesic"":false,""type"":""Point"",""coordinates"":[-13.06711870162359,15.471279896512666]}"
-0.29155797,21,0,train,"{""geodesic"":false,""type"":""Point"",""coordinates"":[-13.09838007351095,15.490414012064413]}"
-0.34663963,65,0,test,"{""geodesic"":false,""type"":""Point"",""coordinates"":[-13.14581112051246,15.78389361538626]}"
-0.30515358,19,0,test,"{""geodesic"":false,""type"":""Point"",""coordinates"":[-13.106464911068025,15.543773939941111]}"
-0.3842249,33,0,train,"{""geodesic"":false,""type"":""Point"",""coordinates"":[-13.230701914861756,15.47370534777979]}"
-0.5333121,62,0,train,"{""geodesic"":false,""type"":""Point"",""coordinates"":[-13.004595957848872,15.631090185557529]}"
-0.32716107,18,0,train,"{""geodesic"":false,""type"":""Point"",""coordinates"":[-13.077090001277318,15.577460763095594]}"
-0.42845032,21,0,test,"{""geodesic"":false,""type"":""Point"",""coordinates"":[-13.334187835592324,15.540809499503517]}"
-0.2926827,56,0,train,"{""geodesic"":false,""type"":""Point"",""coordinates"":[-13.087061300931044,15.80545318220513]}"
-0.33927125,52,0,train,"{""geodesic"":false,""type"":""Point"",""coordinates"":[-13.35008801612124,15.462117080614647]}"
-0.45216337,61,0,train,"{""geodesic"":false,""type"":""Point"",""coordinates"":[-13.421234586623505,15.512243073468516]}"
-0.39058962,35,0,train,"{""geodesic"":false,""type"":""Point"",""coordinates"":[-13.298614550341192,15.51520751390611]}"
-0.28743768,23,0,train,"{""geodesic"":false,""type"":""Point"",""coordinates"":[-13.247680073731615,15.670975384172436]}"
-0.09221009,16,0,train,"{""geodesic"":false,""type"":""Point"",""coordinates"":[-13.366527185820628,15.722448849952485]}"
-0.4682368,50,0,train,"{""geodesic"":false,""type"":""Point"",""coordinates"":[-13.10161400853378,15.831863651558242]}"
-0.425001,72,0,train,"{""geodesic"":false,""type"":""Point"",""coordinates"":[-13.459502817726998,15.61680697254003]}"
-0.45895976,58,0,train,"{""geodesic"":false,""type"":""Point"",""coordinates"":[-13.420156608282563,15.64672087150121]}"
-0.3983156,62,0,train,"{""geodesic"":false,""type"":""Point"",""coordinates"":[-13.137187293784914,15.798446322988996]}"
-0.45459408,33,0,train,"{""geodesic"":false,""type"":""Point"",""coordinates"":[-13.176802997814585,15.687953543042294]}"
-0.38824713,62,0,train,"{""geodesic"":false,""type"":""Point"",""coordinates"":[-13.001362022826042,15.607105167471538]}"
-0.52936167,72,0,train,"{""geodesic"":false,""type"":""Point"",""coordinates"":[-12.990312744831371,15.646451376915973]}"
-0.4599087,27,0,test,"{""geodesic"":false,""type"":""Point"",""coordinates"":[-13.326911481790956,15.570723398464697]}"
-0.29548773,37,0,train,"{""geodesic"":false,""type"":""Point"",""coordinates"":[-13.231240904032227,15.482598669092573]}"
-0.3002063,54,0,train,"{""geodesic"":false,""type"":""Point"",""coordinates"":[-13.35601689699643,15.597133867817812]}"
-0.45918167,83,0,train,"{""geodesic"":false,""type"":""Point"",""coordinates"":[-12.980341445177645,15.83860101618914]}"
-0.4305572,53,0,train,"{""geodesic"":false,""type"":""Point"",""coordinates"":[-13.183809857030717,15.804105709278948]}"
-0.31945762,18,0,train,"{""geodesic"":false,""type"":""Point"",""coordinates"":[-13.277054983522323,15.707896142349748]}"
-0.360363,30,0,train,"{""geodesic"":false,""type"":""Point"",""coordinates"":[-13.341733683978928,15.523561846048423]}"
-0.3998567,82,0,train,"{""geodesic"":false,""type"":""Point"",""coordinates"":[-13.400214008975109,15.388814553430494]}"
-0.3916598,74,0,train,"{""geodesic"":false,""type"":""Point"",""coordinates"":[-12.985461842297125,15.649415817353567]}"
-0.53295213,83,0,train,"{""geodesic"":false,""type"":""Point"",""coordinates"":[-13.433900832129591,15.436245600432004]}"
-0.2796945,51,0,train,"{""geodesic"":false,""type"":""Point"",""coordinates"":[-13.108620867749913,15.829168705705884]}"
-0.42680138,61,0,train,"{""geodesic"":false,""type"":""Point"",""coordinates"":[-13.435517799641007,15.627317261364228]}"
-0.33448175,70,0,train,"{""geodesic"":false,""type"":""Point"",""coordinates"":[-13.032892889298637,15.807878633472251]}"
-0.39876524,30,0,train,"{""geodesic"":false,""type"":""Point"",""coordinates"":[-13.165753719819914,15.639983506870312]}"
-0.3787874,48,0,train,"{""geodesic"":false,""type"":""Point"",""coordinates"":[-13.373803539621996,15.6173459617105]}"
-0.46404532,52,0,train,"{""geodesic"":false,""type"":""Point"",""coordinates"":[-13.029928448861043,15.624352820926633]}"
-0.42008063,54,0,train,"{""geodesic"":false,""type"":""Point"",""coordinates"":[-13.258459857141048,15.451337297205212]}"
-0.42069522,20,0,train,"{""geodesic"":false,""type"":""Point"",""coordinates"":[-13.380271409667657,15.820814373563572]}"
-0.30007544,18,0,train,"{""geodesic"":false,""type"":""Point"",""coordinates"":[-13.301578990778786,15.780390185778193]}"
-0.4681394,52,0,train,"{""geodesic"":false,""type"":""Point"",""coordinates"":[-13.010255344138825,15.58689307357885]}"
-0.45703322,58,0,train,"{""geodesic"":false,""type"":""Point"",""coordinates"":[-13.145272131341988,15.69738585352555]}"
-0.4716112,25,0,train,"{""geodesic"":false,""type"":""Point"",""coordinates"":[-13.047984586071845,15.485832604115403]}"
-0.40746433,22,0,train,"{""geodesic"":false,""type"":""Point"",""coordinates"":[-13.205369423849586,15.82485679234211]}"
-0.4851853,48,0,train,"{""geodesic"":false,""type"":""Point"",""coordinates"":[-13.123443069937885,15.7097826044464]}"
-0.47169423,78,0,train,"{""geodesic"":false,""type"":""Point"",""coordinates"":[-13.44818404514709,15.460500113103231]}"
-0.32043275,50,0,test,"{""geodesic"":false,""type"":""Point"",""coordinates"":[-13.339577727297042,15.467506972319365]}"
-0.28869143,20,0,train,"{""geodesic"":false,""type"":""Point"",""coordinates"":[-13.228006969009398,15.68957051055371]}"
-0.4002548,47,0,train,"{""geodesic"":false,""type"":""Point"",""coordinates"":[-12.996780614877032,15.752362748913665]}"
-0.4503401,19,0,train,"{""geodesic"":false,""type"":""Point"",""coordinates"":[-13.179497943666943,15.630820690972293]}"
-0.43505204,59,0,train,"{""geodesic"":false,""type"":""Point"",""coordinates"":[-13.046637113145666,15.687145059286587]}"
-0.44308594,26,0,train,"{""geodesic"":false,""type"":""Point"",""coordinates"":[-13.455190904363224,15.818927911466922]}"
-0.3747636,68,0,train,"{""geodesic"":false,""type"":""Point"",""coordinates"":[-13.459772312312234,15.71625047449206]}"
-0.44524306,34,0,test,"{""geodesic"":false,""type"":""Point"",""coordinates"":[-13.150123033876234,15.631629174728001]}"
-0.44271216,70,0,train,"{""geodesic"":false,""type"":""Point"",""coordinates"":[-13.427971951254403,15.472627369438845]}"
-0.4328395,32,0,train,"{""geodesic"":false,""type"":""Point"",""coordinates"":[-13.161172311870905,15.675826286706682]}"
-0.5024876,50,0,train,"{""geodesic"":false,""type"":""Point"",""coordinates"":[-13.436865272567186,15.748050835549892]}"
-0.3727382,35,0,train,"{""geodesic"":false,""type"":""Point"",""coordinates"":[-13.22908494735034,15.475322315291205]}"
-0.481731,67,0,test,"{""geodesic"":false,""type"":""Point"",""coordinates"":[-13.005943430775051,15.682294156752342]}"
-0.3729965,50,0,train,"{""geodesic"":false,""type"":""Point"",""coordinates"":[-13.327450470961429,15.480442712410685]}"
-0.22691667,20,0,test,"{""geodesic"":false,""type"":""Point"",""coordinates"":[-13.317748665892937,15.78901401250574]}"
-0.41866672,40,0,train,"{""geodesic"":false,""type"":""Point"",""coordinates"":[-12.990851734001843,15.737001557555221]}"
-0.49849433,58,0,test,"{""geodesic"":false,""type"":""Point"",""coordinates"":[-13.242020687441661,15.42357935492592]}"
-0.26036406,21,0,train,"{""geodesic"":false,""type"":""Point"",""coordinates"":[-13.098649568096185,15.441365997551486]}"
-0.5005969,73,0,test,"{""geodesic"":false,""type"":""Point"",""coordinates"":[-13.459233323141762,15.412260582346013]}"
-0.41470885,81,0,test,"{""geodesic"":false,""type"":""Point"",""coordinates"":[-13.367335669576335,15.381807694214363]}"
-0.4693732,57,0,train,"{""geodesic"":false,""type"":""Point"",""coordinates"":[-12.995163647365617,15.782815637045317]}"
-0.2598753,19,0,train,"{""geodesic"":false,""type"":""Point"",""coordinates"":[-13.174916535717934,15.604679716204416]}"
-0.40747762,79,0,train,"{""geodesic"":false,""type"":""Point"",""coordinates"":[-13.453304442266573,15.60764415664201]}"
-0.4579336,53,0,test,"{""geodesic"":false,""type"":""Point"",""coordinates"":[-13.05418296153227,15.82162285731928]}"
-0.44926918,41,0,train,"{""geodesic"":false,""type"":""Point"",""coordinates"":[-13.184079351615953,15.807609138887015]}"
-0.4951533,52,0,train,"{""geodesic"":false,""type"":""Point"",""coordinates"":[-13.420156608282563,15.486102098700638]}"
-0.51683396,69,0,train,"{""geodesic"":false,""type"":""Point"",""coordinates"":[-12.986000831467598,15.65372773071734]}"
-0.5344017,83,0,train,"{""geodesic"":false,""type"":""Point"",""coordinates"":[-13.435517799641007,15.440288019210543]}"
-0.46173066,54,0,test,"{""geodesic"":false,""type"":""Point"",""coordinates"":[-13.105386932727082,15.657500654910644]}"
-0.46896917,33,0,test,"{""geodesic"":false,""type"":""Point"",""coordinates"":[-13.171682600695103,15.753710221839844]}"
-0.43561843,55,0,train,"{""geodesic"":false,""type"":""Point"",""coordinates"":[-13.212106788480481,15.421153903658796]}"
-0.41978225,26,0,test,"{""geodesic"":false,""type"":""Point"",""coordinates"":[-13.257920867970578,15.518441448928941]}"
-0.41734532,33,0,train,"{""geodesic"":false,""type"":""Point"",""coordinates"":[-13.06657971245312,15.716519969077297]}"
-0.43976575,41,0,train,"{""geodesic"":false,""type"":""Point"",""coordinates"":[-13.405064911509355,15.558326647543847]}"
-0.19259892,16,0,train,"{""geodesic"":false,""type"":""Point"",""coordinates"":[-13.307507871653975,15.773383326562062]}"
-0.4951565,56,0,train,"{""geodesic"":false,""type"":""Point"",""coordinates"":[-13.437943250908129,15.53272466194644]}"
-0.44422495,46,0,train,"{""geodesic"":false,""type"":""Point"",""coordinates"":[-13.40533440609459,15.484485131189222]}"
-0.31071478,22,0,train,"{""geodesic"":false,""type"":""Point"",""coordinates"":[-13.10619541648279,15.469393434416014]}"
-0.35228732,62,0,train,"{""geodesic"":false,""type"":""Point"",""coordinates"":[-13.347123575683646,15.484485131189222]}"
-0.5473837,80,0,train,"{""geodesic"":false,""type"":""Point"",""coordinates"":[-12.9754905426434,15.640253001455548]}"
-0.41140956,23,0,train,"{""geodesic"":false,""type"":""Point"",""coordinates"":[-13.198362564633452,15.626778272193755]}"
-0.4274191,79,0,train,"{""geodesic"":false,""type"":""Point"",""coordinates"":[-13.346045597342702,15.375339824168702]}"
-0.4919824,58,0,train,"{""geodesic"":false,""type"":""Point"",""coordinates"":[-13.134492347932555,15.799524301329939]}"
-0.40949327,19,0,train,"{""geodesic"":false,""type"":""Point"",""coordinates"":[-13.224234044816095,15.687145059286587]}"
-0.43848252,48,0,train,"{""geodesic"":false,""type"":""Point"",""coordinates"":[-13.076012022936373,15.82674325443876]}"
-0.40986028,42,0,train,"{""geodesic"":false,""type"":""Point"",""coordinates"":[-13.306160398727796,15.500115817132903]}"
-0.4547857,85,0,train,"{""geodesic"":false,""type"":""Point"",""coordinates"":[-13.299962023267371,15.377495780850587]}"
-0.41147506,47,0,train,"{""geodesic"":false,""type"":""Point"",""coordinates"":[-13.088947763027695,15.69145697265036]}"
-0.45634636,46,0,train,"{""geodesic"":false,""type"":""Point"",""coordinates"":[-13.174647041132697,15.696577369769843]}"
-0.38030088,27,0,test,"{""geodesic"":false,""type"":""Point"",""coordinates"":[-13.398597041463693,15.681485672996635]}"
-0.5434495,21,0,train,"{""geodesic"":false,""type"":""Point"",""coordinates"":[-13.386200290542845,15.822431341074987]}"
-0.46560797,47,0,train,"{""geodesic"":false,""type"":""Point"",""coordinates"":[-13.105656427312319,15.707896142349748]}"
-0.45205754,61,0,train,"{""geodesic"":false,""type"":""Point"",""coordinates"":[-13.20051852131534,15.724335312049135]}"
-0.4473979,74,0,train,"{""geodesic"":false,""type"":""Point"",""coordinates"":[-13.018609676281136,15.58231166562984]}"
-0.48456758,41,0,train,"{""geodesic"":false,""type"":""Point"",""coordinates"":[-13.418000651600677,15.778503723681542]}"
-0.26224336,17,0,test,"{""geodesic"":false,""type"":""Point"",""coordinates"":[-13.021304622133496,15.463195058955591]}"
-0.34487095,13,0,train,"{""geodesic"":false,""type"":""Point"",""coordinates"":[-13.270048124306191,15.62004090756286]}"
-0.34941584,38,0,train,"{""geodesic"":false,""type"":""Point"",""coordinates"":[-13.150931517631943,15.7383490304814]}"
-0.48784968,49,0,train,"{""geodesic"":false,""type"":""Point"",""coordinates"":[-13.454651915192752,15.749128813890835]}"
-0.3912249,22,0,train,"{""geodesic"":false,""type"":""Point"",""coordinates"":[-13.387008774298552,15.702775745230268]}"
-0.48720846,63,0,train,"{""geodesic"":false,""type"":""Point"",""coordinates"":[-13.445219604709497,15.472896864024081]}"
-0.5493366,52,0,test,"{""geodesic"":false,""type"":""Point"",""coordinates"":[-12.959051372944012,15.792517442113807]}"
-0.45827127,53,0,train,"{""geodesic"":false,""type"":""Point"",""coordinates"":[-13.411532781555016,15.50739217093427]}"
-0.4150232,27,0,train,"{""geodesic"":false,""type"":""Point"",""coordinates"":[-13.151201012217179,15.649146322768331]}"
-0.4177944,22,0,test,"{""geodesic"":false,""type"":""Point"",""coordinates"":[-13.1002665356076,15.399324842254693]}"
-0.50187254,78,0,test,"{""geodesic"":false,""type"":""Point"",""coordinates"":[-13.450070507243742,15.47559180987644]}"
-0.49225363,62,0,train,"{""geodesic"":false,""type"":""Point"",""coordinates"":[-13.006482419945524,15.664777008712012]}"
-0.5009399,59,0,test,"{""geodesic"":false,""type"":""Point"",""coordinates"":[-13.218305163940906,15.389892531771437]}"
-0.082390346,16,0,train,"{""geodesic"":false,""type"":""Point"",""coordinates"":[-13.324755525109069,15.663429535785832]}"
-0.49106127,39,0,train,"{""geodesic"":false,""type"":""Point"",""coordinates"":[-13.433361842959119,15.768532424027816]}"
-0.6155561,17,0,train,"{""geodesic"":false,""type"":""Point"",""coordinates"":[-13.111046319017035,15.505236214252385]}"
-0.50034744,30,0,train,"{""geodesic"":false,""type"":""Point"",""coordinates"":[-13.162250290211848,15.421962387414505]}"
-0.35294753,48,0,train,"{""geodesic"":false,""type"":""Point"",""coordinates"":[-13.12829397247213,15.806800655131308]}"
-0.5683066,32,0,train,"{""geodesic"":false,""type"":""Point"",""coordinates"":[-13.112393791943214,15.399055347669456]}"
-0.5167834,46,0,test,"{""geodesic"":false,""type"":""Point"",""coordinates"":[-13.433092348373885,15.755596683936496]}"
-0.38158014,58,0,train,"{""geodesic"":false,""type"":""Point"",""coordinates"":[-13.055260939873213,15.801680258011826]}"
-0.4090693,52,0,train,"{""geodesic"":false,""type"":""Point"",""coordinates"":[-12.962015813381607,15.805183687619893]}"
-0.4007023,82,0,train,"{""geodesic"":false,""type"":""Point"",""coordinates"":[-13.400214008975109,15.393126466794268]}"
-0.48873597,63,0,test,"{""geodesic"":false,""type"":""Point"",""coordinates"":[-13.224503539401331,15.400941809766108]}"
-0.49568567,47,0,test,"{""geodesic"":false,""type"":""Point"",""coordinates"":[-13.016723214184486,15.563986033833801]}"
-0.3562449,35,0,train,"{""geodesic"":false,""type"":""Point"",""coordinates"":[-13.34362014607558,15.602254264937292]}"
-0.48145524,65,0,train,"{""geodesic"":false,""type"":""Point"",""coordinates"":[-13.315053720040579,15.405523217715118]}"
-0.5006942,48,0,train,"{""geodesic"":false,""type"":""Point"",""coordinates"":[-13.345506608172231,15.498768344206724]}"
-0.26392162,14,0,test,"{""geodesic"":false,""type"":""Point"",""coordinates"":[-13.09972754643713,15.58743206274932]}"
-0.41297552,62,0,train,"{""geodesic"":false,""type"":""Point"",""coordinates"":[-13.44441112095379,15.557787658373377]}"
-0.46313187,48,0,train,"{""geodesic"":false,""type"":""Point"",""coordinates"":[-12.963363286307786,15.768532424027816]}"
-0.52585083,45,0,test,"{""geodesic"":false,""type"":""Point"",""coordinates"":[-13.043403178122835,15.624891810097104]}"
-0.4574424,57,0,test,"{""geodesic"":false,""type"":""Point"",""coordinates"":[-13.153356968899065,15.693882423917485]}"
-0.39314693,23,0,test,"{""geodesic"":false,""type"":""Point"",""coordinates"":[-13.338769243541334,15.549433326231064]}"
-0.5545518,28,0,train,"{""geodesic"":false,""type"":""Point"",""coordinates"":[-13.453304442266573,15.794942893380929]}"
-0.067813374,18,0,train,"{""geodesic"":false,""type"":""Point"",""coordinates"":[-13.275168521425671,15.616267983369557]}"
-0.10494559,16,0,train,"{""geodesic"":false,""type"":""Point"",""coordinates"":[-13.336343792274212,15.7383490304814]}"
-0.51626724,60,0,train,"{""geodesic"":false,""type"":""Point"",""coordinates"":[-13.44117718593096,15.51655498683229]}"
-0.054535147,16,0,train,"{""geodesic"":false,""type"":""Point"",""coordinates"":[-13.244985127879255,15.596864373232576]}"
-0.5463097,20,0,train,"{""geodesic"":false,""type"":""Point"",""coordinates"":[-13.215071228918076,15.687145059286587]}"
-0.53067183,52,0,train,"{""geodesic"":false,""type"":""Point"",""coordinates"":[-13.19728458629251,15.386658596748607]}"
-0.4228642,43,0,test,"{""geodesic"":false,""type"":""Point"",""coordinates"":[-13.365988196650155,15.461578091444176]}"
-0.4886444,60,0,test,"{""geodesic"":false,""type"":""Point"",""coordinates"":[-13.078976463373968,15.653997225302577]}"
-0.3053742,17,0,train,"{""geodesic"":false,""type"":""Point"",""coordinates"":[-13.292955164051238,15.72999469833909]}"
-0.34375623,47,0,train,"{""geodesic"":false,""type"":""Point"",""coordinates"":[-13.127754983301658,15.774461304903005]}"
-0.46710435,78,0,train,"{""geodesic"":false,""type"":""Point"",""coordinates"":[-13.310202817506333,15.447025383841439]}"
-0.45807573,47,0,train,"{""geodesic"":false,""type"":""Point"",""coordinates"":[-13.414766716577846,15.489605528308704]}"
-0.39491996,24,0,train,"{""geodesic"":false,""type"":""Point"",""coordinates"":[-13.262232781334351,15.807339644301779]}"
-0.37637252,16,0,train,"{""geodesic"":false,""type"":""Point"",""coordinates"":[-13.273282059329022,15.556440185447197]}"
-0.37084535,47,0,train,"{""geodesic"":false,""type"":""Point"",""coordinates"":[-13.144194153001045,15.761256070226448]}"
-0.5883863,24,0,train,"{""geodesic"":false,""type"":""Point"",""coordinates"":[-13.417192167844968,15.82809072736494]}"
-0.33507186,22,0,train,"{""geodesic"":false,""type"":""Point"",""coordinates"":[-13.103230976045195,15.56209957173715]}"
-0.6557799,26,0,train,"{""geodesic"":false,""type"":""Point"",""coordinates"":[-13.06981364747595,15.46912393983078]}"
-0.4583324,41,0,train,"{""geodesic"":false,""type"":""Point"",""coordinates"":[-13.399136030634166,15.491491990405356]}"
-0.62591153,26,0,train,"{""geodesic"":false,""type"":""Point"",""coordinates"":[-13.191086210832085,15.506314192593328]}"
-0.29051968,26,0,train,"{""geodesic"":false,""type"":""Point"",""coordinates"":[-13.344159135246052,15.564255528419038]}"
-0.41282213,48,0,test,"{""geodesic"":false,""type"":""Point"",""coordinates"":[-13.063076282845053,15.70196726147456]}"
-0.5029259,22,0,train,"{""geodesic"":false,""type"":""Point"",""coordinates"":[-13.12829397247213,15.431664192482996]}"
-0.45598233,29,0,train,"{""geodesic"":false,""type"":""Point"",""coordinates"":[-13.133683864176847,15.653997225302577]}"
-0.3063486,19,0,train,"{""geodesic"":false,""type"":""Point"",""coordinates"":[-13.133144875006376,15.50873964386045]}"
-0.42122516,82,0,train,"{""geodesic"":false,""type"":""Point"",""coordinates"":[-13.420695597453035,15.446486394670968]}"
-0.3618798,63,0,train,"{""geodesic"":false,""type"":""Point"",""coordinates"":[-12.998128087803211,15.674478813780501]}"
-0.5804907,25,0,test,"{""geodesic"":false,""type"":""Point"",""coordinates"":[-13.203482961752934,15.500385311718139]}"
-0.44750336,57,0,train,"{""geodesic"":false,""type"":""Point"",""coordinates"":[-13.014567257502598,15.599559319084934]}"
-0.4553775,34,0,test,"{""geodesic"":false,""type"":""Point"",""coordinates"":[-13.390781698491855,15.556979174617668]}"
-0.39742354,74,0,train,"{""geodesic"":false,""type"":""Point"",""coordinates"":[-13.317209676722465,15.451876286375684]}"
-0.433256,20,0,train,"{""geodesic"":false,""type"":""Point"",""coordinates"":[-13.221539098963737,15.641061485211257]}"
-0.38653564,23,0,train,"{""geodesic"":false,""type"":""Point"",""coordinates"":[-13.262771770504823,15.721640366196777]}"
-0.48855948,77,0,train,"{""geodesic"":false,""type"":""Point"",""coordinates"":[-13.31101130126204,15.386389102163372]}"
-0.28719944,22,0,train,"{""geodesic"":false,""type"":""Point"",""coordinates"":[-13.23690029032218,15.794134409625222]}"
-0.46494502,48,0,train,"{""geodesic"":false,""type"":""Point"",""coordinates"":[-13.185426824542132,15.72083188244107]}"
-0.39280012,55,0,train,"{""geodesic"":false,""type"":""Point"",""coordinates"":[-13.230971409446992,15.732959138776684]}"
-0.50513715,71,0,train,"{""geodesic"":false,""type"":""Point"",""coordinates"":[-13.303465452875438,15.443521954233374]}"
-0.48356196,30,0,test,"{""geodesic"":false,""type"":""Point"",""coordinates"":[-13.04178621061142,15.569645420123754]}"
-0.3787181,86,0,train,"{""geodesic"":false,""type"":""Point"",""coordinates"":[-13.235283322810766,15.379921232117711]}"
-0.6027336,23,0,test,"{""geodesic"":false,""type"":""Point"",""coordinates"":[-13.386200290542845,15.821083868148808]}"
-0.46806985,32,0,train,"{""geodesic"":false,""type"":""Point"",""coordinates"":[-13.245793611634964,15.824317803171638]}"
-0.4692119,41,0,train,"{""geodesic"":false,""type"":""Point"",""coordinates"":[-13.052565994020854,15.619232423807151]}"
-0.4022741,57,0,test,"{""geodesic"":false,""type"":""Point"",""coordinates"":[-13.081671409226328,15.771766359050646]}"
-0.43962413,29,0,train,"{""geodesic"":false,""type"":""Point"",""coordinates"":[-13.272473575573313,15.519519427269884]}"
-0.42668143,17,0,train,"{""geodesic"":false,""type"":""Point"",""coordinates"":[-13.040708232270477,15.524100835218894]}"
-0.38033566,75,0,train,"{""geodesic"":false,""type"":""Point"",""coordinates"":[-12.992199206928023,15.797637839233289]}"
-0.4796105,56,0,test,"{""geodesic"":false,""type"":""Point"",""coordinates"":[-13.429049929595346,15.489336033723468]}"
-0.354959,23,0,train,"{""geodesic"":false,""type"":""Point"",""coordinates"":[-13.25118350333968,15.800332785085647]}"
-0.3268097,31,0,train,"{""geodesic"":false,""type"":""Point"",""coordinates"":[-13.358172853678315,15.632168163898472]}"
-0.37080845,26,0,train,"{""geodesic"":false,""type"":""Point"",""coordinates"":[-13.32152159008624,15.516285492247054]}"
-0.4914417,71,0,train,"{""geodesic"":false,""type"":""Point"",""coordinates"":[-13.42231256496445,15.581503181874131]}"
-0.34813666,67,0,train,"{""geodesic"":false,""type"":""Point"",""coordinates"":[-13.044211661878544,15.770418886124467]}"
-0.47743213,49,0,train,"{""geodesic"":false,""type"":""Point"",""coordinates"":[-12.96767519967156,15.720023398685361]}"
-0.5614607,29,0,train,"{""geodesic"":false,""type"":""Point"",""coordinates"":[-13.183270867860244,15.48340715284828]}"
-0.4400404,73,0,train,"{""geodesic"":false,""type"":""Point"",""coordinates"":[-13.338499748956098,15.396360401817098]}"
-0.47192582,43,0,train,"{""geodesic"":false,""type"":""Point"",""coordinates"":[-13.064693250356468,15.635671593506538]}"
-0.36248612,47,0,train,"{""geodesic"":false,""type"":""Point"",""coordinates"":[-13.433361842959119,15.784971593727203]}"
-0.40175143,18,0,train,"{""geodesic"":false,""type"":""Point"",""coordinates"":[-13.216418701844255,15.686606070116115]}"
-0.53022826,72,0,train,"{""geodesic"":false,""type"":""Point"",""coordinates"":[-13.45734686104511,15.380999210458654]}"
-0.40232763,48,0,train,"{""geodesic"":false,""type"":""Point"",""coordinates"":[-13.369491626258222,15.444599932574317]}"
-0.48023695,70,0,train,"{""geodesic"":false,""type"":""Point"",""coordinates"":[-13.455190904363224,15.48798856079729]}"
-0.5235637,79,0,train,"{""geodesic"":false,""type"":""Point"",""coordinates"":[-12.998397582388447,15.811921052250788]}"
-0.4185968,68,0,train,"{""geodesic"":false,""type"":""Point"",""coordinates"":[-13.11266328652845,15.67393982461003]}"
-0.3315454,15,0,test,"{""geodesic"":false,""type"":""Point"",""coordinates"":[-13.17518603030317,15.607374662056774]}"
-0.34267431,19,0,train,"{""geodesic"":false,""type"":""Point"",""coordinates"":[-13.25899884631152,15.666663470808663]}"
-0.39971614,36,0,train,"{""geodesic"":false,""type"":""Point"",""coordinates"":[-13.284600831908927,15.518171954343705]}"
-0.4827063,23,0,train,"{""geodesic"":false,""type"":""Point"",""coordinates"":[-13.15820787143331,15.630551196387058]}"
-0.5337552,33,0,train,"{""geodesic"":false,""type"":""Point"",""coordinates"":[-13.39105119307709,15.540270510333045]}"
-0.53940415,15,0,train,"{""geodesic"":false,""type"":""Point"",""coordinates"":[-13.046906607730902,15.379921232117711]}"
-0.22056773,17,0,train,"{""geodesic"":false,""type"":""Point"",""coordinates"":[-13.221000109793264,15.788744517920506]}"
-0.4209021,32,0,train,"{""geodesic"":false,""type"":""Point"",""coordinates"":[-13.20509992926435,15.817310943955507]}"
-0.44400674,60,0,test,"{""geodesic"":false,""type"":""Point"",""coordinates"":[-13.019418160036844,15.695499391428898]}"
-0.12965547,20,0,train,"{""geodesic"":false,""type"":""Point"",""coordinates"":[-13.352782961973599,15.691726467235597]}"
-0.4505531,35,0,train,"{""geodesic"":false,""type"":""Point"",""coordinates"":[-13.167101192746093,15.392856972209032]}"
-0.48791972,40,0,test,"{""geodesic"":false,""type"":""Point"",""coordinates"":[-13.014297762917362,15.549433326231064]}"
-0.4698762,34,0,train,"{""geodesic"":false,""type"":""Point"",""coordinates"":[-13.393476644344213,15.556170690861961]}"
-0.43286788,66,0,train,"{""geodesic"":false,""type"":""Point"",""coordinates"":[-13.017801192525429,15.61222556459102]}"
-0.42793104,27,0,test,"{""geodesic"":false,""type"":""Point"",""coordinates"":[-13.176802997814585,15.66423801954154]}"
-0.45974243,43,0,train,"{""geodesic"":false,""type"":""Point"",""coordinates"":[-13.06253729367458,15.734845600873333]}"
-0.5024667,43,0,train,"{""geodesic"":false,""type"":""Point"",""coordinates"":[-13.040708232270477,15.623005348000454]}"
-0.31191602,21,0,train,"{""geodesic"":false,""type"":""Point"",""coordinates"":[-13.359520326604494,15.70843513152022]}"
-0.3597564,70,0,train,"{""geodesic"":false,""type"":""Point"",""coordinates"":[-13.449262023488036,15.573418344317055]}"
-0.45184052,34,0,train,"{""geodesic"":false,""type"":""Point"",""coordinates"":[-13.186774297468311,15.736462568384749]}"
-0.3996453,33,0,train,"{""geodesic"":false,""type"":""Point"",""coordinates"":[-13.229893431106047,15.458344156421346]}"
-0.31173694,25,0,train,"{""geodesic"":false,""type"":""Point"",""coordinates"":[-13.045559134804723,15.399324842254693]}"
-0.47322446,42,0,train,"{""geodesic"":false,""type"":""Point"",""coordinates"":[-13.09514613848812,15.726760763316259]}"
-0.49997172,82,0,train,"{""geodesic"":false,""type"":""Point"",""coordinates"":[-13.440907691345723,15.42681328994875]}"
-0.37503216,39,0,train,"{""geodesic"":false,""type"":""Point"",""coordinates"":[-13.39751906312275,15.573687838902291]}"
-0.4757396,45,0,train,"{""geodesic"":false,""type"":""Point"",""coordinates"":[-13.369222131672986,15.453223759301864]}"
-0.43427205,40,0,train,"{""geodesic"":false,""type"":""Point"",""coordinates"":[-13.066310217867883,15.630281701801822]}"
-0.48774046,22,0,train,"{""geodesic"":false,""type"":""Point"",""coordinates"":[-13.245793611634964,15.777425745340599]}"
-0.33182603,71,0,test,"{""geodesic"":false,""type"":""Point"",""coordinates"":[-13.03397086763958,15.786319066653382]}"
-0.4287645,22,0,test,"{""geodesic"":false,""type"":""Point"",""coordinates"":[-13.224234044816095,15.645103903989794]}"
-0.40610707,23,0,train,"{""geodesic"":false,""type"":""Point"",""coordinates"":[-13.06846617454977,15.386658596748607]}"
-0.51514864,78,0,train,"{""geodesic"":false,""type"":""Point"",""coordinates"":[-13.43659577798195,15.434898127505825]}"
-0.42925784,31,0,train,"{""geodesic"":false,""type"":""Point"",""coordinates"":[-13.25441743836251,15.507931160104743]}"
-0.46764117,41,0,train,"{""geodesic"":false,""type"":""Point"",""coordinates"":[-13.265466716357182,15.828899211120648]}"
-0.4388907,68,0,train,"{""geodesic"":false,""type"":""Point"",""coordinates"":[-13.379462925911948,15.409835131078891]}"
-0.4788744,79,0,test,"{""geodesic"":false,""type"":""Point"",""coordinates"":[-13.443872131783317,15.456457694324694]}"
-0.41801313,55,0,train,"{""geodesic"":false,""type"":""Point"",""coordinates"":[-13.1250600374493,15.758291629788854]}"
-0.4452143,87,0,train,"{""geodesic"":false,""type"":""Point"",""coordinates"":[-13.244176644123549,15.384233145481485]}"
-0.56385756,59,0,train,"{""geodesic"":false,""type"":""Point"",""coordinates"":[-13.00729090370123,15.62974271263135]}"
-0.51885474,23,0,test,"{""geodesic"":false,""type"":""Point"",""coordinates"":[-13.17114361152463,15.47747827197309]}"
-0.36842364,41,0,train,"{""geodesic"":false,""type"":""Point"",""coordinates"":[-13.168718160257509,15.82297033024546]}"
-0.4800117,78,0,train,"{""geodesic"":false,""type"":""Point"",""coordinates"":[-13.245793611634964,15.40148079893658]}"
-0.49901843,29,0,train,"{""geodesic"":false,""type"":""Point"",""coordinates"":[-13.414227727407374,15.790361485431921]}"
-0.30885652,50,0,train,"{""geodesic"":false,""type"":""Point"",""coordinates"":[-13.258459857141048,15.476130799046912]}"
-0.41438287,61,0,test,"{""geodesic"":false,""type"":""Point"",""coordinates"":[-13.392398666003269,15.465081521052241]}"
-0.5117574,54,0,train,"{""geodesic"":false,""type"":""Point"",""coordinates"":[-13.191894694587793,15.371836394560635]}"
-0.41747487,50,0,test,"{""geodesic"":false,""type"":""Point"",""coordinates"":[-12.989234766490428,15.724874301219607]}"
-0.46427417,20,0,train,"{""geodesic"":false,""type"":""Point"",""coordinates"":[-13.157668882262838,15.465620510222713]}"
-0.45258152,36,0,train,"{""geodesic"":false,""type"":""Point"",""coordinates"":[-13.209142348042887,15.43651509501724]}"
-0.4754662,62,0,train,"{""geodesic"":false,""type"":""Point"",""coordinates"":[-13.446297583050441,15.681216178411399]}"
-0.4837691,37,0,train,"{""geodesic"":false,""type"":""Point"",""coordinates"":[-13.194589640440151,15.44433043798908]}"
-0.39120838,49,0,train,"{""geodesic"":false,""type"":""Point"",""coordinates"":[-13.363562745383033,15.477208777387855]}"
-0.53924435,51,0,test,"{""geodesic"":false,""type"":""Point"",""coordinates"":[-13.377306969230062,15.465081521052241]}"
-0.5070849,84,0,train,"{""geodesic"":false,""type"":""Point"",""coordinates"":[-12.970639640109153,15.838062027018667]}"
-0.52484107,64,0,train,"{""geodesic"":false,""type"":""Point"",""coordinates"":[-13.239595236174539,15.411991087760779]}"
-0.4580416,73,0,train,"{""geodesic"":false,""type"":""Point"",""coordinates"":[-12.980880434348117,15.64860733359786]}"
-0.5002687,83,0,train,"{""geodesic"":false,""type"":""Point"",""coordinates"":[-13.437673756322893,15.454301737642806]}"
-0.46901938,42,0,train,"{""geodesic"":false,""type"":""Point"",""coordinates"":[-13.09568512765859,15.709243615275927]}"
-0.39262354,39,0,train,"{""geodesic"":false,""type"":""Point"",""coordinates"":[-13.033701373054344,15.726760763316259]}"
-0.44943392,84,0,train,"{""geodesic"":false,""type"":""Point"",""coordinates"":[-13.304273936631144,15.389892531771437]}"
-0.54964775,58,0,train,"{""geodesic"":false,""type"":""Point"",""coordinates"":[-13.066310217867883,15.651571774035455]}"
-0.33836693,22,0,test,"{""geodesic"":false,""type"":""Point"",""coordinates"":[-13.009985849553589,15.518171954343705]}"
-0.43995485,55,0,train,"{""geodesic"":false,""type"":""Point"",""coordinates"":[-13.236091806566472,15.430855708727288]}"
-0.40404537,21,0,train,"{""geodesic"":false,""type"":""Point"",""coordinates"":[-13.275168521425671,15.545660402037763]}"
-0.5353787,52,0,train,"{""geodesic"":false,""type"":""Point"",""coordinates"":[-13.043133683537599,15.603332243278237]}"
-0.425179,50,0,train,"{""geodesic"":false,""type"":""Point"",""coordinates"":[-13.054452456117506,15.83401960824013]}"
-0.30010614,18,0,train,"{""geodesic"":false,""type"":""Point"",""coordinates"":[-13.052565994020854,15.39824686391375]}"
-0.46959898,26,0,train,"{""geodesic"":false,""type"":""Point"",""coordinates"":[-13.188930254150197,15.752362748913665]}"
-0.4336837,29,0,train,"{""geodesic"":false,""type"":""Point"",""coordinates"":[-13.169526644013215,15.734576106288099]}"
-0.35801908,46,0,train,"{""geodesic"":false,""type"":""Point"",""coordinates"":[-13.133953358762083,15.386928091333843]}"
-0.46279964,71,0,train,"{""geodesic"":false,""type"":""Point"",""coordinates"":[-13.026964008423448,15.588510041090263]}"
-0.42706734,32,0,train,"{""geodesic"":false,""type"":""Point"",""coordinates"":[-13.130449929154016,15.658039644081114]}"
-0.544178,21,0,train,"{""geodesic"":false,""type"":""Point"",""coordinates"":[-13.077898485033025,15.462117080614647]}"
-0.37578508,52,0,test,"{""geodesic"":false,""type"":""Point"",""coordinates"":[-12.94934956787552,15.827012749023996]}"
-0.46158934,46,0,test,"{""geodesic"":false,""type"":""Point"",""coordinates"":[-12.95339198665406,15.78901401250574]}"
-0.50145334,49,0,train,"{""geodesic"":false,""type"":""Point"",""coordinates"":[-13.448453539732327,15.751554265157957]}"
-0.35802174,57,0,train,"{""geodesic"":false,""type"":""Point"",""coordinates"":[-13.38781725805426,15.47235787485361]}"
-0.31931663,31,0,train,"{""geodesic"":false,""type"":""Point"",""coordinates"":[-13.235822311981236,15.523022856877951]}"
-0.43172145,24,0,train,"{""geodesic"":false,""type"":""Point"",""coordinates"":[-13.197554080877746,15.630281701801822]}"
-0.2974946,19,0,train,"{""geodesic"":false,""type"":""Point"",""coordinates"":[-13.125868521205007,15.514668524735638]}"
-0.47370833,63,0,train,"{""geodesic"":false,""type"":""Point"",""coordinates"":[-13.045289640219487,15.796020871721874]}"
-0.22467615,16,0,train,"{""geodesic"":false,""type"":""Point"",""coordinates"":[-13.18354036244548,15.590396503186915]}"
-0.3560146,25,0,train,"{""geodesic"":false,""type"":""Point"",""coordinates"":[-13.019957149207317,15.487719066212053]}"
-0.4296172,57,0,train,"{""geodesic"":false,""type"":""Point"",""coordinates"":[-13.080054441714912,15.64672087150121]}"
-0.4081081,59,0,train,"{""geodesic"":false,""type"":""Point"",""coordinates"":[-13.349279532365532,15.425465817022571]}"
-0.4726479,40,0,train,"{""geodesic"":false,""type"":""Point"",""coordinates"":[-13.17060462235416,15.763951016078806]}"
-0.4804446,60,0,test,"{""geodesic"":false,""type"":""Point"",""coordinates"":[-13.453843431437045,15.548355347890121]}"
-0.4049154,70,0,train,"{""geodesic"":false,""type"":""Point"",""coordinates"":[-13.341733683978928,15.396090907231862]}"
-0.30009657,20,0,train,"{""geodesic"":false,""type"":""Point"",""coordinates"":[-13.303465452875438,15.765567983590222]}"
-0.44127545,21,0,train,"{""geodesic"":false,""type"":""Point"",""coordinates"":[-13.381618882593836,15.809765095568903]}"
-0.27686524,21,0,train,"{""geodesic"":false,""type"":""Point"",""coordinates"":[-13.35143548904742,15.699272315622201]}"
-0.4461122,39,0,train,"{""geodesic"":false,""type"":""Point"",""coordinates"":[-13.10296148145996,15.634054625995123]}"
-0.44915998,25,0,train,"{""geodesic"":false,""type"":""Point"",""coordinates"":[-13.300231517852607,15.52895173775314]}"
-0.38186094,41,0,test,"{""geodesic"":false,""type"":""Point"",""coordinates"":[-13.380540904252891,15.496881882110072]}"
-0.45251128,56,0,test,"{""geodesic"":false,""type"":""Point"",""coordinates"":[-13.02292158964491,15.603601737863471]}"
-0.19466186,18,0,test,"{""geodesic"":false,""type"":""Point"",""coordinates"":[-13.06253729367458,15.395282423476155]}"
-0.41370738,33,0,train,"{""geodesic"":false,""type"":""Point"",""coordinates"":[-13.379193431326712,15.661004084518709]}"
-0.47293204,71,0,train,"{""geodesic"":false,""type"":""Point"",""coordinates"":[-13.232588376958407,15.40201978810705]}"
-0.41624865,32,0,train,"{""geodesic"":false,""type"":""Point"",""coordinates"":[-13.159824838944726,15.426543795363514]}"
-0.2915506,34,0,train,"{""geodesic"":false,""type"":""Point"",""coordinates"":[-13.346045597342702,15.572070871390876]}"
-0.62549925,49,0,train,"{""geodesic"":false,""type"":""Point"",""coordinates"":[-13.449262023488036,15.751554265157957]}"
-0.39283064,36,0,test,"{""geodesic"":false,""type"":""Point"",""coordinates"":[-13.283253358982748,15.498768344206724]}"
-0.46574584,28,0,train,"{""geodesic"":false,""type"":""Point"",""coordinates"":[-13.332840362666145,15.570992893049933]}"
-0.4632059,46,0,train,"{""geodesic"":false,""type"":""Point"",""coordinates"":[-13.164945236064206,15.689301015968475]}"
-0.42950797,23,0,train,"{""geodesic"":false,""type"":""Point"",""coordinates"":[-13.428241445839639,15.831863651558242]}"
-0.42917493,23,0,train,"{""geodesic"":false,""type"":""Point"",""coordinates"":[-13.427702456669167,15.823239824830695]}"
-0.39701384,81,0,train,"{""geodesic"":false,""type"":""Point"",""coordinates"":[-12.988695777319956,15.79629036630711]}"
-0.45493373,50,0,train,"{""geodesic"":false,""type"":""Point"",""coordinates"":[-13.189738737905905,15.715441990736352]}"
-0.45436555,35,0,train,"{""geodesic"":false,""type"":""Point"",""coordinates"":[-13.094337654732412,15.717058958247767]}"
-0.46642306,82,0,train,"{""geodesic"":false,""type"":""Point"",""coordinates"":[-13.012950289991183,15.801949752597062]}"
-0.44827825,46,0,test,"{""geodesic"":false,""type"":""Point"",""coordinates"":[-13.402639460242233,15.598750835329227]}"
-0.41838482,54,0,train,"{""geodesic"":false,""type"":""Point"",""coordinates"":[-13.118861661988875,15.675556792121446]}"
-0.31527242,64,0,train,"{""geodesic"":false,""type"":""Point"",""coordinates"":[-13.064962744941704,15.791169969187628]}"
-0.5172289,68,0,train,"{""geodesic"":false,""type"":""Point"",""coordinates"":[-13.026964008423448,15.795751377136638]}"
-0.53553313,52,0,train,"{""geodesic"":false,""type"":""Point"",""coordinates"":[-13.06065083157793,15.597942351573518]}"
-0.34607145,27,0,train,"{""geodesic"":false,""type"":""Point"",""coordinates"":[-13.32987592222855,15.561021593396207]}"
-0.33094662,83,0,train,"{""geodesic"":false,""type"":""Point"",""coordinates"":[-13.253608954606804,15.399594336839929]}"
-0.46918002,59,0,train,"{""geodesic"":false,""type"":""Point"",""coordinates"":[-13.44441112095379,15.67205336251338]}"
-0.4980873,25,0,train,"{""geodesic"":false,""type"":""Point"",""coordinates"":[-13.01968765462208,15.538114553651159]}"
-0.35266364,36,0,train,"{""geodesic"":false,""type"":""Point"",""coordinates"":[-13.147967077194348,15.82297033024546]}"
-0.4524634,44,0,train,"{""geodesic"":false,""type"":""Point"",""coordinates"":[-13.251452997924916,15.455379715983751]}"
-0.5049506,26,0,train,"{""geodesic"":false,""type"":""Point"",""coordinates"":[-13.396710579367044,15.69280444557654]}"
-0.4127613,37,0,train,"{""geodesic"":false,""type"":""Point"",""coordinates"":[-13.181384405763595,15.78901401250574]}"
-0.28233612,16,0,train,"{""geodesic"":false,""type"":""Point"",""coordinates"":[-13.035048845980524,15.467237477734129]}"
-0.48230454,73,0,train,"{""geodesic"":false,""type"":""Point"",""coordinates"":[-13.423390543305393,15.465620510222713]}"
-0.4953882,73,0,train,"{""geodesic"":false,""type"":""Point"",""coordinates"":[-12.989234766490428,15.634054625995123]}"
-0.39372948,19,0,train,"{""geodesic"":false,""type"":""Point"",""coordinates"":[-13.399944514389873,15.827012749023996]}"
-0.5273057,58,0,train,"{""geodesic"":false,""type"":""Point"",""coordinates"":[-13.019148665451608,15.667741449149606]}"
-0.26774856,22,0,train,"{""geodesic"":false,""type"":""Point"",""coordinates"":[-13.297806066585483,15.73376762253239]}"
-0.59162396,33,0,train,"{""geodesic"":false,""type"":""Point"",""coordinates"":[-13.242559676612133,15.498768344206724]}"
-0.36834592,40,0,train,"{""geodesic"":false,""type"":""Point"",""coordinates"":[-13.125329532034536,15.744008416771353]}"
-0.5208076,72,0,train,"{""geodesic"":false,""type"":""Point"",""coordinates"":[-13.462467258164592,15.38261617797007]}"
-0.37651953,49,0,train,"{""geodesic"":false,""type"":""Point"",""coordinates"":[-13.254686932947747,15.462386575199883]}"
-0.53902626,64,0,train,"{""geodesic"":false,""type"":""Point"",""coordinates"":[-13.40344794399794,15.452954264716627]}"
-0.449638,48,0,test,"{""geodesic"":false,""type"":""Point"",""coordinates"":[-13.055799929043685,15.745086395112297]}"
-0.48243812,61,0,train,"{""geodesic"":false,""type"":""Point"",""coordinates"":[-13.148236571779583,15.791169969187628]}"
-0.38198906,53,0,train,"{""geodesic"":false,""type"":""Point"",""coordinates"":[-13.122365091596942,15.783624120801024]}"
-0.36598316,34,0,test,"{""geodesic"":false,""type"":""Point"",""coordinates"":[-13.21803566935567,15.460769607688468]}"
-0.4332609,32,0,test,"{""geodesic"":false,""type"":""Point"",""coordinates"":[-13.130719423739253,15.658578633251587]}"
-0.41117772,22,0,train,"{""geodesic"":false,""type"":""Point"",""coordinates"":[-13.273551553914256,15.552128272083424]}"
-0.08918522,19,0,train,"{""geodesic"":false,""type"":""Point"",""coordinates"":[-13.274360037669965,15.6173459617105]}"
-0.42071295,47,0,train,"{""geodesic"":false,""type"":""Point"",""coordinates"":[-13.072239098743072,15.739427008822343]}"
-0.3799484,21,0,train,"{""geodesic"":false,""type"":""Point"",""coordinates"":[-13.402369965656996,15.8059921713756]}"
-0.3081982,48,0,train,"{""geodesic"":false,""type"":""Point"",""coordinates"":[-13.112393791943214,15.794673398795695]}"
-0.39640957,69,0,train,"{""geodesic"":false,""type"":""Point"",""coordinates"":[-13.428241445839639,15.61411202668767]}"
-0.33403203,53,0,train,"{""geodesic"":false,""type"":""Point"",""coordinates"":[-13.19917104838916,15.459691629347525]}"
-0.53121257,74,0,train,"{""geodesic"":false,""type"":""Point"",""coordinates"":[-13.061459315333638,15.675556792121446]}"
-0.41582152,18,0,train,"{""geodesic"":false,""type"":""Point"",""coordinates"":[-13.075473033765903,15.500385311718139]}"
-0.5178916,79,0,train,"{""geodesic"":false,""type"":""Point"",""coordinates"":[-13.429588918765818,15.406062206885588]}"
-0.53125143,59,0,train,"{""geodesic"":false,""type"":""Point"",""coordinates"":[-13.439290723834308,15.728647225412908]}"
-0.4198493,16,0,train,"{""geodesic"":false,""type"":""Point"",""coordinates"":[-13.256303900459162,15.631359680142765]}"
-0.49419656,28,0,train,"{""geodesic"":false,""type"":""Point"",""coordinates"":[-13.18946924332067,15.797368344648053]}"
-0.41385353,31,0,train,"{""geodesic"":false,""type"":""Point"",""coordinates"":[-13.393207149758977,15.751015275987486]}"
-0.27945742,55,0,train,"{""geodesic"":false,""type"":""Point"",""coordinates"":[-13.34685408109841,15.47747827197309]}"
-0.34381455,58,0,train,"{""geodesic"":false,""type"":""Point"",""coordinates"":[-13.357364369922609,15.600906792011113]}"
-0.42396584,49,0,train,"{""geodesic"":false,""type"":""Point"",""coordinates"":[-13.00729090370123,15.750476286817014]}"
-0.44830874,63,0,train,"{""geodesic"":false,""type"":""Point"",""coordinates"":[-13.259268340896757,15.43462863292059]}"
-0.53005296,81,0,train,"{""geodesic"":false,""type"":""Point"",""coordinates"":[-13.427971951254403,15.459152640177052]}"
-0.22932592,18,0,train,"{""geodesic"":false,""type"":""Point"",""coordinates"":[-13.327450470961429,15.838331521603903]}"
-0.47067934,64,0,train,"{""geodesic"":false,""type"":""Point"",""coordinates"":[-13.434709315885298,15.6421394635522]}"
-0.46901363,21,0,train,"{""geodesic"":false,""type"":""Point"",""coordinates"":[-13.154434947240008,15.475322315291205]}"
-0.4271518,52,0,train,"{""geodesic"":false,""type"":""Point"",""coordinates"":[-13.05876436948128,15.754518705595551]}"
-0.25568733,19,0,test,"{""geodesic"":false,""type"":""Point"",""coordinates"":[-13.328258954717136,15.64860733359786]}"
-0.42446187,25,0,test,"{""geodesic"":false,""type"":""Point"",""coordinates"":[-13.099997041022366,15.4144165390279]}"
-0.43052998,89,0,train,"{""geodesic"":false,""type"":""Point"",""coordinates"":[-13.282714369812275,15.383963650896249]}"
-0.510364,52,0,test,"{""geodesic"":false,""type"":""Point"",""coordinates"":[-13.011063827894533,15.585815095237905]}"
-0.44874874,30,0,train,"{""geodesic"":false,""type"":""Point"",""coordinates"":[-13.195128629610622,15.792517442113807]}"
-0.10508235,16,0,train,"{""geodesic"":false,""type"":""Point"",""coordinates"":[-13.25064451416921,15.59982881367017]}"
-0.37168834,43,0,train,"{""geodesic"":false,""type"":""Point"",""coordinates"":[-13.229623936520811,15.75910011354456]}"
-0.2635637,20,0,train,"{""geodesic"":false,""type"":""Point"",""coordinates"":[-13.374342528792466,15.78847502333527]}"
-0.4472914,67,0,test,"{""geodesic"":false,""type"":""Point"",""coordinates"":[-13.059033864066516,15.658039644081114]}"
-0.5106946,31,0,train,"{""geodesic"":false,""type"":""Point"",""coordinates"":[-13.101075019363309,15.62004090756286]}"
-0.16312587,19,0,test,"{""geodesic"":false,""type"":""Point"",""coordinates"":[-13.275707510596144,15.727030257901495]}"
-0.4411749,52,0,train,"{""geodesic"":false,""type"":""Point"",""coordinates"":[-13.172760579036046,15.715711485321588]}"
-0.48493996,61,0,test,"{""geodesic"":false,""type"":""Point"",""coordinates"":[-12.970100650938683,15.803027730938005]}"
-0.45548505,55,0,train,"{""geodesic"":false,""type"":""Point"",""coordinates"":[-13.024538557156326,15.752632243498901]}"
-0.45062327,60,0,train,"{""geodesic"":false,""type"":""Point"",""coordinates"":[-13.041516716026184,15.651571774035455]}"
-0.48922184,40,0,train,"{""geodesic"":false,""type"":""Point"",""coordinates"":[-13.381079893423363,15.535150113213565]}"
-0.39776328,35,0,test,"{""geodesic"":false,""type"":""Point"",""coordinates"":[-13.278941445618974,15.518710943514177]}"
-0.1852263,16,0,train,"{""geodesic"":false,""type"":""Point"",""coordinates"":[-13.149584044705763,15.48664108787111]}"
-0.5611682,24,0,train,"{""geodesic"":false,""type"":""Point"",""coordinates"":[-13.131258412909725,15.433011665409175]}"
-0.40058833,30,0,train,"{""geodesic"":false,""type"":""Point"",""coordinates"":[-13.358172853678315,15.533263651116913]}"
-0.43891546,48,0,test,"{""geodesic"":false,""type"":""Point"",""coordinates"":[-13.042055705196656,15.739427008822343]}"
-0.37010205,28,0,test,"{""geodesic"":false,""type"":""Point"",""coordinates"":[-13.375420507133411,15.665315997882482]}"
-0.274527,51,0,train,"{""geodesic"":false,""type"":""Point"",""coordinates"":[-13.07628151752161,15.836714554092488]}"
-0.46908492,49,0,train,"{""geodesic"":false,""type"":""Point"",""coordinates"":[-13.0326233947134,15.628934228875643]}"
-0.44172794,56,0,train,"{""geodesic"":false,""type"":""Point"",""coordinates"":[-12.99893657155892,15.706548669423569]}"
-0.5246467,29,0,train,"{""geodesic"":false,""type"":""Point"",""coordinates"":[-13.333109857251381,15.569106430953282]}"
-0.40878707,69,0,train,"{""geodesic"":false,""type"":""Point"",""coordinates"":[-13.42743296208393,15.583120149385547]}"
-0.5113639,43,0,train,"{""geodesic"":false,""type"":""Point"",""coordinates"":[-12.954469964995003,15.728377730827674]}"
-0.46563756,45,0,train,"{""geodesic"":false,""type"":""Point"",""coordinates"":[-13.102691986874724,15.764220510664043]}"
-0.41333532,46,0,train,"{""geodesic"":false,""type"":""Point"",""coordinates"":[-13.051488015679912,15.727838741657202]}"
-0.5026219,20,0,test,"{""geodesic"":false,""type"":""Point"",""coordinates"":[-13.376498485474354,15.781468164119136]}"
-0.49928948,53,0,test,"{""geodesic"":false,""type"":""Point"",""coordinates"":[-13.081401914641091,15.789822496261449]}"
-0.41107038,31,0,train,"{""geodesic"":false,""type"":""Point"",""coordinates"":[-13.189738737905905,15.817849933125977]}"
-0.41515496,29,0,train,"{""geodesic"":false,""type"":""Point"",""coordinates"":[-13.406412384435534,15.747781340964655]}"
-0.49303523,58,0,train,"{""geodesic"":false,""type"":""Point"",""coordinates"":[-13.042594694367128,15.821083868148808]}"
-0.4250289,50,0,train,"{""geodesic"":false,""type"":""Point"",""coordinates"":[-13.153895958069537,15.689840005138946]}"
-0.46377355,42,0,train,"{""geodesic"":false,""type"":""Point"",""coordinates"":[-12.973065091376277,15.743199933015646]}"
-0.42173058,61,0,test,"{""geodesic"":false,""type"":""Point"",""coordinates"":[-13.423929532475865,15.622735853415218]}"
-0.4354473,23,0,train,"{""geodesic"":false,""type"":""Point"",""coordinates"":[-13.141229712563451,15.638636033944133]}"
-0.43106142,31,0,train,"{""geodesic"":false,""type"":""Point"",""coordinates"":[-13.390512203906619,15.547546864134414]}"
-0.40842566,41,0,train,"{""geodesic"":false,""type"":""Point"",""coordinates"":[-13.083288376737743,15.707357153179277]}"
-0.4561922,24,0,train,"{""geodesic"":false,""type"":""Point"",""coordinates"":[-13.199710037559631,15.771766359050646]}"
-0.40157086,48,0,test,"{""geodesic"":false,""type"":""Point"",""coordinates"":[-13.407759857361713,15.599559319084934]}"
-0.39059016,15,0,test,"{""geodesic"":false,""type"":""Point"",""coordinates"":[-13.332570868080909,15.831863651558242]}"
-0.49982584,47,0,test,"{""geodesic"":false,""type"":""Point"",""coordinates"":[-13.211298304724775,15.749937297646541]}"
-0.5476836,46,0,train,"{""geodesic"":false,""type"":""Point"",""coordinates"":[-13.168179171087036,15.379382242947239]}"
-0.37562087,22,0,test,"{""geodesic"":false,""type"":""Point"",""coordinates"":[-13.215071228918076,15.48987502289394]}"
-0.4404898,72,0,test,"{""geodesic"":false,""type"":""Point"",""coordinates"":[-13.423121048720157,15.376956791680117]}"
-0.4701253,28,0,train,"{""geodesic"":false,""type"":""Point"",""coordinates"":[-13.233127366128878,15.81057357932461]}"
-0.39401507,49,0,train,"{""geodesic"":false,""type"":""Point"",""coordinates"":[-13.357094875337372,15.452415275546157]}"
-0.43324083,85,0,test,"{""geodesic"":false,""type"":""Point"",""coordinates"":[-13.421234586623505,15.444599932574317]}"
-0.29738504,18,0,train,"{""geodesic"":false,""type"":""Point"",""coordinates"":[-13.105117438141846,15.543773939941111]}"
-0.34621328,18,0,train,"{""geodesic"":false,""type"":""Point"",""coordinates"":[-13.261963286749115,15.717058958247767]}"
-0.52904737,66,0,train,"{""geodesic"":false,""type"":""Point"",""coordinates"":[-13.4489925289028,15.621388380489039]}"
-0.45804304,63,0,train,"{""geodesic"":false,""type"":""Point"",""coordinates"":[-13.198362564633452,15.71166906654305]}"
-0.45711267,75,0,train,"{""geodesic"":false,""type"":""Point"",""coordinates"":[-13.454651915192752,15.500654806303375]}"
-0.4206417,28,0,train,"{""geodesic"":false,""type"":""Point"",""coordinates"":[-13.371917077525344,15.650763290279746]}"
-0.38320348,57,0,test,"{""geodesic"":false,""type"":""Point"",""coordinates"":[-13.308046860824446,15.470740907342195]}"
-0.48621756,58,0,train,"{""geodesic"":false,""type"":""Point"",""coordinates"":[-13.193242167513972,15.37345336207205]}"
-0.28960624,14,0,train,"{""geodesic"":false,""type"":""Point"",""coordinates"":[-13.176264008644113,15.657770149495878]}"
-0.33113357,16,0,test,"{""geodesic"":false,""type"":""Point"",""coordinates"":[-13.271665091817606,15.6459123877455]}"
-0.2974531,20,0,train,"{""geodesic"":false,""type"":""Point"",""coordinates"":[-13.119939640329818,15.501463290059082]}"
-0.49128458,47,0,test,"{""geodesic"":false,""type"":""Point"",""coordinates"":[-13.006751914530758,15.562638560907622]}"
-0.53257436,32,0,train,"{""geodesic"":false,""type"":""Point"",""coordinates"":[-13.152009495972885,15.836984048677724]}"
-0.36899206,60,0,train,"{""geodesic"":false,""type"":""Point"",""coordinates"":[-13.001901011996514,15.596864373232576]}"
-0.4634234,40,0,train,"{""geodesic"":false,""type"":""Point"",""coordinates"":[-13.313436752529164,15.487449571626817]}"
-0.45258412,23,0,train,"{""geodesic"":false,""type"":""Point"",""coordinates"":[-13.253608954606804,15.538114553651159]}"
-0.2832919,18,0,train,"{""geodesic"":false,""type"":""Point"",""coordinates"":[-13.310741806676806,15.78389361538626]}"
-0.3207274,18,0,train,"{""geodesic"":false,""type"":""Point"",""coordinates"":[-13.198362564633452,15.60899162956819]}"
-0.41539878,63,0,train,"{""geodesic"":false,""type"":""Point"",""coordinates"":[-13.042325199781892,15.654805709058284]}"
-0.50088304,45,0,train,"{""geodesic"":false,""type"":""Point"",""coordinates"":[-13.449801012658506,15.76044758647074]}"
-0.5072144,45,0,train,"{""geodesic"":false,""type"":""Point"",""coordinates"":[-13.306429893313032,15.490414012064413]}"
-0.3068672,18,0,train,"{""geodesic"":false,""type"":""Point"",""coordinates"":[-13.307238377068739,15.734576106288099]}"
-0.30308416,13,0,train,"{""geodesic"":false,""type"":""Point"",""coordinates"":[-13.056069423628921,15.469932423586487]}"
-0.40335575,45,0,train,"{""geodesic"":false,""type"":""Point"",""coordinates"":[-13.033162383883873,15.71759794741824]}"
-0.50099593,35,0,train,"{""geodesic"":false,""type"":""Point"",""coordinates"":[-13.291068701954588,15.520058416440357]}"
-0.34229973,38,0,train,"{""geodesic"":false,""type"":""Point"",""coordinates"":[-13.380810398838127,15.599559319084934]}"
-0.39898035,33,0,train,"{""geodesic"":false,""type"":""Point"",""coordinates"":[-13.213723755991897,15.475052820705969]}"
-0.42363322,49,0,train,"{""geodesic"":false,""type"":""Point"",""coordinates"":[-13.156860398507131,15.779581702022487]}"
-0.42309642,39,0,test,"{""geodesic"":false,""type"":""Point"",""coordinates"":[-13.206177907605293,15.447564373011911]}"
-0.41005966,18,0,test,"{""geodesic"":false,""type"":""Point"",""coordinates"":[-13.381079893423363,15.735923579214278]}"
-0.4486708,24,0,train,"{""geodesic"":false,""type"":""Point"",""coordinates"":[-13.329067438472844,15.622466358829982]}"
-0.34873033,63,0,test,"{""geodesic"":false,""type"":""Point"",""coordinates"":[-13.055260939873213,15.59848134074399]}"
-0.43317595,57,0,test,"{""geodesic"":false,""type"":""Point"",""coordinates"":[-13.350627005291711,15.500115817132903]}"
-0.4403789,40,0,train,"{""geodesic"":false,""type"":""Point"",""coordinates"":[-13.150931517631943,15.678251737973804]}"
-0.051237162,18,0,train,"{""geodesic"":false,""type"":""Point"",""coordinates"":[-13.330145416813787,15.685258597189936]}"
-0.39912573,67,0,train,"{""geodesic"":false,""type"":""Point"",""coordinates"":[-12.962015813381607,15.677712748803332]}"
-0.26836017,16,0,train,"{""geodesic"":false,""type"":""Point"",""coordinates"":[-13.36571870206492,15.755596683936496]}"
-0.33821914,57,0,train,"{""geodesic"":false,""type"":""Point"",""coordinates"":[-13.3565558861669,15.592552459868802]}"
-0.45437017,50,0,train,"{""geodesic"":false,""type"":""Point"",""coordinates"":[-13.134492347932555,15.784702099141967]}"
-0.45891663,64,0,train,"{""geodesic"":false,""type"":""Point"",""coordinates"":[-13.439560218419544,15.476939282802618]}"
-0.4811203,56,0,test,"{""geodesic"":false,""type"":""Point"",""coordinates"":[-13.031814910957694,15.676365275877153]}"
-0.43982196,57,0,test,"{""geodesic"":false,""type"":""Point"",""coordinates"":[-13.432822853788648,15.566950474271396]}"
-0.4390403,43,0,train,"{""geodesic"":false,""type"":""Point"",""coordinates"":[-13.101075019363309,15.754788200180787]}"
-0.43801156,43,0,train,"{""geodesic"":false,""type"":""Point"",""coordinates"":[-13.39374613892945,15.588240546505029]}"
-0.50665,58,0,train,"{""geodesic"":false,""type"":""Point"",""coordinates"":[-13.444950110124262,15.727030257901495]}"
-0.37816373,41,0,test,"{""geodesic"":false,""type"":""Point"",""coordinates"":[-13.132336391250668,15.828629716535412]}"
-0.45621932,29,0,train,"{""geodesic"":false,""type"":""Point"",""coordinates"":[-13.311550290432512,15.526526286486018]}"
-0.5643574,27,0,train,"{""geodesic"":false,""type"":""Point"",""coordinates"":[-13.312089279602985,15.540809499503517]}"
-0.4751035,80,0,train,"{""geodesic"":false,""type"":""Point"",""coordinates"":[-13.408029351946949,15.402289282692287]}"
-0.33280295,77,0,train,"{""geodesic"":false,""type"":""Point"",""coordinates"":[-13.44818404514709,15.580425203533188]}"
-0.45659286,49,0,train,"{""geodesic"":false,""type"":""Point"",""coordinates"":[-13.415305705748317,15.65184126862069]}"
-0.45644274,88,0,train,"{""geodesic"":false,""type"":""Point"",""coordinates"":[-13.269509135135719,15.385311123822428]}"
-0.28284857,19,0,train,"{""geodesic"":false,""type"":""Point"",""coordinates"":[-13.339847221882277,15.833480619069658]}"
-0.39058772,34,0,train,"{""geodesic"":false,""type"":""Point"",""coordinates"":[-13.155243430995716,15.734576106288099]}"
-0.34802237,76,0,train,"{""geodesic"":false,""type"":""Point"",""coordinates"":[-13.42878043501011,15.468584950660308]}"
-0.43526104,33,0,train,"{""geodesic"":false,""type"":""Point"",""coordinates"":[-13.289182239857936,15.51601599766182]}"
-0.367493,16,0,train,"{""geodesic"":false,""type"":""Point"",""coordinates"":[-13.111854802772744,15.476130799046912]}"
-0.49473965,58,0,train,"{""geodesic"":false,""type"":""Point"",""coordinates"":[-13.002978990337457,15.610069607909132]}"
-0.40091154,49,0,test,"{""geodesic"":false,""type"":""Point"",""coordinates"":[-13.298345055755956,15.485832604115403]}"
-0.37597606,43,0,train,"{""geodesic"":false,""type"":""Point"",""coordinates"":[-13.338769243541334,15.506044698008091]}"
-0.27491575,19,0,test,"{""geodesic"":false,""type"":""Point"",""coordinates"":[-13.356825380752136,15.810843073909846]}"
-0.42264488,81,0,train,"{""geodesic"":false,""type"":""Point"",""coordinates"":[-13.3137062471144,15.44055751379578]}"
-0.48323312,26,0,train,"{""geodesic"":false,""type"":""Point"",""coordinates"":[-13.211567799310009,15.51143458971281]}"
-0.31644496,24,0,train,"{""geodesic"":false,""type"":""Point"",""coordinates"":[-13.124521048278828,15.535958596969271]}"
-0.56943953,60,0,train,"{""geodesic"":false,""type"":""Point"",""coordinates"":[-13.327450470961429,15.415225022783607]}"
-0.35177708,21,0,train,"{""geodesic"":false,""type"":""Point"",""coordinates"":[-13.123443069937885,15.5211363947813]}"
-0.4514007,32,0,train,"{""geodesic"":false,""type"":""Point"",""coordinates"":[-13.174647041132697,15.75721365144791]}"
-0.41388252,52,0,test,"{""geodesic"":false,""type"":""Point"",""coordinates"":[-13.22719848525369,15.753440727254608]}"
-0.43051693,43,0,train,"{""geodesic"":false,""type"":""Point"",""coordinates"":[-13.000014549899863,15.739965997992815]}"
-0.3966864,35,0,train,"{""geodesic"":false,""type"":""Point"",""coordinates"":[-13.311550290432512,15.510626105957101]}"
-0.47832963,44,0,train,"{""geodesic"":false,""type"":""Point"",""coordinates"":[-13.114819243210338,15.662621052030124]}"
-0.377649,29,0,train,"{""geodesic"":false,""type"":""Point"",""coordinates"":[-13.37353404503676,15.64860733359786]}"
-0.42437398,45,0,test,"{""geodesic"":false,""type"":""Point"",""coordinates"":[-13.3422726731494,15.504966719667149]}"
-0.48940706,34,0,train,"{""geodesic"":false,""type"":""Point"",""coordinates"":[-13.138265272125857,15.4001333260104]}"
-0.43838128,28,0,train,"{""geodesic"":false,""type"":""Point"",""coordinates"":[-13.198632059218689,15.777156250755363]}"
-0.4536257,24,0,train,"{""geodesic"":false,""type"":""Point"",""coordinates"":[-13.149314550120527,15.45214578096092]}"
-0.4534337,27,0,train,"{""geodesic"":false,""type"":""Point"",""coordinates"":[-13.14715859343864,15.417919968635967]}"
-0.41539678,78,0,train,"{""geodesic"":false,""type"":""Point"",""coordinates"":[-13.41773115701544,15.410643614834598]}"
-0.46660054,77,0,train,"{""geodesic"":false,""type"":""Point"",""coordinates"":[-13.421234586623505,15.379382242947239]}"
-0.4932023,34,0,test,"{""geodesic"":false,""type"":""Point"",""coordinates"":[-13.105656427312319,15.7240658174639]}"
-0.356299,43,0,train,"{""geodesic"":false,""type"":""Point"",""coordinates"":[-13.425815994572515,15.797907333818525]}"
-0.49172688,46,0,train,"{""geodesic"":false,""type"":""Point"",""coordinates"":[-13.016723214184486,15.568297947197575]}"
-0.3963044,37,0,test,"{""geodesic"":false,""type"":""Point"",""coordinates"":[-13.230971409446992,15.836984048677724]}"
-0.434853,50,0,train,"{""geodesic"":false,""type"":""Point"",""coordinates"":[-13.410724297799307,15.50873964386045]}"
-0.44665304,34,0,train,"{""geodesic"":false,""type"":""Point"",""coordinates"":[-13.212376283065717,15.455379715983751]}"
-0.4424079,46,0,train,"{""geodesic"":false,""type"":""Point"",""coordinates"":[-13.396171590196571,15.610069607909132]}"
-0.45255172,33,0,train,"{""geodesic"":false,""type"":""Point"",""coordinates"":[-13.157938376848074,15.67528729753621]}"
-0.47852778,23,0,train,"{""geodesic"":false,""type"":""Point"",""coordinates"":[-13.25253097626586,15.814885492688383]}"
-0.42906412,51,0,train,"{""geodesic"":false,""type"":""Point"",""coordinates"":[-13.013489279161655,15.74939830847607]}"
-0.29612964,17,0,train,"{""geodesic"":false,""type"":""Point"",""coordinates"":[-13.219383142281849,15.542965456185405]}"
-0.40262604,53,0,train,"{""geodesic"":false,""type"":""Point"",""coordinates"":[-13.064154261185996,15.81057357932461]}"
-0.48660266,67,0,test,"{""geodesic"":false,""type"":""Point"",""coordinates"":[-13.224503539401331,15.392587477623795]}"
-0.45212567,59,0,train,"{""geodesic"":false,""type"":""Point"",""coordinates"":[-13.01645371959925,15.70520119649739]}"
-0.48310676,66,0,train,"{""geodesic"":false,""type"":""Point"",""coordinates"":[-13.438212745493365,15.544043434526348]}"
-0.48218748,44,0,train,"{""geodesic"":false,""type"":""Point"",""coordinates"":[-13.405064911509355,15.538653542821631]}"
-0.45330772,58,0,train,"{""geodesic"":false,""type"":""Point"",""coordinates"":[-13.445219604709497,15.550780799157243]}"
-0.42045084,24,0,test,"{""geodesic"":false,""type"":""Point"",""coordinates"":[-13.181653900348829,15.489066539138232]}"
-0.4121749,21,0,train,"{""geodesic"":false,""type"":""Point"",""coordinates"":[-13.310741806676806,15.748320330135126]}"
-0.28500766,17,0,train,"{""geodesic"":false,""type"":""Point"",""coordinates"":[-13.329606427643315,15.832941629899185]}"
-0.050510075,20,0,train,"{""geodesic"":false,""type"":""Point"",""coordinates"":[-13.056338918214156,15.555092712521018]}"
-0.524027,22,0,train,"{""geodesic"":false,""type"":""Point"",""coordinates"":[-13.074395055424958,15.455918705154222]}"
-0.5929991,31,0,train,"{""geodesic"":false,""type"":""Point"",""coordinates"":[-13.407220868191242,15.78443260455673]}"
-0.44921818,52,0,train,"{""geodesic"":false,""type"":""Point"",""coordinates"":[-13.050679531924203,15.609261124153425]}"
-0.44828597,45,0,train,"{""geodesic"":false,""type"":""Point"",""coordinates"":[-13.399136030634166,15.62004090756286]}"
-0.4880412,41,0,train,"{""geodesic"":false,""type"":""Point"",""coordinates"":[-13.034240362224816,15.569375925538518]}"
-0.41418844,78,0,train,"{""geodesic"":false,""type"":""Point"",""coordinates"":[-13.324755525109069,15.440827008381014]}"
-0.32021913,65,0,train,"{""geodesic"":false,""type"":""Point"",""coordinates"":[-13.040169243100005,15.770688380709704]}"
-0.38385063,50,0,train,"{""geodesic"":false,""type"":""Point"",""coordinates"":[-13.356286391581664,15.47747827197309]}"
-0.46914274,61,0,train,"{""geodesic"":false,""type"":""Point"",""coordinates"":[-13.396171590196571,15.448642351352854]}"
-0.42590508,45,0,train,"{""geodesic"":false,""type"":""Point"",""coordinates"":[-13.188930254150197,15.407679174397003]}"
-0.44904953,48,0,train,"{""geodesic"":false,""type"":""Point"",""coordinates"":[-12.981149928933352,15.753440727254608]}"
-0.4908229,78,0,train,"{""geodesic"":false,""type"":""Point"",""coordinates"":[-13.459233323141762,15.375070329583465]}"
-0.48911816,54,0,train,"{""geodesic"":false,""type"":""Point"",""coordinates"":[-13.257651373385341,15.435437116676297]}"
-0.28314483,62,0,test,"{""geodesic"":false,""type"":""Point"",""coordinates"":[-13.1641367523085,15.69738585352555]}"
-0.38870913,89,0,train,"{""geodesic"":false,""type"":""Point"",""coordinates"":[-13.27786346727803,15.390970510112382]}"
-0.46132922,54,0,train,"{""geodesic"":false,""type"":""Point"",""coordinates"":[-13.089217257612932,15.745355889697532]}"
-0.3119903,23,0,train,"{""geodesic"":false,""type"":""Point"",""coordinates"":[-13.23043242027652,15.680677189240926]}"
-0.4749462,79,0,train,"{""geodesic"":false,""type"":""Point"",""coordinates"":[-13.410724297799307,15.392856972209032]}"
-0.3569471,85,0,train,"{""geodesic"":false,""type"":""Point"",""coordinates"":[-13.236630795736945,15.383963650896249]}"
-0.40801063,42,0,train,"{""geodesic"":false,""type"":""Point"",""coordinates"":[-13.311550290432512,15.48340715284828]}"
-0.41940847,29,0,train,"{""geodesic"":false,""type"":""Point"",""coordinates"":[-13.381079893423363,15.577460763095594]}"
-0.44110596,34,0,test,"{""geodesic"":false,""type"":""Point"",""coordinates"":[-13.09972754643713,15.720023398685361]}"
-0.5040796,28,0,train,"{""geodesic"":false,""type"":""Point"",""coordinates"":[-13.133144875006376,15.643756431063615]}"
-0.46925077,30,0,test,"{""geodesic"":false,""type"":""Point"",""coordinates"":[-13.269509135135719,15.82162285731928]}"
-0.34875408,19,0,train,"{""geodesic"":false,""type"":""Point"",""coordinates"":[-13.094876643902884,15.477208777387855]}"
-0.3768958,15,0,train,"{""geodesic"":false,""type"":""Point"",""coordinates"":[-13.253878449192039,15.723526828293428]}"
-0.4275017,47,0,train,"{""geodesic"":false,""type"":""Point"",""coordinates"":[-13.320443611745295,15.484754625774459]}"
-0.41630042,48,0,train,"{""geodesic"":false,""type"":""Point"",""coordinates"":[-13.149314550120527,15.680946683826162]}"
-0.49396667,51,0,train,"{""geodesic"":false,""type"":""Point"",""coordinates"":[-13.00863837662741,15.592552459868802]}"
-0.43726668,64,0,train,"{""geodesic"":false,""type"":""Point"",""coordinates"":[-13.051488015679912,15.685528091775172]}"
-0.30546674,47,0,train,"{""geodesic"":false,""type"":""Point"",""coordinates"":[-13.09056473053911,15.78901401250574]}"
-0.41839945,37,0,train,"{""geodesic"":false,""type"":""Point"",""coordinates"":[-13.17976743825218,15.429238741215872]}"
-0.45460796,58,0,test,"{""geodesic"":false,""type"":""Point"",""coordinates"":[-13.05930335865175,15.597133867817812]}"
-0.3741225,83,0,train,"{""geodesic"":false,""type"":""Point"",""coordinates"":[-13.387547763469025,15.41899794697691]}"
-0.54636884,25,0,test,"{""geodesic"":false,""type"":""Point"",""coordinates"":[-13.176264008644113,15.475322315291205]}"
-0.4540131,80,0,train,"{""geodesic"":false,""type"":""Point"",""coordinates"":[-13.41503621116308,15.40201978810705]}"
-0.2810709,21,0,train,"{""geodesic"":false,""type"":""Point"",""coordinates"":[-13.338769243541334,15.832402640728715]}"
-0.37706196,21,0,train,"{""geodesic"":false,""type"":""Point"",""coordinates"":[-13.355747402411193,15.681755167581871]}"
-0.40250355,75,0,test,"{""geodesic"":false,""type"":""Point"",""coordinates"":[-13.417461662430204,15.37480083499823]}"
-0.41391993,42,0,test,"{""geodesic"":false,""type"":""Point"",""coordinates"":[-13.42554649998728,15.698194337281258]}"
-0.4443768,65,0,test,"{""geodesic"":false,""type"":""Point"",""coordinates"":[-13.279480434789445,15.433550654579646]}"
-0.34032336,22,0,test,"{""geodesic"":false,""type"":""Point"",""coordinates"":[-13.228545958179868,15.539192531992102]}"
-0.41818708,43,0,train,"{""geodesic"":false,""type"":""Point"",""coordinates"":[-12.972795596791041,15.738618525066636]}"
-0.58374745,22,0,train,"{""geodesic"":false,""type"":""Point"",""coordinates"":[-13.102422492289488,15.388814553430494]}"
-0.39092207,16,0,train,"{""geodesic"":false,""type"":""Point"",""coordinates"":[-13.193511662099207,15.686067080945644]}"
-0.4432063,42,0,train,"{""geodesic"":false,""type"":""Point"",""coordinates"":[-13.411532781555016,15.722987839122956]}"
-0.30495432,19,0,train,"{""geodesic"":false,""type"":""Point"",""coordinates"":[-13.029928448861043,15.45025931886427]}"
-0.49797696,43,0,test,"{""geodesic"":false,""type"":""Point"",""coordinates"":[-13.31101130126204,15.50227177381479]}"
-0.47175765,77,0,train,"{""geodesic"":false,""type"":""Point"",""coordinates"":[-13.408568341117421,15.454032243057572]}"
-0.45478064,25,0,train,"{""geodesic"":false,""type"":""Point"",""coordinates"":[-13.2889127452727,15.547277369549178]}"
-0.44455984,28,0,test,"{""geodesic"":false,""type"":""Point"",""coordinates"":[-13.188391264979726,15.790900474602392]}"
-0.43557397,61,0,train,"{""geodesic"":false,""type"":""Point"",""coordinates"":[-13.343350651490343,15.45672718890993]}"
-0.49663514,24,0,train,"{""geodesic"":false,""type"":""Point"",""coordinates"":[-13.140421228807744,15.621118885903803]}"
-0.5100897,86,0,test,"{""geodesic"":false,""type"":""Point"",""coordinates"":[-13.427971951254403,15.449720329693799]}"
-0.43393096,60,0,train,"{""geodesic"":false,""type"":""Point"",""coordinates"":[-13.270856608061898,15.43974903004007]}"
-0.19957097,19,0,train,"{""geodesic"":false,""type"":""Point"",""coordinates"":[-13.271665091817606,15.767993434857344]}"
-0.45879802,45,0,train,"{""geodesic"":false,""type"":""Point"",""coordinates"":[-13.007829892871703,15.56533350675998]}"
-0.48360205,31,0,test,"{""geodesic"":false,""type"":""Point"",""coordinates"":[-13.034240362224816,15.579886214362716]}"
-0.44356444,35,0,train,"{""geodesic"":false,""type"":""Point"",""coordinates"":[-13.182192889519301,15.460230618517997]}"
-0.14929001,22,0,train,"{""geodesic"":false,""type"":""Point"",""coordinates"":[-13.247680073731615,15.65830913866635]}"
-0.3312526,40,0,train,"{""geodesic"":false,""type"":""Point"",""coordinates"":[-13.457616355630346,15.770149391539231]}"
-0.44208398,36,0,train,"{""geodesic"":false,""type"":""Point"",""coordinates"":[-13.417192167844968,15.75586617852173]}"
-0.46968275,59,0,train,"{""geodesic"":false,""type"":""Point"",""coordinates"":[-13.138804261296329,15.702775745230268]}"
-0.4231886,39,0,test,"{""geodesic"":false,""type"":""Point"",""coordinates"":[-13.36113729411591,15.521405889366536]}"
-0.29313833,19,0,train,"{""geodesic"":false,""type"":""Point"",""coordinates"":[-13.107003900238498,15.447833867597147]}"
-0.3046392,39,0,test,"{""geodesic"":false,""type"":""Point"",""coordinates"":[-13.243637654953076,15.486371593285874]}"
-0.50404143,23,0,train,"{""geodesic"":false,""type"":""Point"",""coordinates"":[-13.10942935150562,15.421153903658796]}"
-0.4992886,63,0,test,"{""geodesic"":false,""type"":""Point"",""coordinates"":[-13.447914550561856,15.682563651337578]}"
-0.38794214,25,0,train,"{""geodesic"":false,""type"":""Point"",""coordinates"":[-13.268970145965246,15.548624842475357]}"
-0.3464043,19,0,train,"{""geodesic"":false,""type"":""Point"",""coordinates"":[-13.051218521094675,15.388545058845258]}"
-0.41094753,43,0,test,"{""geodesic"":false,""type"":""Point"",""coordinates"":[-13.27139559723237,15.460500113103231]}"
-0.4411074,19,0,train,"{""geodesic"":false,""type"":""Point"",""coordinates"":[-13.308046860824446,15.594708416550688]}"
-0.36690035,55,0,test,"{""geodesic"":false,""type"":""Point"",""coordinates"":[-12.971178629279626,15.701428272304089]}"
-0.44429582,48,0,train,"{""geodesic"":false,""type"":""Point"",""coordinates"":[-13.368683142502514,15.489605528308704]}"
-0.49939397,82,0,train,"{""geodesic"":false,""type"":""Point"",""coordinates"":[-13.432553359203412,15.389892531771437]}"
-0.48535168,58,0,train,"{""geodesic"":false,""type"":""Point"",""coordinates"":[-13.023460578815381,15.625700293852812]}"
-0.5965228,21,0,train,"{""geodesic"":false,""type"":""Point"",""coordinates"":[-13.268431156794776,15.7669154565164]}"
-0.5076292,72,0,train,"{""geodesic"":false,""type"":""Point"",""coordinates"":[-12.992738196098495,15.636749571847481]}"
-0.3444015,21,0,train,"{""geodesic"":false,""type"":""Point"",""coordinates"":[-13.049332058998024,15.473435853194554]}"
-0.4991777,37,0,train,"{""geodesic"":false,""type"":""Point"",""coordinates"":[-13.2212696043785,15.82216184648975]}"
-0.50972575,58,0,train,"{""geodesic"":false,""type"":""Point"",""coordinates"":[-13.201865994241519,15.386119607578136]}"
-0.36093992,30,0,train,"{""geodesic"":false,""type"":""Point"",""coordinates"":[-13.092181698050526,15.580425203533188]}"
-0.079823285,20,0,train,"{""geodesic"":false,""type"":""Point"",""coordinates"":[-13.219383142281849,15.643486936478379]}"
-0.45289287,64,0,train,"{""geodesic"":false,""type"":""Point"",""coordinates"":[-12.984653358541419,15.680138200070456]}"
-0.35112098,58,0,train,"{""geodesic"":false,""type"":""Point"",""coordinates"":[-13.369761120843458,15.43328115999441]}"
-0.115125574,15,0,train,"{""geodesic"":false,""type"":""Point"",""coordinates"":[-13.313975741699636,15.638636033944133]}"
-0.4673303,24,0,train,"{""geodesic"":false,""type"":""Point"",""coordinates"":[-13.010255344138825,15.537575564480687]}"
-0.37894806,54,0,train,"{""geodesic"":false,""type"":""Point"",""coordinates"":[-13.35332195114407,15.600367802840642]}"
-0.3406956,57,0,train,"{""geodesic"":false,""type"":""Point"",""coordinates"":[-13.39428512809992,15.466967983148892]}"
-0.3946233,57,0,train,"{""geodesic"":false,""type"":""Point"",""coordinates"":[-13.267083683868597,15.452415275546157]}"
-0.31850675,47,0,test,"{""geodesic"":false,""type"":""Point"",""coordinates"":[-13.115358232380808,15.778234229096308]}"
-0.4255249,33,0,train,"{""geodesic"":false,""type"":""Point"",""coordinates"":[-13.361945777871618,15.523292351463187]}"
-0.4412791,21,0,train,"{""geodesic"":false,""type"":""Point"",""coordinates"":[-13.224773033986567,15.777964734511071]}"
-0.45470917,36,0,train,"{""geodesic"":false,""type"":""Point"",""coordinates"":[-13.025077546326797,15.549972315401536]}"
-0.4146449,65,0,train,"{""geodesic"":false,""type"":""Point"",""coordinates"":[-13.440907691345723,15.671514373342907]}"
-0.44979113,65,0,train,"{""geodesic"":false,""type"":""Point"",""coordinates"":[-13.289451734443173,15.441635492136722]}"
-0.62565964,19,0,train,"{""geodesic"":false,""type"":""Point"",""coordinates"":[-13.094337654732412,15.388006069674786]}"
-0.45269275,58,0,train,"{""geodesic"":false,""type"":""Point"",""coordinates"":[-13.088139279271987,15.643486936478379]}"
-0.1679225,13,0,train,"{""geodesic"":false,""type"":""Point"",""coordinates"":[-13.274090543084728,15.575843795584179]}"
-0.43599507,35,0,train,"{""geodesic"":false,""type"":""Point"",""coordinates"":[-13.17518603030317,15.74670336262371]}"
-0.33544558,54,0,train,"{""geodesic"":false,""type"":""Point"",""coordinates"":[-13.311280795847276,15.472627369438845]}"
-0.33586526,19,0,train,"{""geodesic"":false,""type"":""Point"",""coordinates"":[-13.192433683758264,15.629203723460877]}"
-0.46208096,48,0,train,"{""geodesic"":false,""type"":""Point"",""coordinates"":[-13.410993792384543,15.607105167471538]}"
-0.44967812,27,0,train,"{""geodesic"":false,""type"":""Point"",""coordinates"":[-13.408837835702657,15.753440727254608]}"
-0.5005973,25,0,train,"{""geodesic"":false,""type"":""Point"",""coordinates"":[-13.206716896775765,15.523022856877951]}"
-0.45486417,78,0,train,"{""geodesic"":false,""type"":""Point"",""coordinates"":[-12.983844874785712,15.63621058267701]}"
-0.3056197,62,0,train,"{""geodesic"":false,""type"":""Point"",""coordinates"":[-13.065501734112175,15.7917089583581]}"
-0.62436384,21,0,train,"{""geodesic"":false,""type"":""Point"",""coordinates"":[-13.040977726855713,15.374531340412993]}"
-0.3870918,52,0,test,"{""geodesic"":false,""type"":""Point"",""coordinates"":[-13.135300831688262,15.383694156311012]}"
-0.38585567,72,0,test,"{""geodesic"":false,""type"":""Point"",""coordinates"":[-13.028311481349627,15.769610402368759]}"
-0.4265576,50,0,train,"{""geodesic"":false,""type"":""Point"",""coordinates"":[-13.449801012658506,15.753440727254608]}"
-0.44217414,71,0,train,"{""geodesic"":false,""type"":""Point"",""coordinates"":[-13.055530434458449,15.672592351683852]}"
-0.27720088,25,0,train,"{""geodesic"":false,""type"":""Point"",""coordinates"":[-13.227737474424162,15.66612448163819]}"
-0.4055951,69,0,train,"{""geodesic"":false,""type"":""Point"",""coordinates"":[-13.147428088023876,15.786858055823854]}"
-0.511997,26,0,train,"{""geodesic"":false,""type"":""Point"",""coordinates"":[-13.177880976155528,15.47370534777979]}"
-0.49166185,43,0,test,"{""geodesic"":false,""type"":""Point"",""coordinates"":[-13.401830976486524,15.657500654910644]}"
-0.3980251,20,0,train,"{""geodesic"":false,""type"":""Point"",""coordinates"":[-13.323677546768126,15.5354196077988]}"
-0.48041612,47,0,train,"{""geodesic"":false,""type"":""Point"",""coordinates"":[-13.213723755991897,15.743199933015646]}"
-0.43666092,37,0,train,"{""geodesic"":false,""type"":""Point"",""coordinates"":[-13.339308232711806,15.513051557224225]}"
-0.3879216,17,0,test,"{""geodesic"":false,""type"":""Point"",""coordinates"":[-13.387547763469025,15.777425745340599]}"
-0.50227493,34,0,train,"{""geodesic"":false,""type"":""Point"",""coordinates"":[-13.235822311981236,15.819736395222629]}"
-0.48185906,64,0,train,"{""geodesic"":false,""type"":""Point"",""coordinates"":[-13.44818404514709,15.519249932684648]}"
-0.44504058,39,0,train,"{""geodesic"":false,""type"":""Point"",""coordinates"":[-13.38970372015091,15.603601737863471]}"
-0.5108818,25,0,train,"{""geodesic"":false,""type"":""Point"",""coordinates"":[-13.053374477776561,15.375070329583465]}"
-0.5031638,35,0,test,"{""geodesic"":false,""type"":""Point"",""coordinates"":[-13.388356247224731,15.657231160325408]}"
-0.41935626,53,0,test,"{""geodesic"":false,""type"":""Point"",""coordinates"":[-13.059572853236986,15.823509319415932]}"
-0.3221714,50,0,train,"{""geodesic"":false,""type"":""Point"",""coordinates"":[-13.10430895438614,15.81057357932461]}"
-0.37092125,90,0,train,"{""geodesic"":false,""type"":""Point"",""coordinates"":[-13.258459857141048,15.380190726702947]}"
-0.55669254,44,0,train,"{""geodesic"":false,""type"":""Point"",""coordinates"":[-13.011063827894533,15.571531882220405]}"
-0.30418035,15,0,train,"{""geodesic"":false,""type"":""Point"",""coordinates"":[-13.339577727297042,15.674478813780501]}"
-0.3214263,62,0,train,"{""geodesic"":false,""type"":""Point"",""coordinates"":[-13.070083142061184,15.781198669533902]}"
-0.4968837,17,0,train,"{""geodesic"":false,""type"":""Point"",""coordinates"":[-13.308316355409682,15.789822496261449]}"
-0.43664497,47,0,test,"{""geodesic"":false,""type"":""Point"",""coordinates"":[-12.985461842297125,15.762064553982155]}"
-0.44039252,64,0,train,"{""geodesic"":false,""type"":""Point"",""coordinates"":[-13.048793069827552,15.683372135093284]}"
-0.40351838,75,0,test,"{""geodesic"":false,""type"":""Point"",""coordinates"":[-13.04960155358326,15.65453621447305]}"
-0.13238908,20,0,train,"{""geodesic"":false,""type"":""Point"",""coordinates"":[-13.344428629831286,15.689840005138946]}"
-0.09226192,19,0,train,"{""geodesic"":false,""type"":""Point"",""coordinates"":[-13.344698124416523,15.693612929332248]}"
-0.42030415,40,0,train,"{""geodesic"":false,""type"":""Point"",""coordinates"":[-13.155243430995716,15.750206792231777]}"
-0.4310627,54,0,train,"{""geodesic"":false,""type"":""Point"",""coordinates"":[-13.045828629389957,15.64537339857503]}"
-0.4506323,35,0,train,"{""geodesic"":false,""type"":""Point"",""coordinates"":[-13.12964144539831,15.658848127836823]}"
-0.3589916,54,0,train,"{""geodesic"":false,""type"":""Point"",""coordinates"":[-13.34820155402459,15.4782867557288]}"
-0.31798974,21,0,train,"{""geodesic"":false,""type"":""Point"",""coordinates"":[-13.176802997814585,15.600906792011113]}"
-0.366084,65,0,train,"{""geodesic"":false,""type"":""Point"",""coordinates"":[-13.035318340565759,15.801680258011826]}"
-0.11201642,19,0,train,"{""geodesic"":false,""type"":""Point"",""coordinates"":[-13.075742528351139,15.425465817022571]}"
-0.43697855,38,0,train,"{""geodesic"":false,""type"":""Point"",""coordinates"":[-13.237978268663124,15.451606791790448]}"
-0.40281564,49,0,train,"{""geodesic"":false,""type"":""Point"",""coordinates"":[-13.06199830450411,15.830516178632063]}"
-0.38429394,70,0,train,"{""geodesic"":false,""type"":""Point"",""coordinates"":[-13.441985669686668,15.605488199960122]}"
-0.3221272,62,0,test,"{""geodesic"":false,""type"":""Point"",""coordinates"":[-13.060920326163165,15.775269788658713]}"
-0.521802,22,0,test,"{""geodesic"":false,""type"":""Point"",""coordinates"":[-13.389973214736147,15.770418886124467]}"
-0.43816206,82,0,train,"{""geodesic"":false,""type"":""Point"",""coordinates"":[-13.406951373606006,15.378304264606296]}"
-0.49182707,38,0,train,"{""geodesic"":false,""type"":""Point"",""coordinates"":[-13.402639460242233,15.525178813559837]}"
-0.46665338,25,0,train,"{""geodesic"":false,""type"":""Point"",""coordinates"":[-13.411802276140252,15.77473079948824]}"
-0.40799177,20,0,train,"{""geodesic"":false,""type"":""Point"",""coordinates"":[-13.400483503560345,15.79629036630711]}"
-0.5854674,37,0,train,"{""geodesic"":false,""type"":""Point"",""coordinates"":[-13.156860398507131,15.379112748362003]}"
-0.34203508,23,0,train,"{""geodesic"":false,""type"":""Point"",""coordinates"":[-13.123443069937885,15.603601737863471]}"
-0.45029983,56,0,train,"{""geodesic"":false,""type"":""Point"",""coordinates"":[-13.127485488716422,15.698463831866492]}"
-0.3541255,21,0,test,"{""geodesic"":false,""type"":""Point"",""coordinates"":[-13.27651599435185,15.744277911356589]}"
-0.4121255,28,0,train,"{""geodesic"":false,""type"":""Point"",""coordinates"":[-13.39751906312275,15.705740185667862]}"
-0.42054063,49,0,train,"{""geodesic"":false,""type"":""Point"",""coordinates"":[-13.154704441825244,15.77149686446541]}"
-0.26084253,18,0,test,"{""geodesic"":false,""type"":""Point"",""coordinates"":[-13.156321409336659,15.600906792011113]}"
-0.17143205,15,0,train,"{""geodesic"":false,""type"":""Point"",""coordinates"":[-13.249027546657794,15.61545949961385]}"
-0.42846957,60,0,train,"{""geodesic"":false,""type"":""Point"",""coordinates"":[-12.985192347711891,15.697924842696022]}"
-0.40104088,58,0,train,"{""geodesic"":false,""type"":""Point"",""coordinates"":[-13.007829892871703,15.70843513152022]}"
-0.3314347,76,0,test,"{""geodesic"":false,""type"":""Point"",""coordinates"":[-13.36571870206492,15.385041629237191]}"
-0.406617,70,0,train,"{""geodesic"":false,""type"":""Point"",""coordinates"":[-13.08409686049345,15.675017802950974]}"
-0.27300042,34,0,train,"{""geodesic"":false,""type"":""Point"",""coordinates"":[-13.26492772718671,15.487719066212053]}"
-0.51295376,43,0,train,"{""geodesic"":false,""type"":""Point"",""coordinates"":[-13.463006247335064,15.75074578140225]}"
-0.44595817,31,0,train,"{""geodesic"":false,""type"":""Point"",""coordinates"":[-13.23043242027652,15.769610402368759]}"
-0.3248098,21,0,train,"{""geodesic"":false,""type"":""Point"",""coordinates"":[-13.012950289991183,15.502541268400025]}"
-0.0887352,15,0,train,"{""geodesic"":false,""type"":""Point"",""coordinates"":[-13.045289640219487,15.43139469789776]}"
-0.37661576,58,0,train,"{""geodesic"":false,""type"":""Point"",""coordinates"":[-13.261154802993408,15.43651509501724]}"
-0.24666971,20,0,train,"{""geodesic"":false,""type"":""Point"",""coordinates"":[-13.34362014607558,15.735654084629042]}"
-0.44762915,60,0,test,"{""geodesic"":false,""type"":""Point"",""coordinates"":[-13.27786346727803,15.43974903004007]}"
-0.4084528,47,0,train,"{""geodesic"":false,""type"":""Point"",""coordinates"":[-13.101883503119016,15.700080799377908]}"
-0.52791303,53,0,train,"{""geodesic"":false,""type"":""Point"",""coordinates"":[-13.005673936189815,15.575843795584179]}"
-0.4606643,21,0,train,"{""geodesic"":false,""type"":""Point"",""coordinates"":[-13.396710579367044,15.822700835660223]}"
-0.4716879,20,0,train,"{""geodesic"":false,""type"":""Point"",""coordinates"":[-13.116705705306988,15.43786256794342]}"
-0.48529947,45,0,train,"{""geodesic"":false,""type"":""Point"",""coordinates"":[-13.081401914641091,15.706279174838333]}"
-0.4075375,28,0,train,"{""geodesic"":false,""type"":""Point"",""coordinates"":[-13.413688738236901,15.807070149716543]}"
-0.45853823,58,0,train,"{""geodesic"":false,""type"":""Point"",""coordinates"":[-13.026964008423448,15.825665276097817]}"
-0.40443048,69,0,train,"{""geodesic"":false,""type"":""Point"",""coordinates"":[-12.966597221330616,15.663429535785832]}"
-0.57811105,24,0,test,"{""geodesic"":false,""type"":""Point"",""coordinates"":[-13.086791806345808,15.463464553540826]}"
-0.3566308,36,0,train,"{""geodesic"":false,""type"":""Point"",""coordinates"":[-13.20105751048581,15.468315456075072]}"
-0.58257914,67,0,train,"{""geodesic"":false,""type"":""Point"",""coordinates"":[-12.98707880980854,15.665046503297248]}"
-0.2818568,17,0,test,"{""geodesic"":false,""type"":""Point"",""coordinates"":[-13.317748665892937,15.728377730827674]}"
-0.5279176,80,0,train,"{""geodesic"":false,""type"":""Point"",""coordinates"":[-13.464084225676007,15.436784589602476]}"
-0.40500996,77,0,train,"{""geodesic"":false,""type"":""Point"",""coordinates"":[-13.453843431437045,15.614920510443378]}"
-0.47127938,37,0,train,"{""geodesic"":false,""type"":""Point"",""coordinates"":[-13.029928448861043,15.579886214362716]}"
-0.34891564,21,0,train,"{""geodesic"":false,""type"":""Point"",""coordinates"":[-13.268970145965246,15.807339644301779]}"
-0.3128894,19,0,train,"{""geodesic"":false,""type"":""Point"",""coordinates"":[-13.051488015679912,15.465351015637477]}"
-0.35526708,54,0,train,"{""geodesic"":false,""type"":""Point"",""coordinates"":[-13.027233503008684,15.695229896843664]}"
-0.447056,78,0,train,"{""geodesic"":false,""type"":""Point"",""coordinates"":[-13.43524830505577,15.405792712300354]}"
-0.4368859,33,0,train,"{""geodesic"":false,""type"":""Point"",""coordinates"":[-13.161980795626611,15.675556792121446]}"
-0.42228594,52,0,train,"{""geodesic"":false,""type"":""Point"",""coordinates"":[-13.030467438031515,15.6849891026047]}"
-0.08501089,18,0,train,"{""geodesic"":false,""type"":""Point"",""coordinates"":[-13.09514613848812,15.552667261253895]}"
-0.36997974,25,0,train,"{""geodesic"":false,""type"":""Point"",""coordinates"":[-13.319365633404352,15.519519427269884]}"
-0.44972357,64,0,train,"{""geodesic"":false,""type"":""Point"",""coordinates"":[-13.014297762917362,15.832133146143478]}"
-0.4306199,65,0,train,"{""geodesic"":false,""type"":""Point"",""coordinates"":[-13.391320687662326,15.434359138335354]}"
-0.5659886,20,0,test,"{""geodesic"":false,""type"":""Point"",""coordinates"":[-13.315862203796286,15.546199391208235]}"
-0.4996931,25,0,train,"{""geodesic"":false,""type"":""Point"",""coordinates"":[-13.08409686049345,15.605488199960122]}"
-0.51752466,68,0,train,"{""geodesic"":false,""type"":""Point"",""coordinates"":[-13.243098665782606,15.405792712300354]}"
-0.37090462,22,0,train,"{""geodesic"":false,""type"":""Point"",""coordinates"":[-13.21291527223619,15.792786936699043]}"
-0.49036038,25,0,test,"{""geodesic"":false,""type"":""Point"",""coordinates"":[-13.101075019363309,15.611956070005784]}"
-0.5666747,17,0,test,"{""geodesic"":false,""type"":""Point"",""coordinates"":[-13.265197221771945,15.760178091885505]}"
-0.19072144,19,0,train,"{""geodesic"":false,""type"":""Point"",""coordinates"":[-13.222347582719443,15.788205528750034]}"
-0.44262427,35,0,test,"{""geodesic"":false,""type"":""Point"",""coordinates"":[-13.18946924332067,15.736732062969985]}"
-0.42779824,51,0,test,"{""geodesic"":false,""type"":""Point"",""coordinates"":[-12.954469964995003,15.816502460199798]}"
-0.1520909,17,0,train,"{""geodesic"":false,""type"":""Point"",""coordinates"":[-13.049871048168496,15.423848849511156]}"
-0.2944388,19,0,train,"{""geodesic"":false,""type"":""Point"",""coordinates"":[-13.232318882373171,15.55428422876531]}"
-0.36867505,50,0,test,"{""geodesic"":false,""type"":""Point"",""coordinates"":[-13.148236571779583,15.680946683826162]}"
-0.3177282,18,0,train,"{""geodesic"":false,""type"":""Point"",""coordinates"":[-13.253878449192039,15.602523759522528]}"
-0.47683075,25,0,train,"{""geodesic"":false,""type"":""Point"",""coordinates"":[-13.229354441935577,15.801680258011826]}"
-0.53503305,81,0,train,"{""geodesic"":false,""type"":""Point"",""coordinates"":[-13.427702456669167,15.459422134762288]}"
-0.294465,33,0,test,"{""geodesic"":false,""type"":""Point"",""coordinates"":[-13.278671951033738,15.713286034054466]}"
-0.38543016,20,0,train,"{""geodesic"":false,""type"":""Point"",""coordinates"":[-13.43066689710676,15.816771954785034]}"
-0.5544029,22,0,train,"{""geodesic"":false,""type"":""Point"",""coordinates"":[-13.180575922007886,15.621118885903803]}"
-0.41738084,26,0,train,"{""geodesic"":false,""type"":""Point"",""coordinates"":[-13.1641367523085,15.633785131409887]}"
-0.45439467,52,0,test,"{""geodesic"":false,""type"":""Point"",""coordinates"":[-13.068735669135005,15.751554265157957]}"
-0.42015496,21,0,train,"{""geodesic"":false,""type"":""Point"",""coordinates"":[-13.233396860714114,15.780390185778193]}"
-0.2891446,56,0,train,"{""geodesic"":false,""type"":""Point"",""coordinates"":[-13.08867826844246,15.8345585974106]}"
-0.393955,33,0,train,"{""geodesic"":false,""type"":""Point"",""coordinates"":[-13.30589090414256,15.514399030150404]}"
-0.58018947,47,0,train,"{""geodesic"":false,""type"":""Point"",""coordinates"":[-13.089486752198166,15.828360221950176]}"
-0.37260216,20,0,train,"{""geodesic"":false,""type"":""Point"",""coordinates"":[-13.1641367523085,15.623005348000454]}"
-0.53663105,26,0,train,"{""geodesic"":false,""type"":""Point"",""coordinates"":[-13.132066896665432,15.43597610584677]}"
-0.44114357,77,0,train,"{""geodesic"":false,""type"":""Point"",""coordinates"":[-13.443602637198083,15.410104625664127]}"
-0.54538834,37,0,train,"{""geodesic"":false,""type"":""Point"",""coordinates"":[-13.099458051851894,15.728647225412908]}"
-0.32866883,47,0,train,"{""geodesic"":false,""type"":""Point"",""coordinates"":[-13.098110578925715,15.769071413198288]}"
-0.4450186,19,0,train,"{""geodesic"":false,""type"":""Point"",""coordinates"":[-13.246871589975907,15.549972315401536]}"
-0.49969572,47,0,train,"{""geodesic"":false,""type"":""Point"",""coordinates"":[-13.03666581349194,15.595516900306396]}"
-0.3746597,22,0,train,"{""geodesic"":false,""type"":""Point"",""coordinates"":[-13.288643250687464,15.564525023004272]}"
-0.48725334,42,0,train,"{""geodesic"":false,""type"":""Point"",""coordinates"":[-13.423390543305393,15.739965997992815]}"
-0.3656553,65,0,train,"{""geodesic"":false,""type"":""Point"",""coordinates"":[-13.035048845980524,15.812999030591731]}"
-0.48518562,18,0,test,"{""geodesic"":false,""type"":""Point"",""coordinates"":[-13.295380615318361,15.775539283243948]}"
-0.43764928,51,0,train,"{""geodesic"":false,""type"":""Point"",""coordinates"":[-13.025077546326797,15.745894878868004]}"
-0.48015317,30,0,train,"{""geodesic"":false,""type"":""Point"",""coordinates"":[-13.164406246893735,15.441904986721958]}"
-0.4248703,46,0,test,"{""geodesic"":false,""type"":""Point"",""coordinates"":[-13.345506608172231,15.49580390376913]}"
-0.42766392,17,0,train,"{""geodesic"":false,""type"":""Point"",""coordinates"":[-13.2851398210794,15.596325384062103]}"
-0.3129951,18,0,train,"{""geodesic"":false,""type"":""Point"",""coordinates"":[-13.130449929154016,15.592821954454038]}"
-0.30976444,55,0,train,"{""geodesic"":false,""type"":""Point"",""coordinates"":[-13.371647582940108,15.509009138445686]}"
-0.50983524,66,0,train,"{""geodesic"":false,""type"":""Point"",""coordinates"":[-13.231779893202699,15.39824686391375]}"
-0.0690678,16,0,train,"{""geodesic"":false,""type"":""Point"",""coordinates"":[-13.23878675241883,15.730264192924324]}"
-0.41345328,88,0,train,"{""geodesic"":false,""type"":""Point"",""coordinates"":[-13.25576491128869,15.38261617797007]}"
-0.4066889,19,0,test,"{""geodesic"":false,""type"":""Point"",""coordinates"":[-13.191086210832085,15.521405889366536]}"
-0.41467497,41,0,train,"{""geodesic"":false,""type"":""Point"",""coordinates"":[-13.113202275698923,15.700080799377908]}"
-0.4102025,71,0,train,"{""geodesic"":false,""type"":""Point"",""coordinates"":[-13.437943250908129,15.372644878316343]}"
-0.49406588,66,0,test,"{""geodesic"":false,""type"":""Point"",""coordinates"":[-12.990312744831371,15.556440185447197]}"
-0.38975188,19,0,test,"{""geodesic"":false,""type"":""Point"",""coordinates"":[-13.052296499435618,15.423309860340684]}"
-0.41895044,24,0,train,"{""geodesic"":false,""type"":""Point"",""coordinates"":[-13.404525922338882,15.8059921713756]}"
-0.46319592,39,0,train,"{""geodesic"":false,""type"":""Point"",""coordinates"":[-13.229623936520811,15.49957682796243]}"
-0.17163616,22,0,train,"{""geodesic"":false,""type"":""Point"",""coordinates"":[-13.048523575242317,15.525987297315545]}"
-0.43016016,21,0,train,"{""geodesic"":false,""type"":""Point"",""coordinates"":[-13.416114189504025,15.820275384393101]}"
-0.41246054,81,0,train,"{""geodesic"":false,""type"":""Point"",""coordinates"":[-13.414227727407374,15.387467080504315]}"
-0.4880295,80,0,train,"{""geodesic"":false,""type"":""Point"",""coordinates"":[-13.412071770725486,15.409296141908419]}"
-0.4939777,39,0,train,"{""geodesic"":false,""type"":""Point"",""coordinates"":[-13.026425019252976,15.568836936368045]}"
-0.4488969,42,0,train,"{""geodesic"":false,""type"":""Point"",""coordinates"":[-13.159824838944726,15.819466900637392]}"
-0.43738443,26,0,train,"{""geodesic"":false,""type"":""Point"",""coordinates"":[-13.210489820969066,15.777156250755363]}"
-0.3796814,43,0,train,"{""geodesic"":false,""type"":""Point"",""coordinates"":[-13.111585308187507,15.783624120801024]}"
-0.4212001,52,0,train,"{""geodesic"":false,""type"":""Point"",""coordinates"":[-13.409646319458364,15.602523759522528]}"
-0.5140156,51,0,train,"{""geodesic"":false,""type"":""Point"",""coordinates"":[-13.460311301482704,15.745894878868004]}"
-0.39360687,53,0,train,"{""geodesic"":false,""type"":""Point"",""coordinates"":[-13.044481156463778,15.75586617852173]}"
-0.3194623,16,0,train,"{""geodesic"":false,""type"":""Point"",""coordinates"":[-13.0040569686784,15.514129535565168]}"
-0.5294088,32,0,train,"{""geodesic"":false,""type"":""Point"",""coordinates"":[-13.219652636867085,15.515477008491347]}"
-0.53715396,45,0,train,"{""geodesic"":false,""type"":""Point"",""coordinates"":[-13.014028268332128,15.744547405941825]}"
-0.4189116,34,0,train,"{""geodesic"":false,""type"":""Point"",""coordinates"":[-13.281636391471332,15.516824481417526]}"
-0.46709046,43,0,train,"{""geodesic"":false,""type"":""Point"",""coordinates"":[-13.298345055755956,15.49445643084295]}"
-0.47583082,66,0,train,"{""geodesic"":false,""type"":""Point"",""coordinates"":[-13.431744875447704,15.655614192813992]}"
-0.37271723,65,0,train,"{""geodesic"":false,""type"":""Point"",""coordinates"":[-13.231240904032227,15.742660943845173]}"
-0.57713944,25,0,test,"{""geodesic"":false,""type"":""Point"",""coordinates"":[-13.433092348373885,15.821892351904516]}"
-0.4719618,32,0,train,"{""geodesic"":false,""type"":""Point"",""coordinates"":[-13.180575922007886,15.434359138335354]}"
-0.5085664,46,0,train,"{""geodesic"":false,""type"":""Point"",""coordinates"":[-13.139882239637272,15.380460221288182]}"
-0.3827667,19,0,train,"{""geodesic"":false,""type"":""Point"",""coordinates"":[-13.356825380752136,15.686067080945644]}"
-0.3118311,21,0,train,"{""geodesic"":false,""type"":""Point"",""coordinates"":[-13.256573395044398,15.661004084518709]}"
-0.53106445,49,0,train,"{""geodesic"":false,""type"":""Point"",""coordinates"":[-12.978993972251466,15.729455709168617]}"
-0.43880764,77,0,train,"{""geodesic"":false,""type"":""Point"",""coordinates"":[-12.981688918103824,15.831594156973006]}"
-0.37537995,57,0,train,"{""geodesic"":false,""type"":""Point"",""coordinates"":[-13.432553359203412,15.49769036586578]}"
-0.5000686,35,0,train,"{""geodesic"":false,""type"":""Point"",""coordinates"":[-13.18812177039449,15.483137658263043]}"
-0.43990794,52,0,test,"{""geodesic"":false,""type"":""Point"",""coordinates"":[-13.011333322479768,15.712477550298757]}"
-0.48031947,30,0,train,"{""geodesic"":false,""type"":""Point"",""coordinates"":[-13.3851223122019,15.656961665740171]}"
-0.31182647,25,0,test,"{""geodesic"":false,""type"":""Point"",""coordinates"":[-13.321252095501004,15.604949210789652]}"
-0.31532794,19,0,test,"{""geodesic"":false,""type"":""Point"",""coordinates"":[-13.229893431106047,15.706548669423569]}"
-0.49585295,46,0,train,"{""geodesic"":false,""type"":""Point"",""coordinates"":[-13.428241445839639,15.72999469833909]}"
-0.5227366,57,0,test,"{""geodesic"":false,""type"":""Point"",""coordinates"":[-13.435787294226243,15.73376762253239]}"
-0.4559321,42,0,train,"{""geodesic"":false,""type"":""Point"",""coordinates"":[-13.103769965215667,15.763951016078806]}"
-0.35476363,44,0,train,"{""geodesic"":false,""type"":""Point"",""coordinates"":[-13.224773033986567,15.719214914929655]}"
-0.50826216,57,0,test,"{""geodesic"":false,""type"":""Point"",""coordinates"":[-13.434439821300064,15.734576106288099]}"
-0.32721114,23,0,train,"{""geodesic"":false,""type"":""Point"",""coordinates"":[-13.274360037669965,15.790091990846685]}"
-0.46121487,60,0,test,"{""geodesic"":false,""type"":""Point"",""coordinates"":[-12.986809315223306,15.779851196607721]}"
-0.48012164,16,0,test,"{""geodesic"":false,""type"":""Point"",""coordinates"":[-13.3851223122019,15.766645961931165]}"
-0.53471094,28,0,train,"{""geodesic"":false,""type"":""Point"",""coordinates"":[-13.056069423628921,15.570184409294226]}"
-0.3098868,22,0,train,"{""geodesic"":false,""type"":""Point"",""coordinates"":[-13.253339460021568,15.649415817353567]}"
-0.47092268,85,0,test,"{""geodesic"":false,""type"":""Point"",""coordinates"":[-13.330414911399023,15.38450264006672]}"
-0.4768576,66,0,train,"{""geodesic"":false,""type"":""Point"",""coordinates"":[-12.999206066144154,15.625430799267576]}"
-0.38240802,42,0,train,"{""geodesic"":false,""type"":""Point"",""coordinates"":[-13.3813493880086,15.61680697254003]}"
-0.50405294,41,0,train,"{""geodesic"":false,""type"":""Point"",""coordinates"":[-13.121287113255997,15.38450264006672]}"
-0.40487894,69,0,train,"{""geodesic"":false,""type"":""Point"",""coordinates"":[-13.388356247224731,15.399324842254693]}"
-0.4666568,37,0,train,"{""geodesic"":false,""type"":""Point"",""coordinates"":[-13.005134947019343,15.531107694435027]}"
-0.40994412,47,0,train,"{""geodesic"":false,""type"":""Point"",""coordinates"":[-13.064962744941704,15.83590607033678]}"
-0.48634318,70,0,train,"{""geodesic"":false,""type"":""Point"",""coordinates"":[-13.278132961863266,15.428969246630636]}"
-0.40708473,30,0,test,"{""geodesic"":false,""type"":""Point"",""coordinates"":[-13.228545958179868,15.828360221950176]}"
-0.5239304,25,0,train,"{""geodesic"":false,""type"":""Point"",""coordinates"":[-13.177611481570292,15.738888019651872]}"
-0.5288992,27,0,train,"{""geodesic"":false,""type"":""Point"",""coordinates"":[-13.328258954717136,15.564255528419038]}"
-0.41563994,28,0,train,"{""geodesic"":false,""type"":""Point"",""coordinates"":[-13.344967619001759,15.547277369549178]}"
-0.45030782,63,0,test,"{""geodesic"":false,""type"":""Point"",""coordinates"":[-13.125599026619772,15.752632243498901]}"
-0.41454005,73,0,test,"{""geodesic"":false,""type"":""Point"",""coordinates"":[-13.40210047107176,15.43597610584677]}"
-0.47585773,58,0,train,"{""geodesic"":false,""type"":""Point"",""coordinates"":[-13.019148665451608,15.68633657553088]}"
-0.31400847,50,0,train,"{""geodesic"":false,""type"":""Point"",""coordinates"":[-13.12829397247213,15.762873037737863]}"
-0.32621616,46,0,train,"{""geodesic"":false,""type"":""Point"",""coordinates"":[-13.132066896665432,15.813268525176968]}"
-0.5358418,22,0,train,"{""geodesic"":false,""type"":""Point"",""coordinates"":[-13.126138015790243,15.437323578772949]}"
-0.42616054,32,0,train,"{""geodesic"":false,""type"":""Point"",""coordinates"":[-13.401830976486524,15.74670336262371]}"
-0.43051124,80,0,train,"{""geodesic"":false,""type"":""Point"",""coordinates"":[-13.33122339515473,15.397977369328514]}"
-0.43669435,29,0,train,"{""geodesic"":false,""type"":""Point"",""coordinates"":[-13.365988196650155,15.646181882330737]}"
-0.37947604,80,0,train,"{""geodesic"":false,""type"":""Point"",""coordinates"":[-13.306968882483503,15.432472676238703]}"
-0.32620612,16,0,train,"{""geodesic"":false,""type"":""Point"",""coordinates"":[-13.259807330067227,15.670436395001964]}"
-0.4283638,74,0,test,"{""geodesic"":false,""type"":""Point"",""coordinates"":[-13.303734947460672,15.456188199739458]}"
-0.26640528,18,0,train,"{""geodesic"":false,""type"":""Point"",""coordinates"":[-13.274360037669965,15.770418886124467]}"
-0.41955113,39,0,train,"{""geodesic"":false,""type"":""Point"",""coordinates"":[-13.151470506802413,15.821083868148808]}"
-0.30965063,35,0,train,"{""geodesic"":false,""type"":""Point"",""coordinates"":[-13.410993792384543,15.801949752597062]}"
-0.41094863,66,0,test,"{""geodesic"":false,""type"":""Point"",""coordinates"":[-13.006482419945524,15.767993434857344]}"
-0.33952844,66,0,test,"{""geodesic"":false,""type"":""Point"",""coordinates"":[-13.298614550341192,15.456457694324694]}"
-0.3039054,50,0,train,"{""geodesic"":false,""type"":""Point"",""coordinates"":[-13.097302095170006,15.773383326562062]}"
-0.42795017,72,0,train,"{""geodesic"":false,""type"":""Point"",""coordinates"":[-13.4489925289028,15.624352820926633]}"
-0.44496986,65,0,train,"{""geodesic"":false,""type"":""Point"",""coordinates"":[-13.32286906301242,15.421962387414505]}"
-0.4932615,54,0,train,"{""geodesic"":false,""type"":""Point"",""coordinates"":[-13.028580975934863,15.706009680253096]}"
-0.49355182,81,0,train,"{""geodesic"":false,""type"":""Point"",""coordinates"":[-13.44818404514709,15.423040365755448]}"
-0.45115864,22,0,train,"{""geodesic"":false,""type"":""Point"",""coordinates"":[-13.127215994131186,15.594169427380217]}"
-0.48423722,46,0,train,"{""geodesic"":false,""type"":""Point"",""coordinates"":[-13.108620867749913,15.661812568274417]}"
-0.08457043,21,0,train,"{""geodesic"":false,""type"":""Point"",""coordinates"":[-13.336343792274212,15.695229896843664]}"
-0.39452636,62,0,test,"{""geodesic"":false,""type"":""Point"",""coordinates"":[-13.337152276029919,15.459152640177052]}"
-0.39092398,41,0,train,"{""geodesic"":false,""type"":""Point"",""coordinates"":[-13.386200290542845,15.623005348000454]}"
-0.5349079,56,0,train,"{""geodesic"":false,""type"":""Point"",""coordinates"":[-13.42231256496445,15.525178813559837]}"
-0.3478402,21,0,train,"{""geodesic"":false,""type"":""Point"",""coordinates"":[-13.092990181806233,15.477747766558327]}"
-0.43151322,59,0,train,"{""geodesic"":false,""type"":""Point"",""coordinates"":[-12.968483683427268,15.694151918502719]}"
-0.43580392,25,0,train,"{""geodesic"":false,""type"":""Point"",""coordinates"":[-13.260076824652463,15.542426467014932]}"
-0.29835835,20,0,train,"{""geodesic"":false,""type"":""Point"",""coordinates"":[-13.325294514279541,15.788744517920506]}"
-0.5105839,56,0,train,"{""geodesic"":false,""type"":""Point"",""coordinates"":[-13.220730615208028,15.402558777277523]}"
-0.51979524,55,0,train,"{""geodesic"":false,""type"":""Point"",""coordinates"":[-13.434170326714828,15.53272466194644]}"
-0.40027645,37,0,test,"{""geodesic"":false,""type"":""Point"",""coordinates"":[-13.38593079595761,15.614381521272906]}"
-0.3721716,46,0,train,"{""geodesic"":false,""type"":""Point"",""coordinates"":[-13.189738737905905,15.410374120249363]}"
-0.40110373,33,0,train,"{""geodesic"":false,""type"":""Point"",""coordinates"":[-13.240673214515482,15.503888741326206]}"
-0.39644763,29,0,train,"{""geodesic"":false,""type"":""Point"",""coordinates"":[-13.170065633183688,15.465620510222713]}"
-0.39737025,67,0,train,"{""geodesic"":false,""type"":""Point"",""coordinates"":[-13.361406788701146,15.392856972209032]}"
-0.43683496,18,0,train,"{""geodesic"":false,""type"":""Point"",""coordinates"":[-13.400214008975109,15.828360221950176]}"
-0.49032557,30,0,train,"{""geodesic"":false,""type"":""Point"",""coordinates"":[-13.159285849774253,15.405253723129881]}"
-0.0853481,19,0,train,"{""geodesic"":false,""type"":""Point"",""coordinates"":[-13.318557149648644,15.65318874154687]}"
-0.29638273,21,0,train,"{""geodesic"":false,""type"":""Point"",""coordinates"":[-13.299423034096899,15.739696503407579]}"
-0.38513073,53,0,train,"{""geodesic"":false,""type"":""Point"",""coordinates"":[-13.392129171418034,15.475052820705969]}"
-0.3395757,62,0,train,"{""geodesic"":false,""type"":""Point"",""coordinates"":[-12.993546679854202,15.677173759632861]}"
-0.39431193,84,0,train,"{""geodesic"":false,""type"":""Point"",""coordinates"":[-13.010524838724061,15.802488741767533]}"
-0.4455649,81,0,test,"{""geodesic"":false,""type"":""Point"",""coordinates"":[-13.36760516416157,15.387736575089551]}"
-0.4368554,84,0,train,"{""geodesic"":false,""type"":""Point"",""coordinates"":[-13.400752998145581,15.383155167140542]}"
-0.38897666,55,0,train,"{""geodesic"":false,""type"":""Point"",""coordinates"":[-13.036396318906704,15.694960402258427]}"
-0.4159951,65,0,test,"{""geodesic"":false,""type"":""Point"",""coordinates"":[-13.05418296153227,15.652649752376398]}"
-0.29540116,20,0,test,"{""geodesic"":false,""type"":""Point"",""coordinates"":[-13.296997582829777,15.7240658174639]}"
-0.46585256,60,0,train,"{""geodesic"":false,""type"":""Point"",""coordinates"":[-13.002978990337457,15.59524740572116]}"
-0.60066617,31,0,train,"{""geodesic"":false,""type"":""Point"",""coordinates"":[-13.198362564633452,15.488258055382525]}"
-0.20420142,19,0,train,"{""geodesic"":false,""type"":""Point"",""coordinates"":[-13.320443611745295,15.650224301109274]}"
-0.44621226,50,0,test,"{""geodesic"":false,""type"":""Point"",""coordinates"":[-13.156051914751423,15.806800655131308]}"
-0.49445197,77,0,train,"{""geodesic"":false,""type"":""Point"",""coordinates"":[-13.451956969340394,15.39420444513521]}"
-0.3721143,80,0,train,"{""geodesic"":false,""type"":""Point"",""coordinates"":[-13.445489099294733,15.58285065480031]}"
-0.4259691,70,0,train,"{""geodesic"":false,""type"":""Point"",""coordinates"":[-12.990043250246135,15.55428422876531]}"
-0.36932614,26,0,train,"{""geodesic"":false,""type"":""Point"",""coordinates"":[-13.387547763469025,15.698194337281258]}"
-0.49260852,24,0,train,"{""geodesic"":false,""type"":""Point"",""coordinates"":[-13.393207149758977,15.737540546725693]}"
-0.49412712,52,0,train,"{""geodesic"":false,""type"":""Point"",""coordinates"":[-13.025886030082505,15.71166906654305]}"
-0.45078498,31,0,train,"{""geodesic"":false,""type"":""Point"",""coordinates"":[-13.20968133721336,15.468315456075072]}"
-0.3073678,46,0,train,"{""geodesic"":false,""type"":""Point"",""coordinates"":[-13.094068160147176,15.768532424027816]}"
-0.40943548,27,0,test,"{""geodesic"":false,""type"":""Point"",""coordinates"":[-13.171413106109867,15.415494517368844]}"
-0.30676183,31,0,train,"{""geodesic"":false,""type"":""Point"",""coordinates"":[-13.22261707730468,15.457805167250873]}"
-0.46642017,38,0,train,"{""geodesic"":false,""type"":""Point"",""coordinates"":[-13.036396318906704,15.72137087161154]}"
-0.43846503,31,0,train,"{""geodesic"":false,""type"":""Point"",""coordinates"":[-13.372995055866287,15.568297947197575]}"
-0.47005585,82,0,train,"{""geodesic"":false,""type"":""Point"",""coordinates"":[-13.437134767152422,15.395821412646626]}"
-0.36822456,41,0,train,"{""geodesic"":false,""type"":""Point"",""coordinates"":[-13.144733142171518,15.739696503407579]}"
-0.10733175,15,0,train,"{""geodesic"":false,""type"":""Point"",""coordinates"":[-13.27274307015855,15.598750835329227]}"
-0.26124766,21,0,test,"{""geodesic"":false,""type"":""Point"",""coordinates"":[-13.292685669466003,15.823509319415932]}"
-0.4545366,26,0,train,"{""geodesic"":false,""type"":""Point"",""coordinates"":[-13.177611481570292,15.481520690751628]}"
-0.33415756,43,0,train,"{""geodesic"":false,""type"":""Point"",""coordinates"":[-13.132336391250668,15.833750113654894]}"
-0.4810386,34,0,train,"{""geodesic"":false,""type"":""Point"",""coordinates"":[-13.186774297468311,15.693343434747012]}"
-0.4291266,58,0,train,"{""geodesic"":false,""type"":""Point"",""coordinates"":[-13.059033864066516,15.652380257791162]}"
-0.37419724,68,0,test,"{""geodesic"":false,""type"":""Point"",""coordinates"":[-13.326102998035248,15.407409679811769]}"
-0.40079343,36,0,train,"{""geodesic"":false,""type"":""Point"",""coordinates"":[-13.393476644344213,15.564525023004272]}"
-0.41531935,28,0,train,"{""geodesic"":false,""type"":""Point"",""coordinates"":[-13.18030642742265,15.772305348221117]}"
-0.49726903,31,0,train,"{""geodesic"":false,""type"":""Point"",""coordinates"":[-13.10808187857944,15.62192736965951]}"
-0.44320863,63,0,train,"{""geodesic"":false,""type"":""Point"",""coordinates"":[-13.41907862994162,15.612495059176256]}"
-0.5165568,62,0,train,"{""geodesic"":false,""type"":""Point"",""coordinates"":[-13.445489099294733,15.479634228654978]}"
-0.43839207,75,0,train,"{""geodesic"":false,""type"":""Point"",""coordinates"":[-13.45680787187464,15.37803477002106]}"
-0.36922935,51,0,train,"{""geodesic"":false,""type"":""Point"",""coordinates"":[-13.140421228807744,15.782276647874845]}"
-0.4931269,37,0,train,"{""geodesic"":false,""type"":""Point"",""coordinates"":[-13.040708232270477,15.574226828072764]}"
-0.60965896,20,0,test,"{""geodesic"":false,""type"":""Point"",""coordinates"":[-13.173299568206518,15.493378452502007]}"
-0.49893615,24,0,train,"{""geodesic"":false,""type"":""Point"",""coordinates"":[-13.122365091596942,15.417650474050731]}"
-0.41936067,23,0,test,"{""geodesic"":false,""type"":""Point"",""coordinates"":[-13.090025741368638,15.608722134982953]}"
-0.39768925,26,0,train,"{""geodesic"":false,""type"":""Point"",""coordinates"":[-13.352243972803127,15.634054625995123]}"
-0.4298893,70,0,train,"{""geodesic"":false,""type"":""Point"",""coordinates"":[-13.096224116829063,15.671783867928143]}"
-0.50541633,82,0,test,"{""geodesic"":false,""type"":""Point"",""coordinates"":[-13.408298846532185,15.414686033613137]}"
-0.4096871,49,0,train,"{""geodesic"":false,""type"":""Point"",""coordinates"":[-13.401561481901288,15.627317261364228]}"
-0.5905845,32,0,train,"{""geodesic"":false,""type"":""Point"",""coordinates"":[-13.14069072339298,15.828360221950176]}"
-0.45266104,21,0,train,"{""geodesic"":false,""type"":""Point"",""coordinates"":[-13.170065633183688,15.488258055382525]}"
-0.5355295,46,0,train,"{""geodesic"":false,""type"":""Point"",""coordinates"":[-13.174377546547461,15.371836394560635]}"
-0.4224469,33,0,train,"{""geodesic"":false,""type"":""Point"",""coordinates"":[-13.169796138598452,15.457805167250873]}"
-0.44147214,48,0,train,"{""geodesic"":false,""type"":""Point"",""coordinates"":[-13.431744875447704,15.697116358940313]}"
-0.4113025,52,0,train,"{""geodesic"":false,""type"":""Point"",""coordinates"":[-13.054721950702742,15.830516178632063]}"
-0.4697985,43,0,train,"{""geodesic"":false,""type"":""Point"",""coordinates"":[-13.105386932727082,15.759639102715033]}"
-0.3359764,55,0,train,"{""geodesic"":false,""type"":""Point"",""coordinates"":[-13.349279532365532,15.592821954454038]}"
-0.4291125,74,0,train,"{""geodesic"":false,""type"":""Point"",""coordinates"":[-13.451148485584687,15.626778272193755]}"
-0.43460512,49,0,train,"{""geodesic"":false,""type"":""Point"",""coordinates"":[-13.028311481349627,15.70843513152022]}"
-0.4580857,79,0,train,"{""geodesic"":false,""type"":""Point"",""coordinates"":[-13.461119785238413,15.442443975892429]}"
-0.07614255,17,0,test,"{""geodesic"":false,""type"":""Point"",""coordinates"":[-13.245524117049728,15.597942351573518]}"
-0.50195,59,0,train,"{""geodesic"":false,""type"":""Point"",""coordinates"":[-13.418539640771147,15.575574300998943]}"
-0.39211583,72,0,test,"{""geodesic"":false,""type"":""Point"",""coordinates"":[-13.326372492620484,15.403636755618466]}"
-0.4018061,31,0,train,"{""geodesic"":false,""type"":""Point"",""coordinates"":[-13.364640723723976,15.637827550188426]}"
-0.4463715,39,0,train,"{""geodesic"":false,""type"":""Point"",""coordinates"":[-13.107812383994204,15.817310943955507]}"
-0.39923775,27,0,test,"{""geodesic"":false,""type"":""Point"",""coordinates"":[-13.341194694808456,15.554014734180074]}"
-0.5087743,56,0,train,"{""geodesic"":false,""type"":""Point"",""coordinates"":[-13.439021229249073,15.731342171265268]}"
-0.40668648,31,0,train,"{""geodesic"":false,""type"":""Point"",""coordinates"":[-13.069544152890714,15.580155708947952]}"
-0.41342115,32,0,train,"{""geodesic"":false,""type"":""Point"",""coordinates"":[-13.177880976155528,15.773113831976826]}"
-0.43325105,63,0,test,"{""geodesic"":false,""type"":""Point"",""coordinates"":[-13.012141806235476,15.61222556459102]}"
-0.11662925,19,0,train,"{""geodesic"":false,""type"":""Point"",""coordinates"":[-13.162519784797084,15.628664734290407]}"
-0.34697485,27,0,train,"{""geodesic"":false,""type"":""Point"",""coordinates"":[-13.374073034207232,15.756135673106966]}"
-0.3811206,44,0,train,"{""geodesic"":false,""type"":""Point"",""coordinates"":[-13.3851223122019,15.622735853415218]}"
-0.4466395,29,0,train,"{""geodesic"":false,""type"":""Point"",""coordinates"":[-13.402908954827469,15.690109499724182]}"
-0.41236183,23,0,test,"{""geodesic"":false,""type"":""Point"",""coordinates"":[-13.368144153332043,15.669627911246257]}"
-0.47341317,74,0,train,"{""geodesic"":false,""type"":""Point"",""coordinates"":[-13.389434225565674,15.391240004697616]}"
-0.39929163,25,0,train,"{""geodesic"":false,""type"":""Point"",""coordinates"":[-13.375690001718647,15.677712748803332]}"
-0.39868534,69,0,train,"{""geodesic"":false,""type"":""Point"",""coordinates"":[-13.378384947571005,15.390162026356673]}"
-0.29906762,17,0,train,"{""geodesic"":false,""type"":""Point"",""coordinates"":[-13.185157329956896,15.608452640397717]}"
-0.28304914,19,0,train,"{""geodesic"":false,""type"":""Point"",""coordinates"":[-13.2889127452727,15.602793254107764]}"
-0.46115747,68,0,train,"{""geodesic"":false,""type"":""Point"",""coordinates"":[-13.332840362666145,15.4286997520454]}"
-0.38808987,46,0,train,"{""geodesic"":false,""type"":""Point"",""coordinates"":[-13.109968340676092,15.816232965614562]}"
-0.5028688,84,0,train,"{""geodesic"":false,""type"":""Point"",""coordinates"":[-13.41126328696978,15.430047224971581]}"
-0.44331184,55,0,train,"{""geodesic"":false,""type"":""Point"",""coordinates"":[-13.149853539290998,15.689031521383239]}"
-0.19382782,15,0,train,"{""geodesic"":false,""type"":""Point"",""coordinates"":[-13.245793611634964,15.615728994199085]}"
-0.38343152,29,0,test,"{""geodesic"":false,""type"":""Point"",""coordinates"":[-13.397249568537514,15.729725203753853]}"
-0.30414048,19,0,test,"{""geodesic"":false,""type"":""Point"",""coordinates"":[-13.091103719709581,15.523831340633658]}"
-0.42704684,82,0,train,"{""geodesic"":false,""type"":""Point"",""coordinates"":[-13.455999388118931,15.583389643970783]}"
-0.43486592,41,0,train,"{""geodesic"":false,""type"":""Point"",""coordinates"":[-13.38916473098044,15.510087116786629]}"
-0.48068666,37,0,train,"{""geodesic"":false,""type"":""Point"",""coordinates"":[-13.164675741478971,15.727838741657202]}"
-0.44177634,68,0,test,"{""geodesic"":false,""type"":""Point"",""coordinates"":[-13.044750651049014,15.680138200070456]}"
-0.47982836,53,0,test,"{""geodesic"":false,""type"":""Point"",""coordinates"":[-13.413419243651667,15.498768344206724]}"
-0.35639408,65,0,train,"{""geodesic"":false,""type"":""Point"",""coordinates"":[-13.0326233947134,15.762334048567391]}"
-0.3447079,50,0,train,"{""geodesic"":false,""type"":""Point"",""coordinates"":[-13.08867826844246,15.79305643128428]}"
-0.3999403,33,0,train,"{""geodesic"":false,""type"":""Point"",""coordinates"":[-13.2889127452727,15.519519427269884]}"
-0.5137886,22,0,test,"{""geodesic"":false,""type"":""Point"",""coordinates"":[-13.30130949619355,15.537845059065923]}"
-0.44965982,44,0,test,"{""geodesic"":false,""type"":""Point"",""coordinates"":[-12.974412564302456,15.732689644191447]}"
-0.38375908,18,0,train,"{""geodesic"":false,""type"":""Point"",""coordinates"":[-13.30589090414256,15.57638278475465]}"
-0.33355206,22,0,test,"{""geodesic"":false,""type"":""Point"",""coordinates"":[-13.367335669576335,15.673131340854322]}"
-0.52209896,24,0,train,"{""geodesic"":false,""type"":""Point"",""coordinates"":[-13.323947041353362,15.525717802730309]}"
-0.40981576,72,0,train,"{""geodesic"":false,""type"":""Point"",""coordinates"":[-13.344159135246052,15.392587477623795]}"
-0.48729533,23,0,train,"{""geodesic"":false,""type"":""Point"",""coordinates"":[-13.112932781113686,15.611956070005784]}"
-0.3026928,62,0,train,"{""geodesic"":false,""type"":""Point"",""coordinates"":[-13.232318882373171,15.75397971642508]}"
-0.44139016,17,0,train,"{""geodesic"":false,""type"":""Point"",""coordinates"":[-13.377037474644826,15.713286034054466]}"
-0.32886901,68,0,train,"{""geodesic"":false,""type"":""Point"",""coordinates"":[-13.028311481349627,15.787936034164797]}"
-0.19032429,17,0,train,"{""geodesic"":false,""type"":""Point"",""coordinates"":[-13.035857329736231,15.531107694435027]}"
-0.45332342,72,0,train,"{""geodesic"":false,""type"":""Point"",""coordinates"":[-13.443333142612847,15.467506972319365]}"
-0.40238434,41,0,train,"{""geodesic"":false,""type"":""Point"",""coordinates"":[-13.385391806787137,15.674748308365738]}"
-0.31631774,18,0,train,"{""geodesic"":false,""type"":""Point"",""coordinates"":[-13.053104983191327,15.403097766447994]}"
-0.33048156,18,0,train,"{""geodesic"":false,""type"":""Point"",""coordinates"":[-13.133953358762083,15.517632965173233]}"
-0.5070235,56,0,train,"{""geodesic"":false,""type"":""Point"",""coordinates"":[-13.440099207590016,15.743469427600882]}"
-0.31828547,47,0,train,"{""geodesic"":false,""type"":""Point"",""coordinates"":[-13.150123033876234,15.815693976444091]}"
-0.31767648,80,0,train,"{""geodesic"":false,""type"":""Point"",""coordinates"":[-13.237169784907415,15.3858501129929]}"
-0.42979872,36,0,train,"{""geodesic"":false,""type"":""Point"",""coordinates"":[-13.146889098853404,15.669897405831492]}"
-0.42555138,76,0,train,"{""geodesic"":false,""type"":""Point"",""coordinates"":[-13.061189820748401,15.675826286706682]}"
-0.45670575,27,0,test,"{""geodesic"":false,""type"":""Point"",""coordinates"":[-13.399944514389873,15.801680258011826]}"
-0.50362694,50,0,train,"{""geodesic"":false,""type"":""Point"",""coordinates"":[-13.372456066695817,15.463464553540826]}"
-0.5041126,72,0,train,"{""geodesic"":false,""type"":""Point"",""coordinates"":[-13.436865272567186,15.58743206274932]}"
-0.48349154,47,0,train,"{""geodesic"":false,""type"":""Point"",""coordinates"":[-13.219113647696613,15.738888019651872]}"
-0.13275826,18,0,test,"{""geodesic"":false,""type"":""Point"",""coordinates"":[-13.073047582498779,15.478017261143563]}"
-0.36370036,48,0,train,"{""geodesic"":false,""type"":""Point"",""coordinates"":[-13.112932781113686,15.776347766999656]}"
-0.43241093,60,0,train,"{""geodesic"":false,""type"":""Point"",""coordinates"":[-13.42878043501011,15.592282965283566]}"
-0.50360954,33,0,train,"{""geodesic"":false,""type"":""Point"",""coordinates"":[-13.156051914751423,15.409565636493655]}"
-0.39692965,19,0,train,"{""geodesic"":false,""type"":""Point"",""coordinates"":[-13.378384947571005,15.706548669423569]}"
-0.49340037,23,0,train,"{""geodesic"":false,""type"":""Point"",""coordinates"":[-13.328797943887608,15.531377189020262]}"
-0.30447525,57,0,test,"{""geodesic"":false,""type"":""Point"",""coordinates"":[-13.079784947129676,15.797637839233289]}"
-0.4532411,20,0,test,"{""geodesic"":false,""type"":""Point"",""coordinates"":[-13.043672672708071,15.54000101574781]}"
-0.40839306,39,0,train,"{""geodesic"":false,""type"":""Point"",""coordinates"":[-13.399944514389873,15.727838741657202]}"
-0.3573487,34,0,train,"{""geodesic"":false,""type"":""Point"",""coordinates"":[-13.361676283286382,15.561560582566678]}"
-0.3717102,17,0,train,"{""geodesic"":false,""type"":""Point"",""coordinates"":[-13.09056473053911,15.554014734180074]}"
-0.32170475,61,0,train,"{""geodesic"":false,""type"":""Point"",""coordinates"":[-13.07035263664642,15.774461304903005]}"
-0.20696664,16,0,test,"{""geodesic"":false,""type"":""Point"",""coordinates"":[-13.190547221661612,15.575843795584179]}"
-0.38246438,53,0,train,"{""geodesic"":false,""type"":""Point"",""coordinates"":[-13.379462925911948,15.462386575199883]}"
-0.45118672,31,0,train,"{""geodesic"":false,""type"":""Point"",""coordinates"":[-13.172760579036046,15.457535672665637]}"
-0.3356798,51,0,train,"{""geodesic"":false,""type"":""Point"",""coordinates"":[-13.349010037780296,15.582581160215074]}"
-0.32871372,53,0,train,"{""geodesic"":false,""type"":""Point"",""coordinates"":[-13.054991445287977,15.75397971642508]}"
-0.3720573,58,0,train,"{""geodesic"":false,""type"":""Point"",""coordinates"":[-13.344698124416523,15.46184758602941]}"
-0.64633846,23,0,train,"{""geodesic"":false,""type"":""Point"",""coordinates"":[-13.087061300931044,15.464812026467007]}"
-0.39053956,44,0,train,"{""geodesic"":false,""type"":""Point"",""coordinates"":[-13.094876643902884,15.825665276097817]}"
-0.4734683,50,0,train,"{""geodesic"":false,""type"":""Point"",""coordinates"":[-13.430936391691997,15.683372135093284]}"
-0.46676528,49,0,train,"{""geodesic"":false,""type"":""Point"",""coordinates"":[-13.035048845980524,15.706548669423569]}"
-0.25681454,19,0,train,"{""geodesic"":false,""type"":""Point"",""coordinates"":[-13.24794956831685,15.630820690972293]}"
-0.5104146,27,0,train,"{""geodesic"":false,""type"":""Point"",""coordinates"":[-13.126946499545951,15.434898127505825]}"
-0.47247162,50,0,train,"{""geodesic"":false,""type"":""Point"",""coordinates"":[-13.180575922007886,15.374261845827759]}"
-0.37330964,44,0,train,"{""geodesic"":false,""type"":""Point"",""coordinates"":[-13.145272131341988,15.749128813890835]}"
-0.5264032,78,0,train,"{""geodesic"":false,""type"":""Point"",""coordinates"":[-13.453573936851809,15.414686033613137]}"
-0.44267255,39,0,train,"{""geodesic"":false,""type"":""Point"",""coordinates"":[-13.160902817285669,15.728647225412908]}"
-0.32810643,41,0,test,"{""geodesic"":false,""type"":""Point"",""coordinates"":[-13.313975741699636,15.492300474161063]}"
-0.4454395,45,0,train,"{""geodesic"":false,""type"":""Point"",""coordinates"":[-13.294033142392182,15.491491990405356]}"
-0.50225186,27,0,train,"{""geodesic"":false,""type"":""Point"",""coordinates"":[-13.346045597342702,15.547007874963942]}"
-0.522848,45,0,train,"{""geodesic"":false,""type"":""Point"",""coordinates"":[-13.101883503119016,15.743738922186116]}"
-0.40656823,66,0,train,"{""geodesic"":false,""type"":""Point"",""coordinates"":[-13.10430895438614,15.677712748803332]}"
-0.3618395,13,0,test,"{""geodesic"":false,""type"":""Point"",""coordinates"":[-13.0326233947134,15.493378452502007]}"
-0.46639192,75,0,train,"{""geodesic"":false,""type"":""Point"",""coordinates"":[-13.454382420607516,15.498229355036251]}"
-0.42305627,34,0,train,"{""geodesic"":false,""type"":""Point"",""coordinates"":[-13.361945777871618,15.537845059065923]}"
-0.42715523,25,0,train,"{""geodesic"":false,""type"":""Point"",""coordinates"":[-13.215340723503312,15.517093976002762]}"
-0.47101262,28,0,train,"{""geodesic"":false,""type"":""Point"",""coordinates"":[-13.168179171087036,15.420075925317853]}"
-0.50856006,41,0,test,"{""geodesic"":false,""type"":""Point"",""coordinates"":[-13.38970372015091,15.595516900306396]}"
-0.55700415,32,0,train,"{""geodesic"":false,""type"":""Point"",""coordinates"":[-13.397788557707987,15.651032784864983]}"
-0.3792178,69,0,train,"{""geodesic"":false,""type"":""Point"",""coordinates"":[-13.44306364802761,15.57045390387946]}"
-0.34123543,61,0,train,"{""geodesic"":false,""type"":""Point"",""coordinates"":[-13.345776102757466,15.455110221398515]}"
-0.4113066,16,0,test,"{""geodesic"":false,""type"":""Point"",""coordinates"":[-13.248219062902086,15.709243615275927]}"
-0.4340969,49,0,train,"{""geodesic"":false,""type"":""Point"",""coordinates"":[-13.409376824873128,15.483946142018752]}"
-0.51652735,20,0,train,"{""geodesic"":false,""type"":""Point"",""coordinates"":[-13.245524117049728,15.68040769465569]}"
-0.18143553,18,0,train,"{""geodesic"":false,""type"":""Point"",""coordinates"":[-13.256842889629633,15.575304806413707]}"
-0.3848164,44,0,test,"{""geodesic"":false,""type"":""Point"",""coordinates"":[-13.313167257943928,15.484215636603988]}"
-0.62222785,51,0,train,"{""geodesic"":false,""type"":""Point"",""coordinates"":[-13.46004180689747,15.738079535896164]}"
-0.5047077,17,0,train,"{""geodesic"":false,""type"":""Point"",""coordinates"":[-13.10808187857944,15.502810762985261]}"
-0.351717,39,0,train,"{""geodesic"":false,""type"":""Point"",""coordinates"":[-13.190547221661612,15.416841990295023]}"
-0.40604004,40,0,test,"{""geodesic"":false,""type"":""Point"",""coordinates"":[-13.161711301041377,15.819466900637392]}"
-0.52409524,43,0,train,"{""geodesic"":false,""type"":""Point"",""coordinates"":[-13.177880976155528,15.377765275435824]}"
-0.43853354,74,0,train,"{""geodesic"":false,""type"":""Point"",""coordinates"":[-13.282983864397512,15.421962387414505]}"
-0.31919125,21,0,train,"{""geodesic"":false,""type"":""Point"",""coordinates"":[-13.125599026619772,15.476939282802618]}"
-0.20202656,17,0,train,"{""geodesic"":false,""type"":""Point"",""coordinates"":[-13.298614550341192,15.749128813890835]}"
-0.44494697,45,0,test,"{""geodesic"":false,""type"":""Point"",""coordinates"":[-13.026964008423448,15.718945420344419]}"
-0.477107,24,0,train,"{""geodesic"":false,""type"":""Point"",""coordinates"":[-13.253339460021568,15.814077008932676]}"
-0.32007387,41,0,train,"{""geodesic"":false,""type"":""Point"",""coordinates"":[-13.20105751048581,15.452954264716627]}"
-0.33105683,37,0,test,"{""geodesic"":false,""type"":""Point"",""coordinates"":[-13.239864730759775,15.472088380268374]}"
-0.12244103,17,0,test,"{""geodesic"":false,""type"":""Point"",""coordinates"":[-13.23878675241883,15.575843795584179]}"
-0.42695954,86,0,train,"{""geodesic"":false,""type"":""Point"",""coordinates"":[-13.280827907715626,15.392856972209032]}"
-0.11035577,17,0,test,"{""geodesic"":false,""type"":""Point"",""coordinates"":[-13.333379351836617,15.752901738084136]}"
-0.5323161,65,0,train,"{""geodesic"":false,""type"":""Point"",""coordinates"":[-12.985461842297125,15.578538741436537]}"
-0.5863249,24,0,train,"{""geodesic"":false,""type"":""Point"",""coordinates"":[-13.135570326273498,15.425465817022571]}"
-0.45210558,42,0,train,"{""geodesic"":false,""type"":""Point"",""coordinates"":[-13.338499748956098,15.49957682796243]}"
-0.573437,59,0,train,"{""geodesic"":false,""type"":""Point"",""coordinates"":[-13.012141806235476,15.674478813780501]}"
-0.4284046,45,0,train,"{""geodesic"":false,""type"":""Point"",""coordinates"":[-13.20051852131534,15.40282827186276]}"
-0.44343996,22,0,train,"{""geodesic"":false,""type"":""Point"",""coordinates"":[-13.43659577798195,15.836445059507252]}"
-0.47039694,27,0,train,"{""geodesic"":false,""type"":""Point"",""coordinates"":[-13.325564008864777,15.562638560907622]}"
-0.4271165,92,0,train,"{""geodesic"":false,""type"":""Point"",""coordinates"":[-13.019418160036844,15.811921052250788]}"
-0.51343584,61,0,test,"{""geodesic"":false,""type"":""Point"",""coordinates"":[-13.443602637198083,15.71166906654305]}"
-0.43534636,74,0,train,"{""geodesic"":false,""type"":""Point"",""coordinates"":[-13.307507871653975,15.429238741215872]}"
-0.44902152,42,0,test,"{""geodesic"":false,""type"":""Point"",""coordinates"":[-13.034240362224816,15.719214914929655]}"
-0.4408371,31,0,train,"{""geodesic"":false,""type"":""Point"",""coordinates"":[-13.380810398838127,15.542156972429696]}"
-0.3870033,26,0,train,"{""geodesic"":false,""type"":""Point"",""coordinates"":[-13.248758052072558,15.75721365144791]}"
-0.4659514,18,0,test,"{""geodesic"":false,""type"":""Point"",""coordinates"":[-13.40533440609459,15.830516178632063]}"
-0.5300422,55,0,test,"{""geodesic"":false,""type"":""Point"",""coordinates"":[-13.42554649998728,15.535689102384035]}"
-0.44459307,50,0,train,"{""geodesic"":false,""type"":""Point"",""coordinates"":[-13.182192889519301,15.371566899975399]}"
-0.38484702,22,0,train,"{""geodesic"":false,""type"":""Point"",""coordinates"":[-13.285948304835106,15.570992893049933]}"
-0.4480165,18,0,train,"{""geodesic"":false,""type"":""Point"",""coordinates"":[-13.06199830450411,15.387736575089551]}"
-0.45588338,70,0,train,"{""geodesic"":false,""type"":""Point"",""coordinates"":[-13.446297583050441,15.429777730386345]}"
-0.5132644,25,0,train,"{""geodesic"":false,""type"":""Point"",""coordinates"":[-13.455190904363224,15.813538019762204]}"
-0.15754247,21,0,test,"{""geodesic"":false,""type"":""Point"",""coordinates"":[-13.302926463704965,15.746972857208947]}"
-0.47369388,60,0,test,"{""geodesic"":false,""type"":""Point"",""coordinates"":[-12.99947556072939,15.598211846158755]}"
-0.41966376,47,0,train,"{""geodesic"":false,""type"":""Point"",""coordinates"":[-13.197823575462982,15.400941809766108]}"
-0.32879725,37,0,train,"{""geodesic"":false,""type"":""Point"",""coordinates"":[-13.25522592211822,15.487449571626817]}"
-0.5831434,19,0,test,"{""geodesic"":false,""type"":""Point"",""coordinates"":[-13.164675741478971,15.48798856079729]}"
-0.3727908,21,0,train,"{""geodesic"":false,""type"":""Point"",""coordinates"":[-13.339308232711806,15.6421394635522]}"
-0.5111314,29,0,test,"{""geodesic"":false,""type"":""Point"",""coordinates"":[-13.038013286418119,15.54512141286729]}"
-0.28532374,6,0,train,"{""geodesic"":false,""type"":""Point"",""coordinates"":[-13.380271409667657,15.774191810317769]}"
-0.13341153,19,0,train,"{""geodesic"":false,""type"":""Point"",""coordinates"":[-13.186235308297839,15.644295420234085]}"
-0.40605173,43,0,train,"{""geodesic"":false,""type"":""Point"",""coordinates"":[-13.094607149317648,15.82674325443876]}"
-0.32823998,23,0,train,"{""geodesic"":false,""type"":""Point"",""coordinates"":[-13.226659496083217,15.637288561017954]}"
-0.47533068,36,0,train,"{""geodesic"":false,""type"":""Point"",""coordinates"":[-13.416653178674496,15.691995961820833]}"
-0.49614266,59,0,test,"{""geodesic"":false,""type"":""Point"",""coordinates"":[-12.989504261075664,15.780929174948666]}"
-0.5162278,44,0,train,"{""geodesic"":false,""type"":""Point"",""coordinates"":[-13.067927185379299,15.68768404845706]}"
-0.46309933,79,0,train,"{""geodesic"":false,""type"":""Point"",""coordinates"":[-13.391320687662326,15.423309860340684]}"
-0.38577768,72,0,train,"{""geodesic"":false,""type"":""Point"",""coordinates"":[-13.332570868080909,15.431125203312524]}"
-0.5490381,59,0,train,"{""geodesic"":false,""type"":""Point"",""coordinates"":[-13.049062564412788,15.600906792011113]}"
-0.46259782,49,0,train,"{""geodesic"":false,""type"":""Point"",""coordinates"":[-13.1250600374493,15.779581702022487]}"
-0.43399912,41,0,train,"{""geodesic"":false,""type"":""Point"",""coordinates"":[-13.015645235843541,15.731881160435739]}"
-0.36060545,81,0,train,"{""geodesic"":false,""type"":""Point"",""coordinates"":[-13.304273936631144,15.43193368706823]}"
-0.46794406,45,0,train,"{""geodesic"":false,""type"":""Point"",""coordinates"":[-12.954739459580239,15.754518705595551]}"
-0.4669547,35,0,test,"{""geodesic"":false,""type"":""Point"",""coordinates"":[-13.031006427201985,15.544312929111584]}"
-0.44153818,54,0,train,"{""geodesic"":false,""type"":""Point"",""coordinates"":[-13.420156608282563,15.554014734180074]}"
-0.46671507,79,0,train,"{""geodesic"":false,""type"":""Point"",""coordinates"":[-12.99112122858708,15.825665276097817]}"
-0.39783236,21,0,train,"{""geodesic"":false,""type"":""Point"",""coordinates"":[-13.0964936114143,15.512782062638989]}"
-0.42856193,51,0,train,"{""geodesic"":false,""type"":""Point"",""coordinates"":[-13.421773575793978,15.496073398354365]}"
-0.5249449,24,0,train,"{""geodesic"":false,""type"":""Point"",""coordinates"":[-13.380540904252891,15.814885492688383]}"
-0.45776656,68,0,test,"{""geodesic"":false,""type"":""Point"",""coordinates"":[-13.446567077635677,15.562908055492857]}"
-0.32367498,21,0,train,"{""geodesic"":false,""type"":""Point"",""coordinates"":[-13.135031337103026,15.474513831535496]}"
-0.38564909,76,0,train,"{""geodesic"":false,""type"":""Point"",""coordinates"":[-13.262232781334351,15.417380979465495]}"
-0.54115146,25,0,test,"{""geodesic"":false,""type"":""Point"",""coordinates"":[-13.329336933058078,15.5211363947813]}"
-0.43152797,46,0,train,"{""geodesic"":false,""type"":""Point"",""coordinates"":[-13.38781725805426,15.572340365976112]}"
-0.39214328,40,0,test,"{""geodesic"":false,""type"":""Point"",""coordinates"":[-13.225042528571803,15.450528813449505]}"
-0.4284533,49,0,test,"{""geodesic"":false,""type"":""Point"",""coordinates"":[-13.087869784686752,15.742121954674703]}"
-0.4849477,85,0,train,"{""geodesic"":false,""type"":""Point"",""coordinates"":[-13.32152159008624,15.384772134651957]}"
-0.4269097,43,0,train,"{""geodesic"":false,""type"":""Point"",""coordinates"":[-13.07816797961826,15.703584228985974]}"
-0.5525265,56,0,test,"{""geodesic"":false,""type"":""Point"",""coordinates"":[-13.269239640550483,15.449181340523326]}"
-0.4663581,27,0,train,"{""geodesic"":false,""type"":""Point"",""coordinates"":[-13.148506066364819,15.652919246961634]}"
-0.44578072,58,0,train,"{""geodesic"":false,""type"":""Point"",""coordinates"":[-13.10430895438614,15.681485672996635]}"
-0.3450634,38,0,train,"{""geodesic"":false,""type"":""Point"",""coordinates"":[-13.13745678837015,15.393934950549976]}"
-0.33547047,61,0,train,"{""geodesic"":false,""type"":""Point"",""coordinates"":[-13.066849207038354,15.768801918613052]}"
-0.33885154,14,0,test,"{""geodesic"":false,""type"":""Point"",""coordinates"":[-13.185696319127368,15.59066599777215]}"
-0.19700375,17,0,train,"{""geodesic"":false,""type"":""Point"",""coordinates"":[-13.247141084561143,15.681216178411399]}"
-0.42243746,23,0,train,"{""geodesic"":false,""type"":""Point"",""coordinates"":[-13.07951545254444,15.581233687288895]}"
-0.46930757,45,0,train,"{""geodesic"":false,""type"":""Point"",""coordinates"":[-13.103500470630431,15.685797586360408]}"
-0.30502144,17,0,train,"{""geodesic"":false,""type"":""Point"",""coordinates"":[-13.07116112040213,15.392856972209032]}"
-0.3707012,38,0,train,"{""geodesic"":false,""type"":""Point"",""coordinates"":[-12.978185488495757,15.743199933015646]}"
-0.3969119,41,0,train,"{""geodesic"":false,""type"":""Point"",""coordinates"":[-13.247141084561143,15.466698488563656]}"
-0.46283388,75,0,train,"{""geodesic"":false,""type"":""Point"",""coordinates"":[-13.053104983191327,15.66612448163819]}"
-0.5143765,47,0,train,"{""geodesic"":false,""type"":""Point"",""coordinates"":[-13.455190904363224,15.756405167692202]}"
-0.51980007,60,0,train,"{""geodesic"":false,""type"":""Point"",""coordinates"":[-13.452495958510866,15.53353314570215]}"
-0.42232004,80,0,train,"{""geodesic"":false,""type"":""Point"",""coordinates"":[-13.443872131783317,15.58689307357885]}"
-0.5304451,72,0,train,"{""geodesic"":false,""type"":""Point"",""coordinates"":[-13.444950110124262,15.431125203312524]}"
-0.43927938,60,0,train,"{""geodesic"":false,""type"":""Point"",""coordinates"":[-13.10161400853378,15.670975384172436]}"
-0.48884514,72,0,train,"{""geodesic"":false,""type"":""Point"",""coordinates"":[-12.966597221330616,15.831055167802536]}"
-0.48457262,84,0,test,"{""geodesic"":false,""type"":""Point"",""coordinates"":[-13.446028088465205,15.448372856767618]}"
-0.51089853,44,0,train,"{""geodesic"":false,""type"":""Point"",""coordinates"":[-13.408298846532185,15.514399030150404]}"
-0.4710136,28,0,train,"{""geodesic"":false,""type"":""Point"",""coordinates"":[-13.177611481570292,15.732689644191447]}"
-0.3268007,18,0,test,"{""geodesic"":false,""type"":""Point"",""coordinates"":[-13.083018882152507,15.582581160215074]}"
-0.49701703,59,0,train,"{""geodesic"":false,""type"":""Point"",""coordinates"":[-13.427702456669167,15.500924300888611]}"
-0.2947971,17,0,train,"{""geodesic"":false,""type"":""Point"",""coordinates"":[-13.037743791832883,15.481790185336864]}"
-0.3686128,81,0,train,"{""geodesic"":false,""type"":""Point"",""coordinates"":[-13.017801192525429,15.785780077482912]}"
-0.447547,22,0,test,"{""geodesic"":false,""type"":""Point"",""coordinates"":[-13.228276463594632,15.64725986067168]}"
-0.62843215,24,0,train,"{""geodesic"":false,""type"":""Point"",""coordinates"":[-13.26492772718671,15.534341629457856]}"
-0.32789683,58,0,train,"{""geodesic"":false,""type"":""Point"",""coordinates"":[-13.385391806787137,15.471549391097902]}"
-0.29816243,12,0,train,"{""geodesic"":false,""type"":""Point"",""coordinates"":[-13.260885308408172,15.643217441893142]}"
-0.4541447,44,0,test,"{""geodesic"":false,""type"":""Point"",""coordinates"":[-13.286217799420342,15.486910582456346]}"
-0.53392214,28,0,train,"{""geodesic"":false,""type"":""Point"",""coordinates"":[-13.177611481570292,15.438401557113892]}"
-0.49793878,52,0,test,"{""geodesic"":false,""type"":""Point"",""coordinates"":[-13.045559134804723,15.59982881367017]}"
-0.48796743,19,0,test,"{""geodesic"":false,""type"":""Point"",""coordinates"":[-13.280288918545153,15.551589282912952]}"
-0.4849742,20,0,train,"{""geodesic"":false,""type"":""Point"",""coordinates"":[-13.075742528351139,15.481790185336864]}"
-0.31835213,16,0,train,"{""geodesic"":false,""type"":""Point"",""coordinates"":[-13.122095597011706,15.502541268400025]}"
-0.39399022,27,0,train,"{""geodesic"":false,""type"":""Point"",""coordinates"":[-13.330414911399023,15.623544337170925]}"
-0.50356764,73,0,test,"{""geodesic"":false,""type"":""Point"",""coordinates"":[-13.44441112095379,15.607105167471538]}"
-0.32686907,71,0,train,"{""geodesic"":false,""type"":""Point"",""coordinates"":[-13.016992708769722,15.797368344648053]}"
-0.43653625,53,0,train,"{""geodesic"":false,""type"":""Point"",""coordinates"":[-13.13476184251779,15.755057694766023]}"
-0.35984454,83,0,train,"{""geodesic"":false,""type"":""Point"",""coordinates"":[-13.244176644123549,15.398516358498984]}"
-0.25346527,18,0,train,"{""geodesic"":false,""type"":""Point"",""coordinates"":[-13.20509992926435,15.591204986942623]}"
-0.44443518,63,0,train,"{""geodesic"":false,""type"":""Point"",""coordinates"":[-13.039899748514769,15.799254806744704]}"
-0.48227888,20,0,test,"{""geodesic"":false,""type"":""Point"",""coordinates"":[-13.38916473098044,15.74939830847607]}"
-0.4833642,79,0,train,"{""geodesic"":false,""type"":""Point"",""coordinates"":[-13.440368702175252,15.422501376584977]}"
-0.46493942,79,0,train,"{""geodesic"":false,""type"":""Point"",""coordinates"":[-13.41503621116308,15.40794866898224]}"
-0.53108317,63,0,train,"{""geodesic"":false,""type"":""Point"",""coordinates"":[-13.002978990337457,15.654805709058284]}"
-0.45433116,58,0,train,"{""geodesic"":false,""type"":""Point"",""coordinates"":[-12.964441264648729,15.79682935547758]}"
-0.45519632,35,0,train,"{""geodesic"":false,""type"":""Point"",""coordinates"":[-13.13610931544397,15.722448849952485]}"
-0.45122263,28,0,train,"{""geodesic"":false,""type"":""Point"",""coordinates"":[-13.23690029032218,15.803297225523242]}"
-0.46748358,47,0,train,"{""geodesic"":false,""type"":""Point"",""coordinates"":[-13.405873395265063,15.639444517699841]}"
-0.32440484,19,0,train,"{""geodesic"":false,""type"":""Point"",""coordinates"":[-13.287295777761285,15.714094517810173]}"
-0.15167406,17,0,test,"{""geodesic"":false,""type"":""Point"",""coordinates"":[-13.249027546657794,15.74158296550423]}"
-0.29619765,14,0,train,"{""geodesic"":false,""type"":""Point"",""coordinates"":[-13.059842347822222,15.532455167361206]}"
-0.3349135,94,0,train,"{""geodesic"":false,""type"":""Point"",""coordinates"":[-12.985731336882361,15.791978452943335]}"
-0.38476062,49,0,train,"{""geodesic"":false,""type"":""Point"",""coordinates"":[-13.114280254039866,15.665046503297248]}"
-0.49299458,49,0,test,"{""geodesic"":false,""type"":""Point"",""coordinates"":[-13.2889127452727,15.471279896512666]}"
-0.5010228,62,0,train,"{""geodesic"":false,""type"":""Point"",""coordinates"":[-13.005404441604579,15.610339102494368]}"
-0.4409061,41,0,train,"{""geodesic"":false,""type"":""Point"",""coordinates"":[-13.122365091596942,15.688762026798003]}"
-0.31060186,17,0,train,"{""geodesic"":false,""type"":""Point"",""coordinates"":[-13.298884044926428,15.77607827241442]}"
-0.37640858,17,0,train,"{""geodesic"":false,""type"":""Point"",""coordinates"":[-13.202943972582462,15.627856250534698]}"
-0.3845958,77,0,train,"{""geodesic"":false,""type"":""Point"",""coordinates"":[-13.462467258164592,15.675556792121446]}"
-0.52853715,63,0,train,"{""geodesic"":false,""type"":""Point"",""coordinates"":[-13.449801012658506,15.520327911025593]}"
-0.40588924,22,0,train,"{""geodesic"":false,""type"":""Point"",""coordinates"":[-13.292955164051238,15.539462026577338]}"
-0.43360606,20,0,train,"{""geodesic"":false,""type"":""Point"",""coordinates"":[-13.31559270921105,15.566141990515687]}"
-0.47991037,55,0,train,"{""geodesic"":false,""type"":""Point"",""coordinates"":[-12.966866715915852,15.805722676790364]}"
-0.35493204,59,0,train,"{""geodesic"":false,""type"":""Point"",""coordinates"":[-13.408837835702657,15.477208777387855]}"
-0.21113224,18,0,train,"{""geodesic"":false,""type"":""Point"",""coordinates"":[-13.338769243541334,15.670975384172436]}"
-0.41145858,40,0,test,"{""geodesic"":false,""type"":""Point"",""coordinates"":[-13.023460578815381,15.725682784975314]}"
-0.33865288,56,0,train,"{""geodesic"":false,""type"":""Point"",""coordinates"":[-13.056877907384628,15.825395781512581]}"
-0.26479116,20,0,train,"{""geodesic"":false,""type"":""Point"",""coordinates"":[-13.235283322810766,15.652649752376398]}"
-0.44949272,77,0,train,"{""geodesic"":false,""type"":""Point"",""coordinates"":[-13.459502817726998,15.492030979575826]}"
-0.34811407,45,0,train,"{""geodesic"":false,""type"":""Point"",""coordinates"":[-13.355747402411193,15.611956070005784]}"
-0.09184258,21,0,test,"{""geodesic"":false,""type"":""Point"",""coordinates"":[-13.282983864397512,15.835097586581073]}"
-0.3711151,58,0,train,"{""geodesic"":false,""type"":""Point"",""coordinates"":[-13.360867799530673,15.501463290059082]}"
-0.3094932,47,0,train,"{""geodesic"":false,""type"":""Point"",""coordinates"":[-13.099458051851894,15.769071413198288]}"
-0.36425418,17,0,train,"{""geodesic"":false,""type"":""Point"",""coordinates"":[-13.29672808824454,15.58689307357885]}"
-0.38475463,54,0,train,"{""geodesic"":false,""type"":""Point"",""coordinates"":[-13.085174838834392,15.769340907783523]}"
-0.40637416,81,0,train,"{""geodesic"":false,""type"":""Point"",""coordinates"":[-13.462197763579356,15.61545949961385]}"
-0.3137451,22,0,train,"{""geodesic"":false,""type"":""Point"",""coordinates"":[-13.090834225124347,15.49499542001342]}"
-0.43163374,41,0,train,"{""geodesic"":false,""type"":""Point"",""coordinates"":[-13.119400651159348,15.753440727254608]}"
-0.4958496,30,0,test,"{""geodesic"":false,""type"":""Point"",""coordinates"":[-13.122365091596942,15.625700293852812]}"
-0.4536883,78,0,test,"{""geodesic"":false,""type"":""Point"",""coordinates"":[-12.983575380200476,15.628664734290407]}"
-0.32855546,54,0,train,"{""geodesic"":false,""type"":""Point"",""coordinates"":[-13.33580480310374,15.478017261143563]}"
-0.3969069,46,0,train,"{""geodesic"":false,""type"":""Point"",""coordinates"":[-12.992738196098495,15.74751184637942]}"
-0.48766765,41,0,train,"{""geodesic"":false,""type"":""Point"",""coordinates"":[-13.153087474313828,15.760986575641212]}"
-0.34296453,21,0,train,"{""geodesic"":false,""type"":""Point"",""coordinates"":[-13.369491626258222,15.688762026798003]}"
-0.4032704,18,0,train,"{""geodesic"":false,""type"":""Point"",""coordinates"":[-13.38593079595761,15.721101377026304]}"
-0.44027993,37,0,train,"{""geodesic"":false,""type"":""Point"",""coordinates"":[-13.23420534446982,15.833211124484421]}"
-0.30820283,36,0,test,"{""geodesic"":false,""type"":""Point"",""coordinates"":[-13.345776102757466,15.61680697254003]}"
-0.3904441,21,0,train,"{""geodesic"":false,""type"":""Point"",""coordinates"":[-13.305082420386851,15.5782692468513]}"
-0.44733334,44,0,train,"{""geodesic"":false,""type"":""Point"",""coordinates"":[-13.083288376737743,15.734037117117627]}"
-0.46906963,65,0,test,"{""geodesic"":false,""type"":""Point"",""coordinates"":[-12.999206066144154,15.694960402258427]}"
-0.48814273,36,0,train,"{""geodesic"":false,""type"":""Point"",""coordinates"":[-13.064693250356468,15.616537477954793]}"
-0.44215047,68,0,train,"{""geodesic"":false,""type"":""Point"",""coordinates"":[-13.325833503450013,15.405253723129881]}"
-0.37434176,26,0,train,"{""geodesic"":false,""type"":""Point"",""coordinates"":[-13.392668160588505,15.751823759743193]}"
-0.47339094,49,0,train,"{""geodesic"":false,""type"":""Point"",""coordinates"":[-12.963363286307786,15.728377730827674]}"
-0.45843872,54,0,train,"{""geodesic"":false,""type"":""Point"",""coordinates"":[-13.198632059218689,15.721640366196777]}"
-0.55642426,50,0,test,"{""geodesic"":false,""type"":""Point"",""coordinates"":[-13.447106066806148,15.74158296550423]}"
-0.072452955,17,0,train,"{""geodesic"":false,""type"":""Point"",""coordinates"":[-13.060111842407458,15.44109650296625]}"
-0.40659204,70,0,test,"{""geodesic"":false,""type"":""Point"",""coordinates"":[-13.09703260058477,15.677712748803332]}"
-0.31755972,49,0,train,"{""geodesic"":false,""type"":""Point"",""coordinates"":[-13.094876643902884,15.784971593727203]}"
-0.06658152,17,0,train,"{""geodesic"":false,""type"":""Point"",""coordinates"":[-13.278671951033738,15.623274842585689]}"
-0.3177321,20,0,train,"{""geodesic"":false,""type"":""Point"",""coordinates"":[-13.270856608061898,15.729725203753853]}"
-0.18509877,16,0,train,"{""geodesic"":false,""type"":""Point"",""coordinates"":[-13.260615813822936,15.755596683936496]}"
-0.49915943,33,0,train,"{""geodesic"":false,""type"":""Point"",""coordinates"":[-13.0717001095726,15.608452640397717]}"
-0.2830631,14,0,train,"{""geodesic"":false,""type"":""Point"",""coordinates"":[-13.260615813822936,15.64537339857503]}"
-0.17596303,15,0,train,"{""geodesic"":false,""type"":""Point"",""coordinates"":[-13.13745678837015,15.4782867557288]}"
-0.3624441,80,0,train,"{""geodesic"":false,""type"":""Point"",""coordinates"":[-13.330414911399023,15.439479535454835]}"
-0.44596338,81,0,train,"{""geodesic"":false,""type"":""Point"",""coordinates"":[-13.405873395265063,15.403636755618466]}"
-0.4426869,49,0,train,"{""geodesic"":false,""type"":""Point"",""coordinates"":[-13.155782420166187,15.804375203864184]}"
-0.5011825,64,0,train,"{""geodesic"":false,""type"":""Point"",""coordinates"":[-13.226659496083217,15.39043152094191]}"
-0.40705857,49,0,train,"{""geodesic"":false,""type"":""Point"",""coordinates"":[-13.104039459800903,15.830516178632063]}"
-0.32538405,55,0,train,"{""geodesic"":false,""type"":""Point"",""coordinates"":[-13.360059315774967,15.40794866898224]}"
-0.43980947,39,0,train,"{""geodesic"":false,""type"":""Point"",""coordinates"":[-13.234744333640293,15.739696503407579]}"
-0.37580103,54,0,test,"{""geodesic"":false,""type"":""Point"",""coordinates"":[-13.359520326604494,15.430855708727288]}"
-0.59004706,42,0,train,"{""geodesic"":false,""type"":""Point"",""coordinates"":[-12.95393097582453,15.7383490304814]}"
-0.5158589,23,0,train,"{""geodesic"":false,""type"":""Point"",""coordinates"":[-13.085713828004865,15.541617983259226]}"
-0.52092177,31,0,train,"{""geodesic"":false,""type"":""Point"",""coordinates"":[-13.391320687662326,15.550241809986773]}"
-0.37905264,50,0,train,"{""geodesic"":false,""type"":""Point"",""coordinates"":[-13.368144153332043,15.625969788438049]}"
-0.5135546,32,0,train,"{""geodesic"":false,""type"":""Point"",""coordinates"":[-13.361945777871618,15.56533350675998]}"
-0.43729272,57,0,train,"{""geodesic"":false,""type"":""Point"",""coordinates"":[-13.221539098963737,15.412260582346013]}"
-0.35997993,19,0,train,"{""geodesic"":false,""type"":""Point"",""coordinates"":[-13.374612023377702,15.699002821036965]}"
-0.40578815,72,0,train,"{""geodesic"":false,""type"":""Point"",""coordinates"":[-13.065501734112175,15.676904265047625]}"
-0.4373938,32,0,train,"{""geodesic"":false,""type"":""Point"",""coordinates"":[-13.17249108445081,15.732689644191447]}"
-0.48731676,41,0,train,"{""geodesic"":false,""type"":""Point"",""coordinates"":[-13.337960759785627,15.49122249582012]}"
-0.47122598,48,0,train,"{""geodesic"":false,""type"":""Point"",""coordinates"":[-13.244176644123549,15.836984048677724]}"
-0.41864666,43,0,train,"{""geodesic"":false,""type"":""Point"",""coordinates"":[-13.310741806676806,15.500654806303375]}"
-0.4504773,72,0,train,"{""geodesic"":false,""type"":""Point"",""coordinates"":[-12.996511120291796,15.803027730938005]}"
-0.36095574,21,0,train,"{""geodesic"":false,""type"":""Point"",""coordinates"":[-13.3137062471144,15.75397971642508]}"
-0.1777324,23,0,train,"{""geodesic"":false,""type"":""Point"",""coordinates"":[-13.049332058998024,15.52760426482696]}"
-0.42134297,16,0,train,"{""geodesic"":false,""type"":""Point"",""coordinates"":[-13.29349415322171,15.759639102715033]}"
-0.34391597,18,0,test,"{""geodesic"":false,""type"":""Point"",""coordinates"":[-13.094876643902884,15.478556250314034]}"
-0.4617254,20,0,train,"{""geodesic"":false,""type"":""Point"",""coordinates"":[-13.150931517631943,15.471279896512666]}"
-0.32587895,80,0,train,"{""geodesic"":false,""type"":""Point"",""coordinates"":[-13.33580480310374,15.438940546284364]}"
-0.36439714,44,0,train,"{""geodesic"":false,""type"":""Point"",""coordinates"":[-13.345506608172231,15.592282965283566]}"
-0.3474368,60,0,test,"{""geodesic"":false,""type"":""Point"",""coordinates"":[-13.073047582498779,15.786858055823854]}"
-0.46631935,32,0,test,"{""geodesic"":false,""type"":""Point"",""coordinates"":[-13.309394333750626,15.522753362292715]}"
-0.3535496,38,0,train,"{""geodesic"":false,""type"":""Point"",""coordinates"":[-13.19593711336633,15.69738585352555]}"
-0.42952898,78,0,test,"{""geodesic"":false,""type"":""Point"",""coordinates"":[-13.445219604709497,15.435437116676297]}"
-0.37119222,23,0,train,"{""geodesic"":false,""type"":""Point"",""coordinates"":[-13.135300831688262,15.43597610584677]}"
-0.45059806,57,0,train,"{""geodesic"":false,""type"":""Point"",""coordinates"":[-13.150123033876234,15.709513109861163]}"
-0.54550636,26,0,train,"{""geodesic"":false,""type"":""Point"",""coordinates"":[-13.080862925470619,15.597942351573518]}"
-0.4620158,22,0,test,"{""geodesic"":false,""type"":""Point"",""coordinates"":[-13.296458593659304,15.82997718946159]}"
-0.36548918,17,0,train,"{""geodesic"":false,""type"":""Point"",""coordinates"":[-13.17518603030317,15.604949210789652]}"
-0.4008905,61,0,train,"{""geodesic"":false,""type"":""Point"",""coordinates"":[-13.125599026619772,15.794673398795695]}"
-0.36873925,19,0,train,"{""geodesic"":false,""type"":""Point"",""coordinates"":[-13.302926463704965,15.778503723681542]}"
-0.117641605,19,0,train,"{""geodesic"":false,""type"":""Point"",""coordinates"":[-13.258729351726284,15.617615456295736]}"
-0.375198,21,0,train,"{""geodesic"":false,""type"":""Point"",""coordinates"":[-13.168987654842745,15.486371593285874]}"
-0.44736898,50,0,train,"{""geodesic"":false,""type"":""Point"",""coordinates"":[-13.267622673039067,15.457805167250873]}"
-0.47158855,39,0,train,"{""geodesic"":false,""type"":""Point"",""coordinates"":[-13.421234586623505,15.694151918502719]}"
-0.23449524,18,0,train,"{""geodesic"":false,""type"":""Point"",""coordinates"":[-13.217227185599963,15.55105029374248]}"
-0.46424377,82,0,train,"{""geodesic"":false,""type"":""Point"",""coordinates"":[-13.399675019804638,15.409565636493655]}"
-0.2501885,19,0,test,"{""geodesic"":false,""type"":""Point"",""coordinates"":[-13.341464189393692,15.686606070116115]}"
-0.38723713,58,0,train,"{""geodesic"":false,""type"":""Point"",""coordinates"":[-13.13422285334732,15.802219247182299]}"
-0.45260286,44,0,train,"{""geodesic"":false,""type"":""Point"",""coordinates"":[-13.395363106440865,15.480712206995921]}"
-0.29586998,17,0,test,"{""geodesic"":false,""type"":""Point"",""coordinates"":[-13.033701373054344,15.428969246630636]}"
-0.63276297,22,0,train,"{""geodesic"":false,""type"":""Point"",""coordinates"":[-13.199710037559631,15.497151376695308]}"
-0.4160534,57,0,train,"{""geodesic"":false,""type"":""Point"",""coordinates"":[-13.006212925360288,15.761525564811684]}"
-0.30590644,33,0,train,"{""geodesic"":false,""type"":""Point"",""coordinates"":[-13.236091806566472,15.458883145591816]}"
-0.4543651,30,0,train,"{""geodesic"":false,""type"":""Point"",""coordinates"":[-13.289990723613643,15.518171954343705]}"
-0.5613821,27,0,train,"{""geodesic"":false,""type"":""Point"",""coordinates"":[-13.312089279602985,15.541078994088753]}"
-0.29526404,13,0,train,"{""geodesic"":false,""type"":""Point"",""coordinates"":[-13.113741264869393,15.581503181874131]}"
-0.41271058,39,0,train,"{""geodesic"":false,""type"":""Point"",""coordinates"":[-13.224234044816095,15.723526828293428]}"
-0.37568793,53,0,train,"{""geodesic"":false,""type"":""Point"",""coordinates"":[-13.334187835592324,15.472088380268374]}"
-0.4311072,41,0,test,"{""geodesic"":false,""type"":""Point"",""coordinates"":[-13.350896499876947,15.577460763095594]}"
-0.5336351,85,0,train,"{""geodesic"":false,""type"":""Point"",""coordinates"":[-13.421773575793978,15.42681328994875]}"
-0.13564259,18,0,train,"{""geodesic"":false,""type"":""Point"",""coordinates"":[-13.043942167293308,15.522483867707479]}"
-0.4301445,46,0,train,"{""geodesic"":false,""type"":""Point"",""coordinates"":[-13.401561481901288,15.577191268510358]}"
-0.46601763,50,0,train,"{""geodesic"":false,""type"":""Point"",""coordinates"":[-13.207525380531472,15.400672315180872]}"
-0.3256812,20,0,train,"{""geodesic"":false,""type"":""Point"",""coordinates"":[-13.046098123975193,15.387467080504315]}"
-0.32529768,42,0,test,"{""geodesic"":false,""type"":""Point"",""coordinates"":[-13.29672808824454,15.50227177381479]}"
-0.35787165,38,0,test,"{""geodesic"":false,""type"":""Point"",""coordinates"":[-13.284870326494163,15.490144517479177]}"
-0.49080756,53,0,train,"{""geodesic"":false,""type"":""Point"",""coordinates"":[-13.031006427201985,15.639714012285076]}"
-0.43968546,52,0,train,"{""geodesic"":false,""type"":""Point"",""coordinates"":[-13.08733079551628,15.794673398795695]}"
-0.31940705,41,0,train,"{""geodesic"":false,""type"":""Point"",""coordinates"":[-13.361676283286382,15.624891810097104]}"
-0.47379354,54,0,test,"{""geodesic"":false,""type"":""Point"",""coordinates"":[-13.427163467498694,15.677982243388568]}"
-0.28555837,46,0,train,"{""geodesic"":false,""type"":""Point"",""coordinates"":[-13.191894694587793,15.464003542711298]}"
-0.46192372,64,0,train,"{""geodesic"":false,""type"":""Point"",""coordinates"":[-13.060381336992695,15.656961665740171]}"
-0.30207616,22,0,test,"{""geodesic"":false,""type"":""Point"",""coordinates"":[-13.307238377068739,15.704662207326917]}"
-0.2792005,20,0,train,"{""geodesic"":false,""type"":""Point"",""coordinates"":[-13.369222131672986,15.825126286927345]}"
-0.43952993,35,0,test,"{""geodesic"":false,""type"":""Point"",""coordinates"":[-13.382696860934779,15.573687838902291]}"
-0.4231385,93,0,train,"{""geodesic"":false,""type"":""Point"",""coordinates"":[-12.994085669024674,15.837253543262959]}"
-0.4567891,45,0,train,"{""geodesic"":false,""type"":""Point"",""coordinates"":[-13.187313286638783,15.408218163567476]}"
-0.36240533,41,0,train,"{""geodesic"":false,""type"":""Point"",""coordinates"":[-13.242020687441661,15.44891184593809]}"
-0.42032367,43,0,train,"{""geodesic"":false,""type"":""Point"",""coordinates"":[-13.079245957959204,15.723796322878664]}"
-0.49090844,47,0,train,"{""geodesic"":false,""type"":""Point"",""coordinates"":[-13.1927031783435,15.395282423476155]}"
-0.40426716,25,0,train,"{""geodesic"":false,""type"":""Point"",""coordinates"":[-13.156321409336659,15.413338560686958]}"
-0.31913698,62,0,train,"{""geodesic"":false,""type"":""Point"",""coordinates"":[-13.064154261185996,15.794403904210458]}"
-0.42737293,42,0,train,"{""geodesic"":false,""type"":""Point"",""coordinates"":[-13.24148169827119,15.449181340523326]}"
-0.47251192,51,0,train,"{""geodesic"":false,""type"":""Point"",""coordinates"":[-12.971448123864862,15.781468164119136]}"
-0.37232444,47,0,train,"{""geodesic"":false,""type"":""Point"",""coordinates"":[-13.191086210832085,15.478017261143563]}"
-0.16238113,16,0,train,"{""geodesic"":false,""type"":""Point"",""coordinates"":[-13.209950831798595,15.681755167581871]}"
-0.47030616,80,0,train,"{""geodesic"":false,""type"":""Point"",""coordinates"":[-13.435517799641007,15.462117080614647]}"
-0.5246244,45,0,test,"{""geodesic"":false,""type"":""Point"",""coordinates"":[-13.17976743825218,15.393934950549976]}"
-0.4382263,30,0,test,"{""geodesic"":false,""type"":""Point"",""coordinates"":[-13.073047582498779,15.581233687288895]}"
-0.48715222,77,0,train,"{""geodesic"":false,""type"":""Point"",""coordinates"":[-13.437134767152422,15.463195058955591]}"
-0.447611,57,0,train,"{""geodesic"":false,""type"":""Point"",""coordinates"":[-13.424468521646336,15.605488199960122]}"
-0.36180234,28,0,train,"{""geodesic"":false,""type"":""Point"",""coordinates"":[-13.390512203906619,15.68957051055371]}"
-0.5389229,48,0,train,"{""geodesic"":false,""type"":""Point"",""coordinates"":[-13.131258412909725,15.375878813339174]}"
-0.39053828,24,0,train,"{""geodesic"":false,""type"":""Point"",""coordinates"":[-13.386200290542845,15.719484409514891]}"
-0.41970408,66,0,train,"{""geodesic"":false,""type"":""Point"",""coordinates"":[-13.1002665356076,15.672861846269086]}"
-0.54600894,40,0,train,"{""geodesic"":false,""type"":""Point"",""coordinates"":[-13.37353404503676,15.481520690751628]}"
-0.47529453,61,0,test,"{""geodesic"":false,""type"":""Point"",""coordinates"":[-12.957434405432597,15.696846864355079]}"
-0.5316286,66,0,train,"{""geodesic"":false,""type"":""Point"",""coordinates"":[-13.000284044485099,15.633515636824653]}"
-0.2909032,21,0,train,"{""geodesic"":false,""type"":""Point"",""coordinates"":[-13.31828765506341,15.71625047449206]}"
-0.3839964,24,0,train,"{""geodesic"":false,""type"":""Point"",""coordinates"":[-13.328797943887608,15.560213109640499]}"
-0.41684958,52,0,train,"{""geodesic"":false,""type"":""Point"",""coordinates"":[-13.23043242027652,15.50227177381479]}"
-0.32392162,44,0,train,"{""geodesic"":false,""type"":""Point"",""coordinates"":[-13.273821048499492,15.524909318974602]}"
-0.44399348,51,0,train,"{""geodesic"":false,""type"":""Point"",""coordinates"":[-13.40344794399794,15.60818314581248]}"
-0.4414457,30,0,train,"{""geodesic"":false,""type"":""Point"",""coordinates"":[-13.200788015900576,15.825665276097817]}"
-0.4778666,25,0,test,"{""geodesic"":false,""type"":""Point"",""coordinates"":[-13.394824117270392,15.748589824720362]}"
-0.47294644,30,0,test,"{""geodesic"":false,""type"":""Point"",""coordinates"":[-13.177880976155528,15.434898127505825]}"
-0.40672576,74,0,test,"{""geodesic"":false,""type"":""Point"",""coordinates"":[-13.328258954717136,15.40148079893658]}"
-0.28655434,22,0,test,"{""geodesic"":false,""type"":""Point"",""coordinates"":[-13.075473033765903,15.554014734180074]}"
-0.46994865,50,0,train,"{""geodesic"":false,""type"":""Point"",""coordinates"":[-13.204291445508641,15.40794866898224]}"
-0.32870677,23,0,train,"{""geodesic"":false,""type"":""Point"",""coordinates"":[-13.021843611303966,15.5068531817638]}"
-0.43009135,45,0,test,"{""geodesic"":false,""type"":""Point"",""coordinates"":[-13.090295235953874,15.637827550188426]}"
-0.4452343,27,0,train,"{""geodesic"":false,""type"":""Point"",""coordinates"":[-13.184079351615953,15.739965997992815]}"
-0.36548853,41,0,train,"{""geodesic"":false,""type"":""Point"",""coordinates"":[-13.161711301041377,15.804105709278948]}"
-0.42140496,24,0,train,"{""geodesic"":false,""type"":""Point"",""coordinates"":[-13.384852817616666,15.686067080945644]}"
